country,date,strat,type,median,mean,sd,lower_90,lower_50,lower_20,upper_20,upper_50,upper_90
Austria,2020-11-01,,estimate,1.07820173333052,1.08532654441519,0.0905661360157321,0.949672279061408,1.02153456103446,1.05640423292356,1.10129207919086,1.14034980027149,1.24159152224114
Austria,2020-11-02,,estimate,1.0661567547826,1.07108582646378,0.0795086646588884,0.949834117420188,1.01597705429056,1.04673232744469,1.08591922211858,1.12088419590318,1.20909420815184
Austria,2020-11-03,,estimate,1.05272477634646,1.05593897257523,0.0693611106589868,0.948074989311465,1.00816478721946,1.03599871222962,1.06943735539177,1.10035330994855,1.17510502669291
Austria,2020-11-04,,estimate,1.03794749024984,1.03997404327937,0.060147822896808,0.946130269147196,0.998554511859211,1.02307693063385,1.05287088231744,1.07956427455326,1.14304140820611
Austria,2020-11-05,,estimate,1.02164437121129,1.02332458165131,0.0518881931056803,0.940413890529013,0.988143414054371,1.00878064986226,1.03486028755178,1.05782300640424,1.11191094709053
Austria,2020-11-06,,estimate,1.00493808992902,1.00616562384882,0.0446134005753563,0.934729583920675,0.975972135186549,0.993590506408338,1.01644609589949,1.0357858175043,1.08076187564071
Austria,2020-11-07,,estimate,0.987867990408208,0.988705882118695,0.0383791484122879,0.928149770133829,0.962318434669573,0.977914730225424,0.997346026186075,1.01374493576309,1.05317238649018
Austria,2020-11-08,,estimate,0.970348318646465,0.971177190563768,0.0332665801396059,0.919667534539553,0.948628666958913,0.96197868537706,0.978673373847798,0.992193579131615,1.0272949414149
Austria,2020-11-09,,estimate,0.95312321809026,0.953822639236394,0.0293621731411594,0.908045903901438,0.933888962872029,0.945371964533479,0.960299815150115,0.971964442981515,1.00434670080385
Austria,2020-11-10,,estimate,0.936006855245782,0.936884794941416,0.0267092788042805,0.895599297830712,0.918698361459366,0.929875365017234,0.942512160003253,0.954003737111482,0.982999921092882
Austria,2020-11-11,,estimate,0.92043879257229,0.920595134034791,0.0252438016958235,0.880246149111135,0.903795065165539,0.91410294067005,0.926534066337806,0.936438377743946,0.96281061690241
Austria,2020-11-12,,estimate,0.90585265783571,0.905165450762166,0.0247616489775623,0.86443029469305,0.88930551438526,0.899228670127216,0.911806450440884,0.921238389932385,0.944853991431003
Austria,2020-11-13,,estimate,0.891675432422877,0.890781656911954,0.0249590686984901,0.848400423534086,0.875357490280721,0.885523208235913,0.898151815930262,0.907132761502466,0.929538187892992
Austria,2020-11-14,,estimate,0.878669820127736,0.877600079380125,0.0255178613385341,0.833222394486685,0.86236052354333,0.872651491494051,0.885245450355282,0.894771897149968,0.916789059449079
Austria,2020-11-15,,estimate,0.867453096237621,0.865746078883408,0.0261727278098885,0.82010810407203,0.850064386005488,0.861328111009402,0.873583168631121,0.88320736578553,0.905860507579123
Austria,2020-11-16,,estimate,0.857478812362392,0.855314558919812,0.0267368542252862,0.808671425810864,0.838881724738004,0.850981988734392,0.863666350471523,0.873661878582943,0.895822257543511
Austria,2020-11-17,,estimate,0.848637071670717,0.846371748754742,0.027099618118665,0.798472837023712,0.829721469161489,0.841852777428761,0.85489984547265,0.864797590416453,0.887055399276627
Austria,2020-11-18,,estimate,0.841204067405678,0.838957580275478,0.0272137753189271,0.791271953315935,0.822086874931348,0.834182919293268,0.84755407560683,0.857462796281643,0.879721230409401
Austria,2020-11-19,,estimate,0.834593184124086,0.833088060585395,0.0270804392078903,0.785908352198324,0.816796987457163,0.828507461176211,0.841150840756716,0.851705002159091,0.873798084925883
Austria,2020-11-20,,estimate,0.830203044425353,0.828757241936843,0.0267343852155191,0.783263729890096,0.812759391732962,0.823897180131157,0.83640889667857,0.847054020814745,0.869750456570054
Austria,2020-11-21,,estimate,0.827146350342842,0.825938635141067,0.0262308369506621,0.78005966826069,0.810040353873598,0.820912255746738,0.833347285334526,0.843717961902408,0.866208060671098
Austria,2020-11-22,,estimate,0.825785982938059,0.82458611933035,0.0256352042610419,0.780396613450865,0.809344726878772,0.81942252452371,0.83169961522836,0.841725273420738,0.864238837237758
Austria,2020-11-23,,estimate,0.825733160530687,0.824634518204713,0.0250170587685187,0.782097491945765,0.809245348734928,0.8192965121067,0.831620238660984,0.841048600325616,0.863392540558503
Austria,2020-11-24,,estimate,0.826558865494867,0.826000043416321,0.0244479105980835,0.784209925689999,0.811178195463045,0.820855088473143,0.832979153860646,0.841727308658773,0.864751040011964
Austria,2020-11-25,,estimate,0.829002409368324,0.828580798678613,0.0239995770613569,0.787825180388465,0.813826621390733,0.823488234290841,0.834891886949769,0.844178224859951,0.866657084590679
Austria,2020-11-26,,estimate,0.832528851878334,0.832257552400218,0.023738222607789,0.793323493957548,0.817640239436764,0.82709699834626,0.837947317734402,0.847477387838026,0.870378281612459
Austria,2020-11-27,,estimate,0.836791106301512,0.836895046684608,0.0237111564059336,0.798868743022322,0.822220024633123,0.831475302055675,0.842041339637221,0.851702917481811,0.875644370601199
Austria,2020-11-28,,estimate,0.841706551808742,0.842344183865033,0.0239297419295715,0.805471948747753,0.827189072600051,0.836764954824787,0.847069542815952,0.856643673210819,0.88195930228475
Austria,2020-11-29,,estimate,0.847452323974122,0.848445444370709,0.0243580219186262,0.811214821806631,0.832643252169012,0.841982389307974,0.852726613943768,0.862405453077967,0.889571112164491
Austria,2020-11-30,,estimate,0.853862169209807,0.855033773474696,0.0249159838940497,0.817679121536443,0.83894870532371,0.847900492288734,0.859149791394375,0.868945950535753,0.897877365035796
Austria,2020-12-01,,estimate,0.860477760691053,0.861944917588677,0.0254977387167834,0.82429127353501,0.845392926925771,0.854338331926098,0.8658498593852,0.875685377768876,0.906809414800076
Austria,2020-12-02,,estimate,0.867160882702421,0.869022857213399,0.0259962518380889,0.8308857415598,0.851868630597909,0.861295641441592,0.873172164072096,0.882838669362702,0.914846709369008
Austria,2020-12-03,,estimate,0.874004902917469,0.876127682353987,0.026325132870147,0.837731289312453,0.858736149150721,0.868128949257674,0.880076194572861,0.890243461175881,0.92272392570944
Austria,2020-12-04,,estimate,0.881199849001703,0.883143076376456,0.0264332755485021,0.843396601771394,0.865944531301677,0.875286219175278,0.886990983399623,0.89761287825593,0.929654594752522
Austria,2020-12-05,,estimate,0.888162412359406,0.889982536411405,0.026313783347863,0.850402490731638,0.87311164044401,0.882277911153153,0.894020153822935,0.904306723988364,0.936053804167804
Austria,2020-12-06,,estimate,0.895169073972425,0.896593525823702,0.0260098624409866,0.856961862341424,0.88015933716063,0.889683843506754,0.900888671259277,0.911198786813656,0.941674622709556
Austria,2020-12-07,,estimate,0.901957162446561,0.902958894595874,0.0256162296394087,0.863116459134164,0.887021572725301,0.896344457903974,0.907783873087073,0.918080852084975,0.946557682342212
Austria,2020-12-08,,estimate,0.909016106295654,0.909095132213764,0.025268329855083,0.869020636675895,0.893549373634709,0.902499460055125,0.914528956077759,0.924044566380365,0.950936686025499
Austria,2020-12-09,,estimate,0.915077175193647,0.91504736859816,0.0251103205711349,0.875213247336594,0.899426600239312,0.909354751044141,0.920949947008465,0.930603138211795,0.95560027604738
Austria,2020-12-10,,estimate,0.921348317030993,0.920881488800321,0.0252436972587077,0.87932125824481,0.905365236240798,0.915615485424759,0.927144092955117,0.937069679723244,0.960247603574548
Austria,2020-12-11,,estimate,0.927530022509387,0.926674163599084,0.0256789082173042,0.883796135297583,0.911454822525904,0.92141074352072,0.933424247216272,0.943423727177026,0.966128778991367
Austria,2020-12-12,,estimate,0.93370688494923,0.932501873935777,0.0263209395043334,0.886600507137876,0.917439899602225,0.927936094828288,0.939576749354984,0.950054569860367,0.972332272224575
Austria,2020-12-13,,estimate,0.94031643474219,0.938430037828511,0.0269989791458771,0.891892185162318,0.9234730241313,0.934172639643948,0.94614588224977,0.956303194338157,0.978646880529757
Austria,2020-12-14,,estimate,0.946621658724588,0.944503160818018,0.0275205509649839,0.895532471088588,0.929252927533465,0.940471095524249,0.952750288380803,0.962769329979362,0.985076740589297
Austria,2020-12-15,,estimate,0.953124894280083,0.950736634028333,0.027724398269489,0.90162350631839,0.936221712037856,0.946694211897742,0.959231018531559,0.968898746312963,0.99100341784866
Austria,2020-12-16,,estimate,0.959528022220173,0.957110524165065,0.0275206626059781,0.908247553035567,0.942891659830604,0.953386371256367,0.965297609187261,0.97487993478251,0.997755672114435
Austria,2020-12-17,,estimate,0.965601648081713,0.963565533073354,0.0269191211861893,0.917126851405496,0.949155614704369,0.959552022288718,0.971398329429009,0.981021907857948,1.00335113129107
Austria,2020-12-18,,estimate,0.971527915084059,0.970001293620757,0.0260470860113245,0.926204422967226,0.955676954817377,0.965396969134527,0.977352378341686,0.987152745567566,1.00922376996093
Austria,2020-12-19,,estimate,0.976904360045324,0.976277291700664,0.0251496270150994,0.935496684552863,0.961783832930482,0.970971225463279,0.982656830167149,0.992878581726893,1.01513899513667
Austria,2020-12-20,,estimate,0.982168182019988,0.982216869752156,0.0245500978889121,0.942855520718842,0.967014820102233,0.976601639891386,0.988097930540602,0.997894223403138,1.0214410716772
Austria,2020-12-21,,estimate,0.987092252177027,0.98761483142808,0.0245464215226417,0.949336010692068,0.971688814395856,0.981243800610485,0.992808114340892,1.00274744603644,1.02799193214738
Austria,2020-12-22,,estimate,0.990534147925251,0.992248983572708,0.0252673233147005,0.95444387321139,0.975574447393196,0.984768948018364,0.996897257006175,1.00742402920493,1.03516835354722
Austria,2020-12-23,,estimate,0.993255715446275,0.995895447765124,0.0265922523420638,0.957398952869143,0.978154846739132,0.987663490123138,0.999812663139766,1.0109857982545,1.04139994283154
Austria,2020-12-24,,estimate,0.995172801999423,0.998346817934439,0.0282093302467978,0.958109171719847,0.979999699723226,0.989176662503127,1.00143672215697,1.01336914240096,1.04871567641852
Austria,2020-12-25,,estimate,0.995559800237211,0.999431449100312,0.0297486303840935,0.958069857949702,0.979720732678003,0.989384547108207,1.00240000143993,1.01472211245402,1.05311085114555
Austria,2020-12-26,,estimate,0.99448838409389,0.999031610017793,0.0308896452051789,0.957503557813613,0.978654752670765,0.988002524080612,1.00180105613866,1.01427622635476,1.05515622019713
Austria,2020-12-27,,estimate,0.99205629128197,0.997098110563381,0.031414144330829,0.955265724234081,0.9762979588754,0.985772998990714,0.999586708230055,1.01234371581127,1.05467759599856
Austria,2020-12-28,,estimate,0.988757838277689,0.993659345019152,0.0312255157266353,0.952175949224207,0.973081754974406,0.982549888465789,0.995959152426733,1.00887556474472,1.05235387265026
Austria,2020-12-29,,estimate,0.984427739792131,0.988823371258985,0.0303563817632636,0.947961245476005,0.969075188625682,0.978381948632452,0.991261356916649,1.00359986349776,1.04555832907673
Austria,2020-12-30,,estimate,0.979313768967511,0.982772552907613,0.028970829116382,0.942824375134236,0.964238140355128,0.973202970917139,0.985520420602177,0.997593513350975,1.03577809609433
Austria,2020-12-31,,estimate,0.973193901714947,0.975751329186079,0.0273534459136287,0.936196105251385,0.958195898459714,0.96755595752166,0.979260054437137,0.990545039009996,1.02462611435249
Austria,2021-01-01,,estimate,0.966481045061587,0.968048704619715,0.0258674958704168,0.929379783804356,0.951745303981427,0.961154275719345,0.972277336833689,0.982567156091191,1.01385620579287
Austria,2021-01-02,,estimate,0.959463887065969,0.959977832328605,0.0248639702622565,0.920891887484214,0.944568037158984,0.953999604221837,0.964898852102531,0.975105439448441,1.00123767918881
Austria,2021-01-03,,estimate,0.952429065383797,0.951855350281406,0.0245527337917405,0.910647578555622,0.936975972429975,0.946785661102821,0.957835185660799,0.96765815061789,0.990377279761591
Austria,2021-01-04,,estimate,0.945675153616076,0.943982821251947,0.0249106846049248,0.901884544162476,0.929656009568226,0.939464569770582,0.95092639924767,0.96028759054105,0.981841641628394
Austria,2021-01-05,,estimate,0.938743007694501,0.936631862990217,0.0257101162935936,0.892203093160948,0.922139276181379,0.932519588046079,0.944246663666628,0.953903350709847,0.974986396816895
Austria,2021-01-06,,estimate,0.932569599205455,0.930033631982997,0.0266414124895045,0.882943972523365,0.915268550387391,0.92617033387748,0.938387431778763,0.947657441270367,0.969117894838482
Austria,2021-01-07,,estimate,0.927319799193033,0.924372532637701,0.0274285395029741,0.873427609681095,0.909302592644371,0.920811657271113,0.933491938433046,0.94270559813294,0.963546994902433
Austria,2021-01-08,,estimate,0.922856906796769,0.919783530366103,0.0278862623471836,0.86787785447388,0.904755809092729,0.916433033382239,0.929272448655432,0.938599208077802,0.958952496176866
Austria,2021-01-09,,estimate,0.919187591215775,0.916352274620319,0.0279318647961438,0.864845456721591,0.901204191798253,0.912900536223365,0.926036673396824,0.935465355313493,0.956166188072526
Austria,2021-01-10,,estimate,0.916955004002521,0.914117308902877,0.0275761968913795,0.862890004145061,0.8992393479101,0.91045633391789,0.92342203707151,0.932863698722913,0.953286333567599
Austria,2021-01-11,,estimate,0.915918567964384,0.913073838162832,0.0269072688338044,0.862316850644035,0.898390863352646,0.909256077129988,0.92215260729949,0.931297804108741,0.951675855858603
Austria,2021-01-12,,estimate,0.915460853780937,0.913178721440638,0.0260694673471178,0.866294464496021,0.898375054853428,0.909273388705893,0.921680733245854,0.931033341696766,0.950968252166661
Austria,2021-01-13,,estimate,0.916304401099096,0.914356475634977,0.0252369308187201,0.869334947595861,0.899591814006659,0.910319112264824,0.922287635303832,0.931222085323416,0.951959642313862
Austria,2021-01-14,,estimate,0.918202786985019,0.91650608607903,0.0245794283698489,0.872799527187493,0.901758413359975,0.91200899783089,0.923849548314967,0.932653964514156,0.954359958869452
Austria,2021-01-15,,estimate,0.920526714739806,0.919508351556896,0.024223233761949,0.877418951840728,0.904615893406578,0.914641540188672,0.926257630235051,0.935295544165381,0.957690773509098
Austria,2021-01-16,,estimate,0.923433325008397,0.923233415018218,0.0242173698134963,0.882708724305952,0.908204927320022,0.917728783630437,0.929069225369886,0.938495999216009,0.9623548279519
Austria,2021-01-17,,estimate,0.927027317435442,0.927548109595007,0.0245208570319385,0.887921791826493,0.912211455287476,0.92148292620771,0.932860440940953,0.942348446530672,0.967840997138225
Austria,2021-01-18,,estimate,0.931464459877104,0.932322792077201,0.0250198791123427,0.892659317342071,0.916482916022326,0.925753619538138,0.93726665791824,0.946966970559415,0.973769807248783
Austria,2021-01-19,,estimate,0.93583965142107,0.937437394236215,0.0255676573431496,0.898728907048502,0.920915491562964,0.930242412001904,0.942263297478062,0.951991746110086,0.980640269966866
Austria,2021-01-20,,estimate,0.940867240546999,0.942786443341718,0.0260295036805331,0.90374931154688,0.925790676436138,0.934945356898289,0.947219928641701,0.957135973224118,0.987309176135876
Austria,2021-01-21,,estimate,0.946354472823319,0.948282794414426,0.0263175674620128,0.909531008414922,0.930574159238979,0.940129359592776,0.952451673012948,0.962465336861031,0.994395826638653
Austria,2021-01-22,,estimate,0.952009478000166,0.953859852050225,0.0264069848412059,0.914833130755424,0.936120350625499,0.945467433923182,0.957754201600407,0.968262717569534,1.0013700426448
Austria,2021-01-23,,estimate,0.957596766622889,0.959472209210846,0.0263314067870777,0.920187416776914,0.941960182676174,0.95130252509143,0.963097921082366,0.974278687181418,1.00698508654223
Austria,2021-01-24,,estimate,0.963228593251955,0.96509487670158,0.0261615838755169,0.926288792491708,0.947377274061128,0.957351402191919,0.969355629718187,0.979832765241222,1.01176316865604
Austria,2021-01-25,,estimate,0.969283594776209,0.970721501212341,0.0259765065588238,0.931387884277106,0.953546487477597,0.96308190290168,0.975381090779548,0.985702283825417,1.01599659149657
Austria,2021-01-26,,estimate,0.975086166496041,0.976362033199534,0.0258395427197905,0.936897970331389,0.959384262818335,0.968799136433318,0.981311059211806,0.991541379043923,1.02065218832656
Austria,2021-01-27,,estimate,0.981050326741739,0.982040163852687,0.0257880886283006,0.942080802846534,0.965282745832685,0.974599697688359,0.987400334635651,0.997189304998945,1.02574898215525
Austria,2021-01-28,,estimate,0.986725635819519,0.987790597312489,0.0258357471007577,0.947680136896403,0.971476594685207,0.98062618148605,0.992750654681845,1.0031647494867,1.03204552037249
Austria,2021-01-29,,estimate,0.992638553334735,0.993656026928092,0.0259788695001408,0.952610378823896,0.977462024041882,0.986729752731658,0.999221012200237,1.00970927764834,1.03779331020943
Austria,2021-01-30,,estimate,0.999231635342134,0.999683659658499,0.0262006907020538,0.958131032493414,0.98358960132561,0.993106513353155,1.00513965866592,1.01579241395287,1.04305492101503
Austria,2021-01-31,,estimate,1.00566302630962,1.00592127347756,0.0264732493195699,0.963588846697323,0.990038132863682,0.999615341934659,1.01152249020997,1.02211343013946,1.04902388125155
Austria,2021-02-01,,estimate,1.01233069520188,1.01241299356597,0.0267617298661121,0.970451299851878,0.996555098800654,1.00633639342076,1.01836446171926,1.02892038321415,1.05616004101724
Austria,2021-02-02,,estimate,1.01948755610257,1.01919512002715,0.0270342486556596,0.97535751798274,1.00299058093403,1.01312213945507,1.02547068472683,1.03612755222264,1.06361700822731
Austria,2021-02-03,,estimate,1.0271347463036,1.02629238100131,0.027275942060444,0.980835979069423,1.01042853313386,1.02043782206913,1.03291462594373,1.04286873152261,1.07061899523024
Austria,2021-02-04,,estimate,1.03461166748924,1.03371493810203,0.0275042821076109,0.987361101330425,1.01794382265369,1.02810294647475,1.04077125547595,1.05063313485926,1.07674831490124
Austria,2021-02-05,,estimate,1.04239932641412,1.04145638415232,0.0277834486580317,0.994005682332744,1.02545837625776,1.03629290394651,1.0484136606359,1.05887493181246,1.0853177996553
Austria,2021-02-06,,estimate,1.05029640415886,1.0494928847915,0.0282361298719221,1.00137023239793,1.03255021544458,1.04394796383252,1.05682511450803,1.06763724671993,1.09384936428624
Austria,2021-02-07,,estimate,1.05859128713142,1.05778354086711,0.0290482435487739,1.0088537522249,1.0395152415893,1.05143615608084,1.06542439294722,1.07703005689,1.10324759257772
Austria,2021-02-08,,estimate,1.06624644505153,1.06627198584593,0.0304571596493277,1.01711563320377,1.04618014218358,1.05888174715884,1.07423704115061,1.08649616408351,1.114831616204
Austria,2021-02-09,,estimate,1.07463029609752,1.07488917051417,0.0327154147050972,1.02187104592072,1.05330662928386,1.06685822048936,1.08273815364524,1.09644089267779,1.12729633336986
Austria,2021-02-10,,estimate,1.08303642947829,1.08355720774643,0.0360379394552241,1.02493939288855,1.05969281373968,1.07445626275772,1.09180252957333,1.1074738415913,1.14164532716722
Austria,2021-02-11,,estimate based on partial data,1.09145132734474,1.09219403642125,0.0405602824145159,1.02618122362596,1.06497134463642,1.08184227561636,1.10161420172827,1.11815064527523,1.15873403486092
Austria,2021-02-12,,estimate based on partial data,1.09937620704688,1.10071852160252,0.0463306156713685,1.02678306769688,1.06964587106294,1.08842801684619,1.11149195343585,1.13064363441852,1.17721456918473
Austria,2021-02-13,,estimate based on partial data,1.1072310170769,1.10905548233396,0.0533304227292805,1.02458597386471,1.07373098018418,1.09474894399709,1.12041755507029,1.1429339306168,1.19854092941295
Austria,2021-02-14,,estimate based on partial data,1.11449400872632,1.11714009505046,0.0615020215224652,1.02052271130253,1.07566250944791,1.10056330715579,1.12920432797553,1.15521053102752,1.22187356917954
Austria,2021-02-15,,estimate based on partial data,1.12157437513261,1.12492119986257,0.0707681729002301,1.01456706721935,1.07723529834309,1.10450628213042,1.13781460165271,1.16679134975985,1.2482151554879
Austria,2021-02-16,,estimate based on partial data,1.12707965562123,1.13236321559554,0.0810421199008344,1.00769082961834,1.07795451394652,1.10837465522582,1.14633132332632,1.18024825027791,1.27461985728693
Austria,2021-02-17,,estimate based on partial data,1.13241741868024,1.13944657604583,0.0922321696934026,0.998926704261222,1.07811241278105,1.1119133980516,1.15358914772021,1.19295089966674,1.29798218938013
Austria,2021-02-18,,estimate based on partial data,1.13791951586957,1.14616677325933,0.104244374255283,0.989700024961413,1.07782381094476,1.11564758073391,1.16110313172527,1.204814719696,1.32693652078889
Austria,2021-02-19,,estimate based on partial data,1.14221222544141,1.15253222601354,0.11698478218611,0.978285676217518,1.07640634303162,1.11723454458718,1.16843707922779,1.21699017689059,1.35655710860869
Austria,2021-02-20,,estimate based on partial data,1.14637072808533,1.15856131247051,0.13036152849287,0.96775732280605,1.0742551801014,1.12005004491354,1.17489467289114,1.22904741494098,1.38836927595112
Austria,2021-02-21,,estimate based on partial data,1.15054720183284,1.16427902568096,0.144286839660087,0.955417922519121,1.07201992006058,1.12144793454296,1.18179878744033,1.24084733404507,1.42088623472432
Austria,2021-02-22,,forecast,1.15054720183284,1.16427902568096,0.144286839660087,0.955417922519121,1.07201992006058,1.12144793454296,1.18179878744033,1.24084733404507,1.42088623472432
Austria,2021-02-23,,forecast,1.15054720183284,1.16427902568096,0.144286839660087,0.955417922519121,1.07201992006058,1.12144793454296,1.18179878744033,1.24084733404507,1.42088623472432
Austria,2021-02-24,,forecast,1.15054720183284,1.16427902568096,0.144286839660087,0.955417922519121,1.07201992006058,1.12144793454296,1.18179878744033,1.24084733404507,1.42088623472432
Austria,2021-02-25,,forecast,1.15054720183284,1.16427902568096,0.144286839660087,0.955417922519121,1.07201992006058,1.12144793454296,1.18179878744033,1.24084733404507,1.42088623472432
Austria,2021-02-26,,forecast,1.15054720183284,1.16427902568096,0.144286839660087,0.955417922519121,1.07201992006058,1.12144793454296,1.18179878744033,1.24084733404507,1.42088623472432
Austria,2021-02-27,,forecast,1.15054720183284,1.16427902568096,0.144286839660087,0.955417922519121,1.07201992006058,1.12144793454296,1.18179878744033,1.24084733404507,1.42088623472432
Austria,2021-02-28,,forecast,1.15054720183284,1.16427902568096,0.144286839660087,0.955417922519121,1.07201992006058,1.12144793454296,1.18179878744033,1.24084733404507,1.42088623472432
Austria,2021-03-01,,forecast,1.15054720183284,1.16427902568096,0.144286839660087,0.955417922519121,1.07201992006058,1.12144793454296,1.18179878744033,1.24084733404507,1.42088623472432
Austria,2021-03-02,,forecast,1.15054720183284,1.16427902568096,0.144286839660087,0.955417922519121,1.07201992006058,1.12144793454296,1.18179878744033,1.24084733404507,1.42088623472432
Austria,2021-03-03,,forecast,1.15054720183284,1.16427902568096,0.144286839660087,0.955417922519121,1.07201992006058,1.12144793454296,1.18179878744033,1.24084733404507,1.42088623472432
Austria,2021-03-04,,forecast,1.15054720183284,1.16427902568096,0.144286839660087,0.955417922519121,1.07201992006058,1.12144793454296,1.18179878744033,1.24084733404507,1.42088623472432
Austria,2021-03-05,,forecast,1.15054720183284,1.16427902568096,0.144286839660087,0.955417922519121,1.07201992006058,1.12144793454296,1.18179878744033,1.24084733404507,1.42088623472432
Austria,2021-03-06,,forecast,1.15054720183284,1.16427902568096,0.144286839660087,0.955417922519121,1.07201992006058,1.12144793454296,1.18179878744033,1.24084733404507,1.42088623472432
Austria,2021-03-07,,forecast,1.15054720183284,1.16427902568096,0.144286839660087,0.955417922519121,1.07201992006058,1.12144793454296,1.18179878744033,1.24084733404507,1.42088623472432
Germany,2020-11-01,,estimate,0.943553867372127,0.94604441150258,0.0745313746010042,0.83355020063069,0.895218656498787,0.926554960934718,0.960433328180178,0.99170111802811,1.07074803587684
Germany,2020-11-02,,estimate,0.943970312057916,0.946274550484362,0.0644232453098219,0.848460106757045,0.902066028411632,0.929167353839777,0.959587360487119,0.986926181330658,1.05258754561947
Germany,2020-11-03,,estimate,0.94525431164212,0.946710759209213,0.0555199417047893,0.860657897628797,0.908254586946746,0.931499637776183,0.958148751725003,0.982231688360477,1.04037385966874
Germany,2020-11-04,,estimate,0.94536780014651,0.947335520630195,0.0479716745608751,0.871297292482972,0.91455414480056,0.933614761458425,0.958042745744515,0.978274894615207,1.02854374670848
Germany,2020-11-05,,estimate,0.946686656717853,0.948134054634119,0.0418819571705178,0.881810399376044,0.919383181693649,0.936348305867715,0.957308407664821,0.975960982704399,1.01834350777308
Germany,2020-11-06,,estimate,0.947725125567067,0.949095735000194,0.0372747446967365,0.88932092341494,0.923889848077222,0.938703080065993,0.956907042681816,0.97365030126942,1.01187071904836
Germany,2020-11-07,,estimate,0.948754300782139,0.950214878732161,0.0340532995738462,0.89562216657054,0.927453520055115,0.941086914507651,0.957374404848199,0.972211479337009,1.00683367545116
Germany,2020-11-08,,estimate,0.95077621047173,0.951491397882812,0.0319832581148036,0.900865232971346,0.930894580780069,0.942864861642091,0.958117661381363,0.971967103885495,1.00502760977577
Germany,2020-11-09,,estimate,0.952222291950046,0.952931771245789,0.0307358533320717,0.903511518452664,0.932958730763495,0.944863934196955,0.959538181904813,0.972536491476896,1.00449485426547
Germany,2020-11-10,,estimate,0.953913889084768,0.954550408326777,0.0299810926743024,0.906292156672816,0.93530219407156,0.946639792629194,0.961555696823991,0.973066718059162,1.00450859145134
Germany,2020-11-11,,estimate,0.955923545673125,0.956371020089133,0.0294764532818454,0.908290527593347,0.937846588120682,0.948820194933074,0.962858433818116,0.974417855552123,1.00440464727118
Germany,2020-11-12,,estimate,0.958051910285864,0.958427403202912,0.0291065029184399,0.911622160597337,0.940473413852522,0.951449922522434,0.964972606563741,0.975811167190082,1.00495135261187
Germany,2020-11-13,,estimate,0.961008650025137,0.960763251185194,0.02886441684276,0.913647516504435,0.943205075410963,0.954155910254715,0.967408787584489,0.978078735708941,1.00706148592593
Germany,2020-11-14,,estimate,0.963908828642366,0.963431090216714,0.0287926718243268,0.916019401808142,0.945647715613101,0.956887335040165,0.970156610135995,0.981149021081301,1.00949374928403
Germany,2020-11-15,,estimate,0.967435726507575,0.966490810699087,0.0289175898587182,0.919146383743814,0.94825744583672,0.959980243988099,0.973719888578395,0.98505063542812,1.01347299039784
Germany,2020-11-16,,estimate,0.970575274343543,0.970008181409326,0.0292153460172952,0.922368391752582,0.951129150276457,0.963542677201207,0.977482660533035,0.989341825893937,1.01630053958754
Germany,2020-11-17,,estimate,0.974955582767562,0.974053211865191,0.0296229241226486,0.924186678542955,0.955232506155198,0.967605710491843,0.982536477194278,0.993980051963943,1.02027462721908
Germany,2020-11-18,,estimate,0.980318659193126,0.978697672910814,0.0300728070766204,0.927340571965687,0.959305206222593,0.972328854057317,0.988086798060101,0.99908996759859,1.02552208282737
Germany,2020-11-19,,estimate,0.985787394324053,0.984010943872762,0.0305186758628633,0.931038657043939,0.964456521624697,0.978120913605465,0.993630261199359,1.00488144121454,1.03039297278969
Germany,2020-11-20,,estimate,0.992216763165968,0.990053759742597,0.0309361218193876,0.935623164394764,0.970254634913546,0.984062318071787,0.999413359168678,1.01174053057773,1.03662644722676
Germany,2020-11-21,,estimate,0.999302838905778,0.996870130657005,0.0313051111829577,0.94118377426528,0.977787709970042,0.991585991041068,1.00685174505057,1.01822261224021,1.0433139671074
Germany,2020-11-22,,estimate,1.00699572366771,1.00447828266465,0.0315925245252489,0.948410243526271,0.985876634765494,0.999336522414528,1.01436610513105,1.02574731273531,1.05162008075193
Germany,2020-11-23,,estimate,1.01576599267819,1.01286163733654,0.0317508078329959,0.955336380079816,0.994594824875158,1.00824388480567,1.02247893457321,1.03404307148747,1.06010169198443
Germany,2020-11-24,,estimate,1.02481900398172,1.02196060851229,0.031737561970143,0.964741006911752,1.00353344378346,1.01717634325817,1.03147603068194,1.04310735353326,1.06942832672472
Germany,2020-11-25,,estimate,1.03413273005964,1.03166559593762,0.031548535969411,0.97622265650968,1.01393077078145,1.02677892064614,1.04107148675041,1.05253490773224,1.07868662448741
Germany,2020-11-26,,estimate,1.04350734757929,1.04181132344396,0.0312489559938397,0.987492757119192,1.02320173134169,1.03682787690859,1.05058117076249,1.06199699644271,1.09067849626238
Germany,2020-11-27,,estimate,1.05298252732561,1.05217280858879,0.0309861917393431,0.999781401299226,1.03346176498808,1.04579222706493,1.06017094640184,1.07204358077137,1.10191675613111
Germany,2020-11-28,,estimate,1.06250434088448,1.06246371965985,0.0309690229242141,1.01167578338167,1.04360236426778,1.05532099184426,1.06886704208221,1.08207919076242,1.11312811260294
Germany,2020-11-29,,estimate,1.0712408291505,1.07233840001772,0.0314081272515863,1.02225414918402,1.05214349391055,1.06436689574044,1.07861586083641,1.09255228073354,1.1255667228921
Germany,2020-11-30,,estimate,1.07920729340369,1.08139906922974,0.0324346778049942,1.03142972016129,1.05999670777734,1.07191518681538,1.08750789172327,1.10278134727142,1.13549978981
Germany,2020-12-01,,estimate,1.08649550204175,1.08920943191311,0.0340388487697516,1.03734179815583,1.06600617497652,1.07851315942582,1.09520504167636,1.11169184463911,1.14776829071642
Germany,2020-12-02,,estimate,1.09278609061086,1.09531517832021,0.0360641943662235,1.04114702055965,1.06951071904704,1.08391122682979,1.10283638187643,1.1184621888186,1.15728367095627
Germany,2020-12-03,,estimate,1.09694949325869,1.0992708803929,0.0382514390091211,1.04246005785105,1.07060343373739,1.08685886806175,1.1067887983068,1.12364324549302,1.16456360453421
Germany,2020-12-04,,estimate,1.0974354310383,1.10067183282276,0.0402948983505925,1.04120843451156,1.07072218154667,1.08742634523099,1.10801200794475,1.12515519667642,1.17065227474003
Germany,2020-12-05,,estimate,1.09513224003464,1.09918859377947,0.041885735576087,1.03789690142215,1.06790843628559,1.08507647714232,1.10582296351953,1.12564623931682,1.17392005049752
Germany,2020-12-06,,estimate,1.08966434260287,1.09460131576908,0.04274277938163,1.03265776322548,1.063025051571,1.07945793894509,1.10055868613648,1.12164340347526,1.17230125362392
Germany,2020-12-07,,estimate,1.08120045343264,1.08683034086644,0.0426451901475896,1.02635974094521,1.05547486232716,1.07109080892553,1.09218695167126,1.11343320274076,1.16501466936022
Germany,2020-12-08,,estimate,1.06961334375856,1.07595902808809,0.0414781298288067,1.01925180804884,1.0459081101677,1.06015992212273,1.08023806955792,1.10064982780599,1.15439499654612
Germany,2020-12-09,,estimate,1.05606390842401,1.06224471690136,0.03929239154365,1.00854919112532,1.03466152462989,1.04712555265552,1.06592916523359,1.08495390010957,1.13629135425354
Germany,2020-12-10,,estimate,1.04062290285783,1.04611458312505,0.036371414162386,0.995799427289558,1.02169936508952,1.03291222801245,1.04911337795753,1.06563451904616,1.11339618073082
Germany,2020-12-11,,estimate,1.02421449558915,1.02814515096868,0.033290830164982,0.98007645315152,1.00658621282796,1.01770840946752,1.03127627000639,1.04601228506591,1.08834263494775
Germany,2020-12-12,,estimate,1.0075679233494,1.00902706540027,0.0309145284826156,0.962077291220146,0.989268108434723,1.00078389007755,1.01399013242757,1.02620008315206,1.06318407351299
Germany,2020-12-13,,estimate,0.990417095750468,0.989519548074455,0.0301711214316835,0.94069491781001,0.969914943297558,0.982763155133131,0.997279364318424,1.00866071326987,1.03843846273457
Germany,2020-12-14,,estimate,0.972253040810397,0.970400775145665,0.0315237782878112,0.916243342284813,0.949559252609272,0.963455457043683,0.980094438238492,0.992139770535954,1.01817455535669
Germany,2020-12-15,,estimate,0.954225689029264,0.952420617482035,0.034610736634859,0.892420233853997,0.929464901321571,0.945653362143557,0.963575453512112,0.978187998940156,1.00432896486472
Germany,2020-12-16,,estimate,0.93879214903811,0.936260814811496,0.0385529220786991,0.869478722472306,0.910413992256846,0.928254743078669,0.949196143535385,0.96571528112064,0.993677825652483
Germany,2020-12-17,,estimate,0.925287639665145,0.922505316384065,0.0424579438571424,0.848850980513327,0.894044327600327,0.912687596147435,0.937540507394022,0.954621341797712,0.985688511005334
Germany,2020-12-18,,estimate,0.914964908740206,0.911621021295718,0.0456388248430687,0.832199598332834,0.880129511326439,0.901106120476822,0.927852279929447,0.946321615785177,0.979719707481772
Germany,2020-12-19,,estimate,0.907129732614793,0.903947154101984,0.0476258869997249,0.820148639494265,0.870970352527915,0.893513627291724,0.920958951373985,0.940067029390029,0.974947995066887
Germany,2020-12-20,,estimate,0.903066912046082,0.899690364093237,0.0481305836729827,0.814149467819142,0.866026499367801,0.89008844262958,0.916954683591065,0.936874885923067,0.971426735928349
Germany,2020-12-21,,estimate,0.903033029777669,0.898922404315695,0.0470211985470585,0.815289348511585,0.866989951944463,0.889715938016656,0.915708095290224,0.935055128387076,0.968432958243833
Germany,2020-12-22,,estimate,0.905537481938168,0.901577830182961,0.044325058384357,0.823043883732613,0.871490808938291,0.893235003156526,0.917640615829269,0.935742676462374,0.965811057349591
Germany,2020-12-23,,estimate,0.911460726246869,0.907450401650984,0.0402671708772123,0.835182311731734,0.88152968307454,0.899846950097212,0.921547433421254,0.938058668354839,0.965409114404889
Germany,2020-12-24,,estimate,0.919743788508625,0.916188607387811,0.0353656423133733,0.851668490383364,0.894430737504431,0.910696340793193,0.928689327587187,0.942231413224525,0.967033490997448
Germany,2020-12-25,,estimate,0.930070667345896,0.927292734051581,0.0306081139802896,0.872785108557798,0.909085853535429,0.922166689106648,0.937127012099661,0.948826711623659,0.973266392164693
Germany,2020-12-26,,estimate,0.941526327472372,0.940117814435416,0.0275964995686802,0.893288390163207,0.923461500716939,0.934821671455862,0.94746916593931,0.957737595079524,0.983644789837916
Germany,2020-12-27,,estimate,0.952419703640705,0.953888014857744,0.027975762024174,0.910540718435761,0.9360317104499,0.946104623565843,0.959100279997858,0.969808582498285,1.00115571364128
Germany,2020-12-28,,estimate,0.96403573318349,0.967727798394436,0.0318399121344995,0.923233971827813,0.945661050011981,0.956910960492427,0.971462762012434,0.98521848649193,1.02675649934298
Germany,2020-12-29,,estimate,0.975272391127768,0.980712865389101,0.0375957328666688,0.931743772596029,0.952799195654864,0.966441874873858,0.984347967046305,1.00230910761091,1.05203225098562
Germany,2020-12-30,,estimate,0.984711351013239,0.991939353186228,0.0434719423785253,0.935527262369651,0.959505629284373,0.973933487904736,0.996235423204085,1.0177439643022,1.07552198620792
Germany,2020-12-31,,estimate,0.992499873976431,1.00060401588426,0.0482071437159527,0.9382719880652,0.964175447432027,0.98101233794311,1.00511214566154,1.03065029852787,1.09286706112987
Germany,2021-01-01,,estimate,0.997347842796579,1.00608302887768,0.0510389433187924,0.938160056126207,0.966927196275307,0.985510963637658,1.01201382670066,1.03829784968506,1.10199515238868
Germany,2021-01-02,,estimate,1.00005473512432,1.00799486243429,0.0516232445922443,0.937579042567884,0.968734667850241,0.98744984375063,1.01476197479288,1.04021989033811,1.10384110622466
Germany,2021-01-03,,estimate,0.999404902483863,1.00623467511335,0.0499899371960258,0.936014339031036,0.968116946498696,0.9867584421468,1.01380477729723,1.03809685324172,1.09695881252844
Germany,2021-01-04,,estimate,0.995961718918784,1.00097355613249,0.0465094334408056,0.933666396411258,0.966169640986496,0.983778355159153,1.00869652668918,1.03005718444827,1.08610975687912
Germany,2021-01-05,,estimate,0.989583463610812,0.992623766879889,0.0418526311629037,0.930605736079636,0.961862765439553,0.978081553079159,1.00051663369622,1.01950144992942,1.0679136561905
Germany,2021-01-06,,estimate,0.979707117301392,0.981778268142489,0.0369346150231441,0.925646445536603,0.955291025975467,0.970443598248122,0.989253329416805,1.00544648332186,1.0460173869809
Germany,2021-01-07,,estimate,0.967928460251317,0.969137097959688,0.0328016917580582,0.919053838622623,0.94643550069366,0.959414411297776,0.976055766681873,0.990179562093597,1.02580328613089
Germany,2021-01-08,,estimate,0.95506954701083,0.955433680726219,0.0303521762695343,0.907859966976741,0.934916619744126,0.947385726257758,0.962364012818619,0.974691334501601,1.0076015282129
Germany,2021-01-09,,estimate,0.94122807820248,0.941371427655703,0.0298769049141127,0.893672015395068,0.922891939370802,0.934575917741497,0.948430253363074,0.96071047028282,0.990685810860018
Germany,2021-01-10,,estimate,0.92868923428594,0.927576526398751,0.0308620621896584,0.873703259000516,0.910082565477022,0.922112385879197,0.935678893998741,0.947255968199095,0.975901482161124
Germany,2021-01-11,,estimate,0.916888936086009,0.914568298800917,0.0324037730339631,0.855436518299208,0.89705423398713,0.910368322681562,0.923783652674019,0.93528778862761,0.963634967424555
Germany,2021-01-12,,estimate,0.906132228678649,0.902745141002155,0.0337267076103866,0.838928202981615,0.885367343600472,0.898946995147385,0.91351871727865,0.925257192088009,0.951586933674772
Germany,2021-01-13,,estimate,0.896617095326544,0.892382317171836,0.0343746813693575,0.826192646726743,0.873958702996654,0.889083699366432,0.904352512256088,0.916064133005497,0.940906313217504
Germany,2021-01-14,,estimate,0.888222621181563,0.883637609496951,0.0341888821356896,0.817900474364132,0.863956979852822,0.880109321101123,0.89662627739316,0.907233725089179,0.931100195400542
Germany,2021-01-15,,estimate,0.881245090288837,0.876561574712018,0.0332443146965707,0.813405844057353,0.857082945576709,0.872717180663109,0.888637187606946,0.899685764969132,0.922810793418204
Germany,2021-01-16,,estimate,0.875036074676647,0.87111040744286,0.031795297769413,0.812476371239136,0.852550447821898,0.866808123824929,0.882303700993867,0.893533985072009,0.916256694100526
Germany,2021-01-17,,estimate,0.869815703240104,0.867160701987338,0.0302196831110245,0.813083330018851,0.848836518925076,0.862305516888522,0.877194853528194,0.888156107298126,0.911993663568929
Germany,2021-01-18,,estimate,0.866547571533864,0.864526344246451,0.0289332738568276,0.814627159859201,0.846249180334877,0.859629174216927,0.873340281235445,0.884009787468376,0.909026404790895
Germany,2021-01-19,,estimate,0.863982676833296,0.862978057710878,0.0282594906810752,0.815666601331886,0.844617201597268,0.857319631339196,0.870778348844687,0.881798796353573,0.907620436501173
Germany,2021-01-20,,estimate,0.862553211003493,0.862265668125337,0.0282996950016167,0.815103265343652,0.843830537899969,0.855597603649901,0.86913358671935,0.880580969680348,0.908046099244633
Germany,2021-01-21,,estimate,0.861433985417771,0.862142140850073,0.028903711953804,0.815742090856334,0.843297979708989,0.854905678885207,0.868649642524202,0.88010298074131,0.909214766386187
Germany,2021-01-22,,estimate,0.861592881060264,0.862387371421274,0.029772613570054,0.815590953685926,0.843199975741534,0.854261944674505,0.868627219892535,0.880172328014985,0.911060411401975
Germany,2021-01-23,,estimate,0.861851066565613,0.862829124881637,0.0306019012021326,0.81545222904888,0.842649263807332,0.854570264565897,0.869056200251785,0.880768922565866,0.912770934344985
Germany,2021-01-24,,estimate,0.862124424439692,0.863358714430991,0.0311719061662808,0.815123831619793,0.842603290402474,0.855012910603704,0.869435379778423,0.881670684219878,0.915872326231444
Germany,2021-01-25,,estimate,0.862560457446104,0.863939848007287,0.0313745249114925,0.815911801604627,0.843529012736291,0.855422867924681,0.869920549423077,0.882003107478618,0.915736328306003
Germany,2021-01-26,,estimate,0.863718568584913,0.864610126395064,0.0312080173163425,0.816037845064732,0.844187751101341,0.855963541179529,0.870762367001179,0.883416767046861,0.917045833695498
Germany,2021-01-27,,estimate,0.864601016381585,0.865475559418391,0.0307644784154735,0.817028199339107,0.844598609216635,0.857364731686573,0.87211455703335,0.884483483637064,0.915282014930252
Germany,2021-01-28,,estimate,0.866332452838827,0.866699058615986,0.0302133432691666,0.818452766218365,0.846862970011635,0.859589492026135,0.873420118239324,0.885957040288024,0.914761092690187
Germany,2021-01-29,,estimate,0.868485961523707,0.86848427984791,0.0297689388657098,0.819794774041378,0.849027998254573,0.861898676357273,0.875742545941488,0.888226378889801,0.91627528225814
Germany,2021-01-30,,estimate,0.872357046737862,0.871056553205216,0.0296308399773103,0.82199387227606,0.851896268004106,0.86473123278877,0.879121140405573,0.890655766396069,0.917077963057157
Germany,2021-01-31,,estimate,0.876484811873877,0.874642915817188,0.0299082604159325,0.824572461515529,0.85562821594661,0.868670119774636,0.883798659065646,0.8949761025689,0.919986278226683
Germany,2021-02-01,,estimate,0.881576897791433,0.879453288601383,0.0305694193189239,0.827966219967216,0.860454051341707,0.874030540881615,0.889052867545281,0.900307459363389,0.925581659862856
Germany,2021-02-02,,estimate,0.88798545846855,0.8856644798263,0.0314542639550432,0.830339475085474,0.866519155691674,0.880373692752365,0.895325501030828,0.906820651808081,0.933525339063857
Germany,2021-02-03,,estimate,0.895461693695226,0.893408004181345,0.0323444196774396,0.835746070093372,0.874249372165217,0.88780797936452,0.903391720776224,0.91529314816259,0.942310251720133
Germany,2021-02-04,,estimate,0.90491201512688,0.902761907724677,0.033049851592463,0.844424814983688,0.883628038781765,0.897390628286576,0.912417315688832,0.925170768536029,0.952513608697591
Germany,2021-02-05,,estimate,0.915779766368721,0.913746183748596,0.0334811948068056,0.854299872465933,0.894493565505152,0.908457983991556,0.923603795324332,0.935907464460577,0.964133827975754
Germany,2021-02-06,,estimate,0.928250846327468,0.926321156352952,0.0337025975813453,0.868186244255944,0.906512445435494,0.92061295709372,0.935940021328487,0.948244090225039,0.978139409331959
Germany,2021-02-07,,estimate,0.941413901901378,0.940388398169004,0.0339704564508261,0.883710821855343,0.919731260343742,0.933668289660283,0.949464287658849,0.962219925316968,0.993369970313486
Germany,2021-02-08,,estimate,0.955845292177379,0.955794127149797,0.0347503076647477,0.898428158252474,0.933628511005503,0.947827912929288,0.964030453521348,0.979040644113209,1.01157741048111
Germany,2021-02-09,,estimate,0.971457867662968,0.97233528641105,0.0366730564646752,0.913187353450817,0.948153931485524,0.962937158608243,0.98102862849889,0.996705103284086,1.03333741557326
Germany,2021-02-10,,estimate,0.989187354494849,0.989768427705232,0.0403863963556454,0.924721283579148,0.961702185375229,0.978323111147433,0.99940103513244,1.0167363206931,1.05671680693556
Germany,2021-02-11,,estimate based on partial data,1.00741377399532,1.00782110616627,0.0463508900977104,0.932572375837362,0.975253651202122,0.994941613261754,1.01953201076105,1.03927530381913,1.08361678890642
Germany,2021-02-12,,estimate based on partial data,1.02623626463441,1.02620500022792,0.0547354877303462,0.938554102658555,0.986765336789273,1.01023794728495,1.0404298594632,1.06288273475292,1.11472743736887
Germany,2021-02-13,,estimate based on partial data,1.04239045422857,1.04462970170617,0.0654724435052957,0.941305310722629,0.997832812370331,1.02609244405254,1.06119152514353,1.08770505835039,1.15407041184325
Germany,2021-02-14,,estimate based on partial data,1.0580474231761,1.06281619858853,0.0783706320203633,0.942008592915523,1.00713450020041,1.03831378316481,1.07984578934762,1.11303856224593,1.19753016156011
Germany,2021-02-15,,estimate based on partial data,1.07300657301815,1.08050932929339,0.0931974314454381,0.941263603015744,1.01531480295457,1.04754782580394,1.09805011984352,1.13850126514018,1.24789471964286
Germany,2021-02-16,,estimate based on partial data,1.08648184568721,1.09748861348607,0.109719730635333,0.939660432275983,1.0204452545203,1.05825738113042,1.11640561980029,1.1626732308622,1.29998419641963
Germany,2021-02-17,,estimate based on partial data,1.09771659619383,1.11357671736687,0.127720596821265,0.935245018103226,1.02311698931706,1.06810905197731,1.13189657496902,1.18589484718269,1.3538129030002
Germany,2021-02-18,,estimate based on partial data,1.10907669426118,1.1286445964268,0.147001057985503,0.930484984686091,1.02606108956117,1.07538300153363,1.14530829420905,1.20834102328574,1.4021308476219
Germany,2021-02-19,,estimate based on partial data,1.11854294992487,1.14261248543633,0.167371700977274,0.923179177518217,1.02720029428566,1.0823213106135,1.15667438991633,1.22783667560384,1.44844263414235
Germany,2021-02-20,,estimate based on partial data,1.12460227789825,1.15544661444397,0.188640747089947,0.915326628063273,1.02656492530259,1.08764414061073,1.16724268934241,1.24789085655906,1.49750762411806
Germany,2021-02-21,,estimate based on partial data,1.12934580100895,1.16715262728164,0.210607342149189,0.907877414118007,1.02610902916217,1.09059429492513,1.17651854985459,1.26834530088738,1.55522631945397
Germany,2021-02-22,,forecast,1.12934580100895,1.16715262728164,0.210607342149189,0.907877414118007,1.02610902916217,1.09059429492513,1.17651854985459,1.26834530088738,1.55522631945397
Germany,2021-02-23,,forecast,1.12934580100895,1.16715262728164,0.210607342149189,0.907877414118007,1.02610902916217,1.09059429492513,1.17651854985459,1.26834530088738,1.55522631945397
Germany,2021-02-24,,forecast,1.12934580100895,1.16715262728164,0.210607342149189,0.907877414118007,1.02610902916217,1.09059429492513,1.17651854985459,1.26834530088738,1.55522631945397
Germany,2021-02-25,,forecast,1.12934580100895,1.16715262728164,0.210607342149189,0.907877414118007,1.02610902916217,1.09059429492513,1.17651854985459,1.26834530088738,1.55522631945397
Germany,2021-02-26,,forecast,1.12934580100895,1.16715262728164,0.210607342149189,0.907877414118007,1.02610902916217,1.09059429492513,1.17651854985459,1.26834530088738,1.55522631945397
Germany,2021-02-27,,forecast,1.12934580100895,1.16715262728164,0.210607342149189,0.907877414118007,1.02610902916217,1.09059429492513,1.17651854985459,1.26834530088738,1.55522631945397
Germany,2021-02-28,,forecast,1.12934580100895,1.16715262728164,0.210607342149189,0.907877414118007,1.02610902916217,1.09059429492513,1.17651854985459,1.26834530088738,1.55522631945397
Germany,2021-03-01,,forecast,1.12934580100895,1.16715262728164,0.210607342149189,0.907877414118007,1.02610902916217,1.09059429492513,1.17651854985459,1.26834530088738,1.55522631945397
Germany,2021-03-02,,forecast,1.12934580100895,1.16715262728164,0.210607342149189,0.907877414118007,1.02610902916217,1.09059429492513,1.17651854985459,1.26834530088738,1.55522631945397
Germany,2021-03-03,,forecast,1.12934580100895,1.16715262728164,0.210607342149189,0.907877414118007,1.02610902916217,1.09059429492513,1.17651854985459,1.26834530088738,1.55522631945397
Germany,2021-03-04,,forecast,1.12934580100895,1.16715262728164,0.210607342149189,0.907877414118007,1.02610902916217,1.09059429492513,1.17651854985459,1.26834530088738,1.55522631945397
Germany,2021-03-05,,forecast,1.12934580100895,1.16715262728164,0.210607342149189,0.907877414118007,1.02610902916217,1.09059429492513,1.17651854985459,1.26834530088738,1.55522631945397
Germany,2021-03-06,,forecast,1.12934580100895,1.16715262728164,0.210607342149189,0.907877414118007,1.02610902916217,1.09059429492513,1.17651854985459,1.26834530088738,1.55522631945397
Germany,2021-03-07,,forecast,1.12934580100895,1.16715262728164,0.210607342149189,0.907877414118007,1.02610902916217,1.09059429492513,1.17651854985459,1.26834530088738,1.55522631945397
Switzerland,2020-11-01,,estimate,0.814105519928758,0.813667814968618,0.0684067384792143,0.702452953409233,0.769722802005711,0.796959375660587,0.831145955825558,0.859554588467461,0.923465489082423
Switzerland,2020-11-02,,estimate,0.815902902299703,0.815302888568002,0.063494465694328,0.712416467112068,0.773956208833117,0.799308533807439,0.832383040841972,0.858576799666193,0.917533883387976
Switzerland,2020-11-03,,estimate,0.818056591848043,0.817434004679284,0.059040451348515,0.721232980983673,0.779143321804958,0.80264159793507,0.833904168272417,0.858273874810743,0.912543677141527
Switzerland,2020-11-04,,estimate,0.820371307217081,0.820110278875859,0.0550623255815188,0.729092812905359,0.783562250192301,0.807189815313531,0.835719780536489,0.858630403085359,0.908677264521266
Switzerland,2020-11-05,,estimate,0.823505398465997,0.823376385248909,0.0515573568948633,0.738213416949577,0.789633500716262,0.810782616157933,0.83737599405512,0.859379491814176,0.905504942607166
Switzerland,2020-11-06,,estimate,0.827843247109073,0.827271173511789,0.0485002500925386,0.745782390242831,0.795544889286757,0.814977358301104,0.840430383446363,0.861268836768844,0.904696207690101
Switzerland,2020-11-07,,estimate,0.832354424177717,0.831826451650455,0.0458435503754963,0.755027160411173,0.80168108132197,0.820009536002579,0.844366453811336,0.863569607030291,0.905819240095037
Switzerland,2020-11-08,,estimate,0.837598715664474,0.837065908368547,0.0435212251146817,0.763691139833199,0.807980958593924,0.82649379723062,0.849078177822314,0.867049003840919,0.907344255839776
Switzerland,2020-11-09,,estimate,0.843691039000279,0.843004130956518,0.041455714077368,0.773597907631463,0.814934071802344,0.833641494824783,0.854173728874849,0.871029134913932,0.910714196575982
Switzerland,2020-11-10,,estimate,0.850825449818457,0.849645648374645,0.0395677927818171,0.782463746869455,0.822956611049618,0.840698295168589,0.86055973838859,0.87643851831425,0.914430492315056
Switzerland,2020-11-11,,estimate,0.857841730975847,0.856983918919256,0.0377874865780226,0.792248701725626,0.831744832721039,0.84828693645253,0.867617876665436,0.882427393278317,0.91829418587521
Switzerland,2020-11-12,,estimate,0.86635119970852,0.865000209920116,0.0360638515250879,0.802395487511345,0.842080687228271,0.857196671625156,0.875571423968034,0.889519869907269,0.922872351310575
Switzerland,2020-11-13,,estimate,0.875174392880411,0.873662385934107,0.0343720733916884,0.814481001687556,0.852318604972487,0.866592668626572,0.883932081550076,0.897475489509094,0.9274038850118
Switzerland,2020-11-14,,estimate,0.884739365931652,0.882923707397419,0.0327175890288108,0.82551917204301,0.862699579893782,0.876756085085312,0.892650859642719,0.905372600342435,0.933121955214753
Switzerland,2020-11-15,,estimate,0.894750947085696,0.892721806116457,0.0311378875890562,0.83768761342975,0.873747677889898,0.886931240872838,0.901826487937136,0.914136644736842,0.940154835501131
Switzerland,2020-11-16,,estimate,0.904982710939158,0.902978020888737,0.029702411444066,0.851466391059754,0.884812859877954,0.897921483079376,0.911519807781651,0.92349630958756,0.947450899807509
Switzerland,2020-11-17,,estimate,0.915160840347582,0.913597247927917,0.0285091480941038,0.86403582282312,0.896241652799397,0.908105716115269,0.922074958501055,0.933028529910835,0.956942941807281
Switzerland,2020-11-18,,estimate,0.925397607681638,0.924468414217685,0.0276739090149944,0.877103946581371,0.907208119605544,0.918733320493334,0.932201066687208,0.942940978188898,0.966734423056711
Switzerland,2020-11-19,,estimate,0.935759892888579,0.935465648737889,0.027307897466757,0.890201681715707,0.918654983807572,0.929327074735372,0.942515679469012,0.953106797533041,0.977980724489047
Switzerland,2020-11-20,,estimate,0.946024485235839,0.946450216655258,0.0274850723004017,0.903191358426289,0.928821176626862,0.939820838341797,0.952695472628335,0.96379607179785,0.991555839896747
Switzerland,2020-11-21,,estimate,0.956126991957996,0.957273275622083,0.0282119749145709,0.913643761249001,0.938439247188925,0.949408215768462,0.962765018638148,0.974263746320034,1.0050138766801
Switzerland,2020-11-22,,estimate,0.965787486042315,0.967779478936441,0.029417343203155,0.923551660181691,0.947869430205724,0.958521333717241,0.972785725612239,0.985120835332538,1.01863946373572
Switzerland,2020-11-23,,estimate,0.974707876728128,0.977811370330017,0.0309670704128234,0.932535763653452,0.956418367144493,0.967585905085211,0.982531508244644,0.996411464590067,1.03221103271628
Switzerland,2020-11-24,,estimate,0.983381964106401,0.987214404147362,0.0326930053886624,0.940838497834504,0.964586492670171,0.976037533113017,0.991878049981754,1.00713188957794,1.04522346114922
Switzerland,2020-11-25,,estimate,0.991819653991272,0.995842320461707,0.0344201463540549,0.948056477068784,0.971878489581872,0.984190664477293,1.00024634641772,1.01662422519727,1.05873485426409
Switzerland,2020-11-26,,estimate,0.999340200804005,1.00356254199006,0.0359853404063417,0.953059684286016,0.978412457292727,0.991434722285187,1.00814111816196,1.02517508537026,1.06873703070718
Switzerland,2020-11-27,,estimate,1.00582525087704,1.01026124762482,0.0372490887357474,0.957888703488715,0.984459432662676,0.997471586467688,1.0147010815234,1.03196612570667,1.07751688693543
Switzerland,2020-11-28,,estimate,1.01163382204214,1.01584779828343,0.0381044777027528,0.961704378263004,0.989153685944153,1.00262689503466,1.02061377989378,1.03788888238303,1.08427826131788
Switzerland,2020-11-29,,estimate,1.0161797635832,1.0202582206891,0.0384853789039124,0.965206172982736,0.993554953589932,1.00660104074058,1.0254574781088,1.04288567292173,1.08905386544736
Switzerland,2020-11-30,,estimate,1.01936564998544,1.02345748828182,0.0383731945359186,0.968412502996046,0.996553638057405,1.01024231138547,1.0288667853767,1.04630564470955,1.09210668164379
Switzerland,2020-12-01,,estimate,1.02169097160109,1.02544039563377,0.0377996837029243,0.970504914574727,0.998727387770728,1.012819234643,1.03113555310042,1.04791185542316,1.09179214581675
Switzerland,2020-12-02,,estimate,1.02335431711378,1.02623092947853,0.0368435212747619,0.972074415463976,1.00031648562184,1.01448204595948,1.03222673933071,1.04802375914829,1.09069485221001
Switzerland,2020-12-03,,estimate,1.02341970384512,1.02588019781007,0.0356197764790906,0.973233030774091,1.00092149748545,1.01437816439334,1.03167324614177,1.04742702887617,1.08780889234845
Switzerland,2020-12-04,,estimate,1.0222103696095,1.02446315245763,0.0342633813452023,0.973383559935799,1.00080487814443,1.01325781571326,1.0305955664916,1.04537150914915,1.08361198677874
Switzerland,2020-12-05,,estimate,1.01994043964274,1.02207447161997,0.0329090744301438,0.972298332880825,0.99956294542722,1.01108970947964,1.02867170716831,1.04240315378869,1.0787049968777
Switzerland,2020-12-06,,estimate,1.01696206701213,1.01882401003202,0.0316712400637506,0.970484193204436,0.997095761004183,1.00879527954059,1.0252934741575,1.03858171469493,1.07273096338701
Switzerland,2020-12-07,,estimate,1.01285984039666,1.01483216740655,0.0306277945683155,0.968556451095036,0.99376595935434,1.00566086812062,1.02119209251675,1.03347735259758,1.06788384914058
Switzerland,2020-12-08,,estimate,1.00854331363906,1.01022540456518,0.0298122932943697,0.964841959879454,0.990305111688265,1.00145742352425,1.01630369079714,1.02883151763658,1.0609338158771
Switzerland,2020-12-09,,estimate,1.00385939910216,1.00513200878342,0.0292165360195055,0.959890732468351,0.986261461543202,0.996984151561527,1.01114130323249,1.02347782774703,1.05497449486186
Switzerland,2020-12-10,,estimate,0.998991973951376,0.99967812773792,0.0288021113361138,0.953976613124888,0.981479528688172,0.99207115551399,1.00604690574149,1.01771804230671,1.04766113421699
Switzerland,2020-12-11,,estimate,0.993842911343635,0.993984078658861,0.0285158931097461,0.947874525562123,0.976337517676491,0.987386496292621,1.0005493820841,1.01190078945791,1.04097736481724
Switzerland,2020-12-12,,estimate,0.988763255319264,0.988160982697328,0.0283040858390889,0.941688918300921,0.971245256484018,0.982108681301099,0.995281315043625,1.00614833976257,1.03388283783088
Switzerland,2020-12-13,,estimate,0.98358322440631,0.982307835192475,0.0281219019520006,0.936042643660544,0.965631879046991,0.976601603376751,0.989654232187364,1.00030038444051,1.02668684482198
Switzerland,2020-12-14,,estimate,0.977815359944282,0.976509159132983,0.0279388755280288,0.929323574961159,0.96026681080476,0.970852020537965,0.984321113829644,0.994418523251082,1.02003948980322
Switzerland,2020-12-15,,estimate,0.971907182025083,0.970833380169712,0.0277411080650507,0.923907119180781,0.954209086350779,0.966007803003047,0.978727231633211,0.988756769106524,1.01350419193711
Switzerland,2020-12-16,,estimate,0.9667341995751,0.965332013840466,0.0275312782443686,0.918215270991122,0.948767218775741,0.960595699668969,0.973211926629902,0.983235668984599,1.00729249887582
Switzerland,2020-12-17,,estimate,0.961723476721088,0.960039694786037,0.0273262481520842,0.913055495190244,0.944260851870488,0.954963528958588,0.967847034168227,0.977899527730095,1.00200844879778
Switzerland,2020-12-18,,estimate,0.956293221779915,0.954975028262352,0.0271517881834175,0.907982955384054,0.938738781913181,0.949955201230556,0.962521459030751,0.973002456965082,0.996646614325853
Switzerland,2020-12-19,,estimate,0.951274638217414,0.950142214073257,0.0270347008673314,0.903236110677522,0.934086584783251,0.945238370826134,0.957898449433333,0.968342606141837,0.992370240950591
Switzerland,2020-12-20,,estimate,0.946630991513662,0.945533371964219,0.0269939535196904,0.898605768103761,0.929487973377189,0.940475515827341,0.953160904763276,0.962837342414746,0.987672019860706
Switzerland,2020-12-21,,estimate,0.942310937530009,0.941131468784426,0.0270334505017562,0.894064627064522,0.925036753149146,0.936282825842084,0.948624795701483,0.958217287918775,0.983361048662932
Switzerland,2020-12-22,,estimate,0.938228100239654,0.936913701950081,0.0271390627141972,0.890985052109612,0.920274634557692,0.931966159618409,0.94399635610665,0.954188234886435,0.978713078535744
Switzerland,2020-12-23,,estimate,0.934048041071677,0.932855135491154,0.0272812732295749,0.88728238574726,0.915963789796988,0.927784941018738,0.93980710915562,0.950030144030509,0.97451625680992
Switzerland,2020-12-24,,estimate,0.929867101307917,0.928932330192981,0.0274227472819498,0.883487141815979,0.91213904880375,0.923748678660344,0.935996750626732,0.945997129511503,0.971275086177413
Switzerland,2020-12-25,,estimate,0.926031835999815,0.925126677659254,0.0275282630270613,0.87970121556931,0.908033736837124,0.91970416772116,0.932167793302946,0.942267654227711,0.967593401200392
Switzerland,2020-12-26,,estimate,0.922122259429876,0.921427154217213,0.0275737182769878,0.876146535673776,0.904014557987137,0.916039350595756,0.928568682487142,0.938497369021297,0.964434838072462
Switzerland,2020-12-27,,estimate,0.918914923352373,0.917832257728003,0.0275516822868925,0.872449039481463,0.900507416713252,0.912499013729739,0.924987664941094,0.935355021882634,0.960631986745404
Switzerland,2020-12-28,,estimate,0.915485693166437,0.914350969125678,0.027472563941033,0.868896015501924,0.896554151615652,0.90877424109907,0.921706459097879,0.932054302036799,0.956629615815887
Switzerland,2020-12-29,,estimate,0.911884224691478,0.911002675055596,0.0273617602187869,0.865283478183767,0.893528481931164,0.905030096749828,0.918468827741974,0.92867377425846,0.953185357527392
Switzerland,2020-12-30,,estimate,0.908781182069921,0.907816086201554,0.0272534732127839,0.862414624479524,0.89049371219299,0.901888960126758,0.91534685997433,0.925811878632504,0.950058016253564
Switzerland,2020-12-31,,estimate,0.906043707460033,0.904827283217255,0.0271818261205527,0.858776866290017,0.887415304774552,0.899408514947394,0.912337102967295,0.923021092690291,0.947543223439291
Switzerland,2021-01-01,,estimate,0.903291415613169,0.902077113380195,0.0271706678936935,0.855568420153235,0.884375410626281,0.896845294003769,0.909820219908757,0.920186695301347,0.944429054219647
Switzerland,2021-01-02,,estimate,0.900960733795344,0.899608228886177,0.0272251243045191,0.85366820601177,0.882337479498294,0.894255345036981,0.907380418391455,0.91768552308431,0.941876011771531
Switzerland,2021-01-03,,estimate,0.898649689418817,0.897462074842595,0.0273287915161035,0.851209961378057,0.880849416204512,0.891837886987085,0.905479599168685,0.91549234857945,0.940027959000871
Switzerland,2021-01-04,,estimate,0.89701766625087,0.895676084109697,0.0274486859712724,0.849364917487002,0.878976518024333,0.890216931832331,0.903575387578925,0.913762093628829,0.938271130589283
Switzerland,2021-01-05,,estimate,0.895721297768439,0.894281230985829,0.0275462706025649,0.847716509991342,0.877532966847278,0.88886367426167,0.902359822889384,0.912345328842246,0.936191152209236
Switzerland,2021-01-06,,estimate,0.894779743426624,0.893299982419307,0.027589814936405,0.846578368287604,0.876945549947288,0.888213691231464,0.901063413344936,0.9115620925327,0.934986019877379
Switzerland,2021-01-07,,estimate,0.894419973992313,0.892744617809433,0.0275630842654154,0.845625270899909,0.876548090325004,0.887561845017593,0.900333255977719,0.910864811748369,0.933759005177847
Switzerland,2021-01-08,,estimate,0.893991887674166,0.892615894384798,0.0274676252726835,0.845662305848591,0.876714808083086,0.887619444084757,0.900347058305464,0.910590775667386,0.93384659173016
Switzerland,2021-01-09,,estimate,0.894363169148322,0.892902097654558,0.0273190737636474,0.846701460978905,0.876881153442795,0.887995770317076,0.900795813413654,0.910307531574569,0.934286099665824
Switzerland,2021-01-10,,estimate,0.89505061988248,0.893578583485884,0.0271404158891209,0.848320104252003,0.877701663410375,0.888809344611505,0.901375880993955,0.910776842986039,0.934989715263794
Switzerland,2021-01-11,,estimate,0.895757705729436,0.89460793511856,0.0269560487043335,0.850241218455117,0.878943012253331,0.889755490039814,0.901830812929353,0.911628647046682,0.936764690617041
Switzerland,2021-01-12,,estimate,0.89680329910974,0.895940801063701,0.0267894708273152,0.851933084781965,0.880354879460917,0.890651320744557,0.902876910128918,0.912487312836123,0.938407515350322
Switzerland,2021-01-13,,estimate,0.89779222430575,0.897517369573271,0.0266649344948746,0.853306559915955,0.882027174311118,0.891981090496298,0.903419599568034,0.91373690320604,0.940379531636988
Switzerland,2021-01-14,,estimate,0.899047431167013,0.899269324824553,0.026610670042522,0.854859255708176,0.883418823639708,0.893379811710856,0.904906861798904,0.915558114045058,0.942987548329259
Switzerland,2021-01-15,,estimate,0.900315469889108,0.901122071857582,0.0266598477415201,0.857566197300016,0.885241533589775,0.894541478001895,0.90699717380185,0.916978137473577,0.945730944327402
Switzerland,2021-01-16,,estimate,0.901955873082504,0.902997035410226,0.0268461805994447,0.8604110740971,0.886465730699099,0.895674871373305,0.908348887543418,0.918862624265392,0.948204788677101
Switzerland,2021-01-17,,estimate,0.903638923281678,0.90481391608024,0.0271939223865226,0.861990959323093,0.887632052116024,0.897161879925848,0.90955572061301,0.920960776870411,0.951670536559652
Switzerland,2021-01-18,,estimate,0.905075598156116,0.906492880502964,0.0277057930623006,0.864187893411937,0.888412165119231,0.898283844593574,0.911211527212767,0.922912630608656,0.954650659403527
Switzerland,2021-01-19,,estimate,0.905940123300197,0.907956720373047,0.0283547998374671,0.865442412147827,0.889201880293619,0.899228029771473,0.912790557797283,0.924794816134171,0.957179619641104
Switzerland,2021-01-20,,estimate,0.906788508725823,0.909133008833497,0.0290848416547762,0.866388517960451,0.88979921064932,0.900082761396749,0.913984415774488,0.926203623277389,0.960155708434095
Switzerland,2021-01-21,,estimate,0.90722035116636,0.909956218986693,0.0298206151319156,0.866848918177056,0.889931669370223,0.900709542273076,0.914274572054219,0.927143693347145,0.962095549280557
Switzerland,2021-01-22,,estimate,0.907327908182881,0.910369688443364,0.0304827795678904,0.866899403083013,0.889943175672362,0.900792007689913,0.914430248274261,0.927587380575321,0.965361624511934
Switzerland,2021-01-23,,estimate,0.90701344506883,0.910327267306686,0.0310026683930382,0.866979924188648,0.889696571268495,0.900527804570839,0.913955397553509,0.927348089265257,0.966298967376219
Switzerland,2021-01-24,,estimate,0.906520082322429,0.909794506140007,0.031332410412308,0.866252619521639,0.888865214201344,0.899870316741369,0.913352592015644,0.92680247695504,0.966482163962569
Switzerland,2021-01-25,,estimate,0.90543690087006,0.908749317079914,0.0314493173905755,0.86487890254747,0.887812710348567,0.898850330886156,0.912475485907268,0.925593890390033,0.965597161303781
Switzerland,2021-01-26,,estimate,0.903850551753363,0.907182134543928,0.0313558782850756,0.862983565906418,0.886089093041196,0.897339714856146,0.910675850332705,0.924098407509571,0.962694172365293
Switzerland,2021-01-27,,estimate,0.90196164490028,0.905095667275174,0.0310777710439602,0.860764940862477,0.884004279042861,0.895763976663025,0.909118207661522,0.922251742007154,0.958730427382407
Switzerland,2021-01-28,,estimate,0.900134658850353,0.902504350186595,0.0306620156349318,0.858331734603626,0.882224658779833,0.893347603911446,0.906869857244479,0.919704202522079,0.954688691707204
Switzerland,2021-01-29,,estimate,0.897585473567882,0.899433582919188,0.0301762654406519,0.854922807052068,0.87917283152342,0.890591488962423,0.9044461043906,0.916722930489361,0.95109300093084
Switzerland,2021-01-30,,estimate,0.894606745344061,0.895918808010729,0.0297088099487362,0.851571714981122,0.875707302667861,0.887505675460734,0.901178919854015,0.912592173643155,0.945360805628867
Switzerland,2021-01-31,,estimate,0.890858372098605,0.892004455009157,0.0293675538530443,0.847539301060745,0.872259817106967,0.883969295148565,0.897539335558902,0.908921018143421,0.940509761865419
Switzerland,2021-02-01,,estimate,0.886821154702004,0.887742761212761,0.0292754450594254,0.842989821082832,0.868314844380365,0.879522917234044,0.89368542009645,0.905167978985785,0.935866098907358
Switzerland,2021-02-02,,estimate,0.88234450943774,0.883192467095487,0.0295600830967957,0.837040944213513,0.864054051713698,0.875448331700527,0.889272198351638,0.901660138583211,0.932641751304399
Switzerland,2021-02-03,,estimate,0.878203119021536,0.87841736969241,0.0303371960724484,0.829256340140322,0.859148793842254,0.870866647124284,0.885102218459544,0.897719939583128,0.929254961647775
Switzerland,2021-02-04,,estimate,0.873720333044118,0.873484708265495,0.0316913850719363,0.820835639083471,0.853539694348373,0.86662298869372,0.881109433166762,0.894014366410669,0.926313295094315
Switzerland,2021-02-05,,estimate,0.86901459857671,0.868463371234903,0.0336610341258049,0.812548918263641,0.846778361296704,0.861751616987539,0.876713256692558,0.890541355990854,0.923635714768706
Switzerland,2021-02-06,,estimate,0.864473468792549,0.863421962368761,0.0362339954619928,0.803361639967605,0.84063042867826,0.855977639175136,0.872873167647756,0.887588769998551,0.921560966156692
Switzerland,2021-02-07,,estimate,0.85989700152542,0.858426834514529,0.0393556466664756,0.791967170705502,0.833633731574751,0.850198957328292,0.869040036316244,0.884844781186091,0.921143444320644
Switzerland,2021-02-08,,estimate,0.855406179755615,0.853540254254571,0.0429451956229281,0.779816915141439,0.826766842809327,0.84475896659507,0.865465019219341,0.882484695224873,0.921959304960002
Switzerland,2021-02-09,,estimate,0.851234505268797,0.848818862667551,0.0469139016751886,0.768881394985707,0.819875130056514,0.83963435193782,0.86221156970995,0.880420706082788,0.921706298145444
Switzerland,2021-02-10,,estimate,0.847722986199897,0.844312534974224,0.0511801381716925,0.757211388752343,0.812424833651335,0.83432839216709,0.858976042724546,0.878732376960984,0.923006792173612
Switzerland,2021-02-11,,estimate based on partial data,0.844085797258574,0.840063644591076,0.055678612106562,0.745588002652216,0.805696952829399,0.829646038176136,0.857004585553082,0.877573648529187,0.925010884897356
Switzerland,2021-02-12,,estimate based on partial data,0.840834607130805,0.836106658715341,0.0603632202087063,0.731227680296699,0.799128105946094,0.82519667562866,0.854709820745807,0.876944239815321,0.928204278956515
Switzerland,2021-02-13,,estimate based on partial data,0.837381923697638,0.832467975046177,0.0652047379925157,0.717856703864141,0.792597602252007,0.820618555524495,0.852513175540852,0.876829976292195,0.931528537606379
Switzerland,2021-02-14,,estimate based on partial data,0.834597854695205,0.82916595299326,0.0701856750509913,0.705899046518129,0.787103802318614,0.817133063978483,0.85118362899204,0.876202057412299,0.935661515036258
Switzerland,2021-02-15,,estimate based on partial data,0.832543916211267,0.82621115611027,0.0752948919672692,0.693516714186576,0.781250195824333,0.813411730175719,0.849230669173854,0.87650655747055,0.940820584516959
Switzerland,2021-02-16,,estimate based on partial data,0.829855234136242,0.823606851967181,0.0805238874186877,0.679971547029556,0.776185195817712,0.81006294325794,0.847535489492947,0.87693082748719,0.945360182778028
Switzerland,2021-02-17,,estimate based on partial data,0.82808735541835,0.821349783647942,0.0858653870744017,0.668833985907422,0.771486124356587,0.807008792676157,0.845841311902844,0.87784847301637,0.950932000595572
Switzerland,2021-02-18,,estimate based on partial data,0.825777600512713,0.819431150564651,0.0913136022045796,0.658300560984543,0.765494047465621,0.805022949675394,0.845022802636148,0.878863081461764,0.957572975630715
Switzerland,2021-02-19,,estimate based on partial data,0.824083152929627,0.817837665208426,0.0968648058478483,0.647686320887942,0.761138753037068,0.802863925382686,0.844932668700069,0.880219589595686,0.963258549802661
Switzerland,2021-02-20,,estimate based on partial data,0.823192546310705,0.81655253649903,0.102516958251648,0.638289464529154,0.757194346976736,0.799658374249733,0.845040901054773,0.880832708063495,0.969751190098825
Switzerland,2021-02-21,,estimate based on partial data,0.82222474860622,0.81555628563014,0.108267912579791,0.628950762792995,0.752632623301571,0.797001508777358,0.845803620779121,0.882547164797734,0.978456154498013
Switzerland,2021-02-22,,forecast,0.82222474860622,0.81555628563014,0.108267912579791,0.628950762792995,0.752632623301571,0.797001508777358,0.845803620779121,0.882547164797734,0.978456154498013
Switzerland,2021-02-23,,forecast,0.82222474860622,0.81555628563014,0.108267912579791,0.628950762792995,0.752632623301571,0.797001508777358,0.845803620779121,0.882547164797734,0.978456154498013
Switzerland,2021-02-24,,forecast,0.82222474860622,0.81555628563014,0.108267912579791,0.628950762792995,0.752632623301571,0.797001508777358,0.845803620779121,0.882547164797734,0.978456154498013
Switzerland,2021-02-25,,forecast,0.82222474860622,0.81555628563014,0.108267912579791,0.628950762792995,0.752632623301571,0.797001508777358,0.845803620779121,0.882547164797734,0.978456154498013
Switzerland,2021-02-26,,forecast,0.82222474860622,0.81555628563014,0.108267912579791,0.628950762792995,0.752632623301571,0.797001508777358,0.845803620779121,0.882547164797734,0.978456154498013
Switzerland,2021-02-27,,forecast,0.82222474860622,0.81555628563014,0.108267912579791,0.628950762792995,0.752632623301571,0.797001508777358,0.845803620779121,0.882547164797734,0.978456154498013
Switzerland,2021-02-28,,forecast,0.82222474860622,0.81555628563014,0.108267912579791,0.628950762792995,0.752632623301571,0.797001508777358,0.845803620779121,0.882547164797734,0.978456154498013
Switzerland,2021-03-01,,forecast,0.82222474860622,0.81555628563014,0.108267912579791,0.628950762792995,0.752632623301571,0.797001508777358,0.845803620779121,0.882547164797734,0.978456154498013
Switzerland,2021-03-02,,forecast,0.82222474860622,0.81555628563014,0.108267912579791,0.628950762792995,0.752632623301571,0.797001508777358,0.845803620779121,0.882547164797734,0.978456154498013
Switzerland,2021-03-03,,forecast,0.82222474860622,0.81555628563014,0.108267912579791,0.628950762792995,0.752632623301571,0.797001508777358,0.845803620779121,0.882547164797734,0.978456154498013
Switzerland,2021-03-04,,forecast,0.82222474860622,0.81555628563014,0.108267912579791,0.628950762792995,0.752632623301571,0.797001508777358,0.845803620779121,0.882547164797734,0.978456154498013
Switzerland,2021-03-05,,forecast,0.82222474860622,0.81555628563014,0.108267912579791,0.628950762792995,0.752632623301571,0.797001508777358,0.845803620779121,0.882547164797734,0.978456154498013
Switzerland,2021-03-06,,forecast,0.82222474860622,0.81555628563014,0.108267912579791,0.628950762792995,0.752632623301571,0.797001508777358,0.845803620779121,0.882547164797734,0.978456154498013
Switzerland,2021-03-07,,forecast,0.82222474860622,0.81555628563014,0.108267912579791,0.628950762792995,0.752632623301571,0.797001508777358,0.845803620779121,0.882547164797734,0.978456154498013
