,data_version,target,date,location,type,quantile,value
7175,,14 day R,2021-01-25,DE,point,NA,0.804994040975788
7176,,14 day R,2021-01-26,DE,point,NA,0.8068457235489291
7177,,14 day R,2021-01-27,DE,point,NA,0.809092634302323
7178,,14 day R,2021-01-28,DE,point,NA,0.811816858171306
7179,,14 day R,2021-01-29,DE,point,NA,0.8145903699543491
7180,,14 day R,2021-01-30,DE,point,NA,0.817436716194307
7181,,14 day R,2021-01-31,DE,point,NA,0.820677929512746
7182,,14 day R,2021-02-01,DE,point,NA,0.824736903459421
7183,,14 day R,2021-02-02,DE,point,NA,0.828774611445084
7184,,14 day R,2021-02-03,DE,point,NA,0.833096852315712
7185,,14 day R,2021-02-04,DE,point,NA,0.8374544387960391
7186,,14 day R,2021-02-05,DE,point,NA,0.8419241168879742
7187,,14 day R,2021-02-06,DE,point,NA,0.846664092775367
7188,,14 day R,2021-02-07,DE,point,NA,0.8514199876489471
7189,,14 day R,2021-02-08,DE,point,NA,0.855904965684302
7190,,14 day R,2021-02-09,DE,point,NA,0.8605331482004829
7191,,14 day R,2021-02-10,DE,point,NA,0.864637264860477
7192,,14 day R,2021-02-11,DE,point,NA,0.8691613591157329
7193,,14 day R,2021-02-12,DE,point,NA,0.873162148495302
7194,,14 day R,2021-02-13,DE,point,NA,0.8763679024242971
7195,,14 day R,2021-02-14,DE,point,NA,0.880125437091011
7196,,14 day R,2021-02-15,DE,point,NA,0.883489084711946
7197,,14 day R,2021-02-16,DE,point,NA,0.8868251465368392
7198,,14 day R,2021-02-17,DE,point,NA,0.889367579592297
7199,,14 day R,2021-02-18,DE,point,NA,0.891982909036245
7200,,14 day R,2021-02-19,DE,point,NA,0.89457242516463
7201,,14 day R,2021-02-20,DE,point,NA,0.8968606464701859
7202,,14 day R,2021-02-21,DE,point,NA,0.899470580246638
7203,,14 day R,2021-02-22,DE,point,NA,0.901685024345537
7204,,14 day R,2021-02-23,DE,point,NA,0.904034653460951
7205,,14 day R,2021-02-24,DE,point,NA,0.9058087810423242
7206,,14 day R,2021-02-25,DE,point,NA,0.9082549507363091
7207,,14 day R,2021-02-26,DE,point,NA,0.909982681837154
7208,,14 day R,2021-02-27,DE,point,NA,0.9123734610305371
7209,,14 day R,2021-02-28,DE,point,NA,0.915562970306364
7210,,14 day R,2021-03-01,DE,point,NA,0.918440681070365
7211,,14 day R,2021-03-02,DE,point,NA,0.92173547478339
7212,,14 day R,2021-03-03,DE,point,NA,0.925405746947874
7213,,14 day R,2021-03-04,DE,point,NA,0.929461858208898
7214,,14 day R,2021-03-05,DE,point,NA,0.933729070052382
7215,,14 day R,2021-03-06,DE,point,NA,0.938333830619491
7216,,14 day R,2021-03-07,DE,point,NA,0.943581811756028
7217,,14 day R,2021-03-08,DE,point,NA,0.949576472526965
7218,,14 day R,2021-03-09,DE,point,NA,0.955417929813625
7219,,14 day R,2021-03-10,DE,point,NA,0.9622592144858628
7220,,14 day R,2021-03-11,DE,point,NA,0.970093740366427
7221,,14 day R,2021-03-12,DE,point,NA,0.978163668499022
7222,,14 day R,2021-03-13,DE,point,NA,0.986687793885206
7223,,14 day R,2021-03-14,DE,point,NA,0.995611201094713
7224,,14 day R,2021-03-15,DE,point,NA,1.00526461766337
7225,,14 day R,2021-03-16,DE,point,NA,1.01511067149737
7226,,14 day R,2021-03-17,DE,point,NA,1.0256449347968801
7227,,14 day R,2021-03-18,DE,point,NA,1.03612446002849
7228,,14 day R,2021-03-19,DE,point,NA,1.0464448760559801
7229,,14 day R,2021-03-20,DE,point,NA,1.05675660252297
7230,,14 day R,2021-03-21,DE,point,NA,1.06627686131134
7231,,14 day R,2021-03-22,DE,point,NA,1.07583995279353
7232,,14 day R,2021-03-23,DE,point,NA,1.08512406393692
7233,,14 day R,2021-03-24,DE,point,NA,1.09415167391572
7234,,14 day R,2021-03-25,DE,point,NA,1.1016135153308202
7235,,14 day R,2021-03-26,DE,point,NA,1.1078377411879299
7236,,14 day R,2021-03-27,DE,point,NA,1.1131342331169098
7237,,14 day R,2021-03-28,DE,point,NA,1.11626300672045
7238,,14 day R,2021-03-29,DE,point,NA,1.1180038653486102
7239,,14 day R,2021-03-30,DE,point,NA,1.1183708545737299
7240,,14 day R,2021-03-31,DE,point,NA,1.11658598899398
7241,,14 day R,2021-04-01,DE,point,NA,1.11285931720156
7242,,14 day R,2021-04-02,DE,point,NA,1.1076778709608601
7243,,14 day R,2021-04-03,DE,point,NA,1.10092290431008
7244,,14 day R,2021-04-04,DE,point,NA,1.0925685029391
7245,,14 day R,2021-04-05,DE,point,NA,1.0830136357968299
7246,,14 day R,2021-04-06,DE,point,NA,1.0724837934525
7247,,14 day R,2021-04-07,DE,point,NA,1.06138124020241
7248,,14 day R,2021-04-08,DE,point,NA,1.04959451076891
7249,,14 day R,2021-04-09,DE,point,NA,1.03764311478955
7250,,14 day R,2021-04-10,DE,point,NA,1.0260810860818599
7251,,14 day R,2021-04-11,DE,point,NA,1.01429299820173
7252,,14 day R,2021-04-12,DE,point,NA,1.0032076247317099
7253,,14 day R,2021-04-13,DE,point,NA,0.992012676566618
7254,,14 day R,2021-04-14,DE,point,NA,0.9812396999693119
7255,,14 day R,2021-04-15,DE,point,NA,0.9708055558032059
7256,,14 day R,2021-04-16,DE,point,NA,0.9611942473637809
7257,,14 day R,2021-04-17,DE,point,NA,0.952292772255771
7258,,14 day R,2021-04-18,DE,point,NA,0.9439211798025359
7259,,14 day R,2021-04-19,DE,point,NA,0.936289876660945
7260,,14 day R,2021-04-20,DE,point,NA,0.929497170942925
7261,,14 day R,2021-04-21,DE,point,NA,0.923820599594905
7262,,14 day R,2021-04-22,DE,point,NA,0.918437204153989
7263,,14 day R,2021-04-23,DE,point,NA,0.914132063879945
7264,,14 day R,2021-04-24,DE,point,NA,0.9099314294279429
7265,,14 day R,2021-04-25,DE,point,NA,0.9057769384063951
7266,,14 day R,2021-04-26,DE,point,NA,0.902031556855896
7267,,14 day R,2021-04-27,DE,point,NA,0.899663392817305
7268,,14 day R,2021-04-28,DE,point,NA,0.897605323927812
7269,,14 day R,2021-04-29,DE,point,NA,0.895237382589481
7270,,14 day R,2021-04-30,DE,point,NA,0.8932046468895359
7271,,14 day R,2021-05-01,DE,point,NA,0.8920254366490649
7272,,14 day R,2021-05-02,DE,point,NA,0.8898938314117809
7273,,14 day R,2021-05-03,DE,point,NA,0.8889403066194859
7274,,14 day R,2021-05-04,DE,point,NA,0.8874126985150022
7275,,14 day R,2021-05-05,DE,point,NA,0.885611289185291
7276,,14 day R,2021-05-06,DE,point,NA,0.884387312458551
7277,,14 day R,2021-05-07,DE,point,NA,0.8833708746058281
7278,,14 day R,2021-05-08,DE,point,NA,0.882451282917732
7279,,14 day R,2021-05-09,DE,point,NA,0.8810888241433349
7280,,14 day R,2021-05-10,DE,point,NA,0.879589514838029
7281,,14 day R,2021-05-11,DE,point,NA,0.878005189108288
7282,,14 day R,2021-05-12,DE,point,NA,0.8768425461788051
7283,,14 day R,2021-05-13,DE,point,NA,0.8761898732442629
7284,,14 day R,2021-05-14,DE,point,NA,0.8754276231291049
7285,,14 day R,2021-05-15,DE,point,NA,0.8754739289353142
7286,,14 day R,2021-05-16,DE,point,NA,0.875306107480893
7287,,14 day R,2021-05-17,DE,point,NA,0.8755650952804521
27856,,14 day R,2021-01-25,DE,quantile,0.05,0.691222427854745
27857,,14 day R,2021-01-26,DE,quantile,0.05,0.7026925971003111
27858,,14 day R,2021-01-27,DE,quantile,0.05,0.7119839373531429
27859,,14 day R,2021-01-28,DE,quantile,0.05,0.7216132033220279
27860,,14 day R,2021-01-29,DE,quantile,0.05,0.729817928752813
27861,,14 day R,2021-01-30,DE,quantile,0.05,0.7395333742838059
27862,,14 day R,2021-01-31,DE,quantile,0.05,0.7498932831529009
27863,,14 day R,2021-02-01,DE,quantile,0.05,0.759733559051418
27864,,14 day R,2021-02-02,DE,quantile,0.05,0.768088088260621
27865,,14 day R,2021-02-03,DE,quantile,0.05,0.7754296525961809
27866,,14 day R,2021-02-04,DE,quantile,0.05,0.7829430573968381
27867,,14 day R,2021-02-05,DE,quantile,0.05,0.791335895620429
27868,,14 day R,2021-02-06,DE,quantile,0.05,0.798266400323227
27869,,14 day R,2021-02-07,DE,quantile,0.05,0.806039097362792
27870,,14 day R,2021-02-08,DE,quantile,0.05,0.8116463577520899
27871,,14 day R,2021-02-09,DE,quantile,0.05,0.816481515356966
27872,,14 day R,2021-02-10,DE,quantile,0.05,0.8215109686426859
27873,,14 day R,2021-02-11,DE,quantile,0.05,0.825371825446927
27874,,14 day R,2021-02-12,DE,quantile,0.05,0.830109477813491
27875,,14 day R,2021-02-13,DE,quantile,0.05,0.8342515530274351
27876,,14 day R,2021-02-14,DE,quantile,0.05,0.837521621850479
27877,,14 day R,2021-02-15,DE,quantile,0.05,0.8407602396064109
27878,,14 day R,2021-02-16,DE,quantile,0.05,0.843845949576784
27879,,14 day R,2021-02-17,DE,quantile,0.05,0.846727036574155
27880,,14 day R,2021-02-18,DE,quantile,0.05,0.85013903379836
27881,,14 day R,2021-02-19,DE,quantile,0.05,0.852836132272662
27882,,14 day R,2021-02-20,DE,quantile,0.05,0.854919377666025
27883,,14 day R,2021-02-21,DE,quantile,0.05,0.8571845239413158
27884,,14 day R,2021-02-22,DE,quantile,0.05,0.8587923190318629
27885,,14 day R,2021-02-23,DE,quantile,0.05,0.859982356145822
27886,,14 day R,2021-02-24,DE,quantile,0.05,0.861961820684115
27887,,14 day R,2021-02-25,DE,quantile,0.05,0.8639446288576109
27888,,14 day R,2021-02-26,DE,quantile,0.05,0.864910237854837
27889,,14 day R,2021-02-27,DE,quantile,0.05,0.8662669232302008
27890,,14 day R,2021-02-28,DE,quantile,0.05,0.867924718492479
27891,,14 day R,2021-03-01,DE,quantile,0.05,0.8691964678720259
27892,,14 day R,2021-03-02,DE,quantile,0.05,0.870052131362191
27893,,14 day R,2021-03-03,DE,quantile,0.05,0.8725183907169419
27894,,14 day R,2021-03-04,DE,quantile,0.05,0.875006353051877
27895,,14 day R,2021-03-05,DE,quantile,0.05,0.8768029637684591
27896,,14 day R,2021-03-06,DE,quantile,0.05,0.8796394018118371
27897,,14 day R,2021-03-07,DE,quantile,0.05,0.8853091430689691
27898,,14 day R,2021-03-08,DE,quantile,0.05,0.890181247041601
27899,,14 day R,2021-03-09,DE,quantile,0.05,0.8959278544799979
27900,,14 day R,2021-03-10,DE,quantile,0.05,0.90053262716914
27901,,14 day R,2021-03-11,DE,quantile,0.05,0.906575057529264
27902,,14 day R,2021-03-12,DE,quantile,0.05,0.912876555135539
27903,,14 day R,2021-03-13,DE,quantile,0.05,0.920319823406533
27904,,14 day R,2021-03-14,DE,quantile,0.05,0.929330348559478
27905,,14 day R,2021-03-15,DE,quantile,0.05,0.9397157430349721
27906,,14 day R,2021-03-16,DE,quantile,0.05,0.951578161983727
27907,,14 day R,2021-03-17,DE,quantile,0.05,0.963934288158135
27908,,14 day R,2021-03-18,DE,quantile,0.05,0.9769244190625308
27909,,14 day R,2021-03-19,DE,quantile,0.05,0.9903842510959859
27910,,14 day R,2021-03-20,DE,quantile,0.05,1.00353534028906
27911,,14 day R,2021-03-21,DE,quantile,0.05,1.01750214726153
27912,,14 day R,2021-03-22,DE,quantile,0.05,1.0294927634053799
27913,,14 day R,2021-03-23,DE,quantile,0.05,1.04076924652201
27914,,14 day R,2021-03-24,DE,quantile,0.05,1.04830070172403
27915,,14 day R,2021-03-25,DE,quantile,0.05,1.05508226145373
27916,,14 day R,2021-03-26,DE,quantile,0.05,1.06030152837228
27917,,14 day R,2021-03-27,DE,quantile,0.05,1.06305798295596
27918,,14 day R,2021-03-28,DE,quantile,0.05,1.06490980412176
27919,,14 day R,2021-03-29,DE,quantile,0.05,1.06498012548416
27920,,14 day R,2021-03-30,DE,quantile,0.05,1.06441982728296
27921,,14 day R,2021-03-31,DE,quantile,0.05,1.0625067563719999
27922,,14 day R,2021-04-01,DE,quantile,0.05,1.05968458877428
27923,,14 day R,2021-04-02,DE,quantile,0.05,1.05513687768009
27924,,14 day R,2021-04-03,DE,quantile,0.05,1.04955827878787
27925,,14 day R,2021-04-04,DE,quantile,0.05,1.0422630684115801
27926,,14 day R,2021-04-05,DE,quantile,0.05,1.0329885537438102
27927,,14 day R,2021-04-06,DE,quantile,0.05,1.02449542612782
27928,,14 day R,2021-04-07,DE,quantile,0.05,1.01293207786277
27929,,14 day R,2021-04-08,DE,quantile,0.05,0.9991275022891078
27930,,14 day R,2021-04-09,DE,quantile,0.05,0.98430494593676
27931,,14 day R,2021-04-10,DE,quantile,0.05,0.9683109250127441
27932,,14 day R,2021-04-11,DE,quantile,0.05,0.9540654805667059
27933,,14 day R,2021-04-12,DE,quantile,0.05,0.9387250456630759
27934,,14 day R,2021-04-13,DE,quantile,0.05,0.923729765237952
27935,,14 day R,2021-04-14,DE,quantile,0.05,0.9110543120996909
27936,,14 day R,2021-04-15,DE,quantile,0.05,0.8996144977691128
27937,,14 day R,2021-04-16,DE,quantile,0.05,0.889614541147106
27938,,14 day R,2021-04-17,DE,quantile,0.05,0.882890041348721
27939,,14 day R,2021-04-18,DE,quantile,0.05,0.8755763517973
27940,,14 day R,2021-04-19,DE,quantile,0.05,0.869873221221338
27941,,14 day R,2021-04-20,DE,quantile,0.05,0.865497274645407
27942,,14 day R,2021-04-21,DE,quantile,0.05,0.862057336089261
27943,,14 day R,2021-04-22,DE,quantile,0.05,0.858980903653248
27944,,14 day R,2021-04-23,DE,quantile,0.05,0.855823634947062
27945,,14 day R,2021-04-24,DE,quantile,0.05,0.852247910462349
27946,,14 day R,2021-04-25,DE,quantile,0.05,0.8475170247622029
27947,,14 day R,2021-04-26,DE,quantile,0.05,0.841802105010708
27948,,14 day R,2021-04-27,DE,quantile,0.05,0.8361941095683159
27949,,14 day R,2021-04-28,DE,quantile,0.05,0.829915504261155
27950,,14 day R,2021-04-29,DE,quantile,0.05,0.822030804342518
27951,,14 day R,2021-04-30,DE,quantile,0.05,0.81497678883958
27952,,14 day R,2021-05-01,DE,quantile,0.05,0.807238510900477
27953,,14 day R,2021-05-02,DE,quantile,0.05,0.797249032266973
27954,,14 day R,2021-05-03,DE,quantile,0.05,0.78731695851541
27955,,14 day R,2021-05-04,DE,quantile,0.05,0.7776643022412421
27956,,14 day R,2021-05-05,DE,quantile,0.05,0.7682501771765359
27957,,14 day R,2021-05-06,DE,quantile,0.05,0.7567428331971221
27958,,14 day R,2021-05-07,DE,quantile,0.05,0.7450867265856619
27959,,14 day R,2021-05-08,DE,quantile,0.05,0.734609167179371
27960,,14 day R,2021-05-09,DE,quantile,0.05,0.724099300657672
27961,,14 day R,2021-05-10,DE,quantile,0.05,0.7140850975590691
27962,,14 day R,2021-05-11,DE,quantile,0.05,0.7026444950177478
27963,,14 day R,2021-05-12,DE,quantile,0.05,0.6932311883972211
27964,,14 day R,2021-05-13,DE,quantile,0.05,0.6839979650763699
27965,,14 day R,2021-05-14,DE,quantile,0.05,0.673600986925285
27966,,14 day R,2021-05-15,DE,quantile,0.05,0.663893430287889
27967,,14 day R,2021-05-16,DE,quantile,0.05,0.6531203597770571
27968,,14 day R,2021-05-17,DE,quantile,0.05,0.643787454915454
48537,,14 day R,2021-01-25,DE,quantile,0.25,0.7596066948975471
48538,,14 day R,2021-01-26,DE,quantile,0.25,0.7649572718860981
48539,,14 day R,2021-01-27,DE,quantile,0.25,0.770085977285293
48540,,14 day R,2021-01-28,DE,quantile,0.25,0.775326624796994
48541,,14 day R,2021-01-29,DE,quantile,0.25,0.781351434355782
48542,,14 day R,2021-01-30,DE,quantile,0.25,0.787082055730307
48543,,14 day R,2021-01-31,DE,quantile,0.25,0.7928544004030891
48544,,14 day R,2021-02-01,DE,quantile,0.25,0.798562094559448
48545,,14 day R,2021-02-02,DE,quantile,0.25,0.8047853654559509
48546,,14 day R,2021-02-03,DE,quantile,0.25,0.8112106060468199
48547,,14 day R,2021-02-04,DE,quantile,0.25,0.8172957800359679
48548,,14 day R,2021-02-05,DE,quantile,0.25,0.8231317780005121
48549,,14 day R,2021-02-06,DE,quantile,0.25,0.8286450075510859
48550,,14 day R,2021-02-07,DE,quantile,0.25,0.8335033018284309
48551,,14 day R,2021-02-08,DE,quantile,0.25,0.838239296046395
48552,,14 day R,2021-02-09,DE,quantile,0.25,0.842799564185475
48553,,14 day R,2021-02-10,DE,quantile,0.25,0.847212938548625
48554,,14 day R,2021-02-11,DE,quantile,0.25,0.851044659213973
48555,,14 day R,2021-02-12,DE,quantile,0.25,0.8546017089128721
48556,,14 day R,2021-02-13,DE,quantile,0.25,0.8584122278675529
48557,,14 day R,2021-02-14,DE,quantile,0.25,0.8616095804446329
48558,,14 day R,2021-02-15,DE,quantile,0.25,0.8649260825652411
48559,,14 day R,2021-02-16,DE,quantile,0.25,0.867941449905252
48560,,14 day R,2021-02-17,DE,quantile,0.25,0.871036781196954
48561,,14 day R,2021-02-18,DE,quantile,0.25,0.8738317142584
48562,,14 day R,2021-02-19,DE,quantile,0.25,0.877263064175833
48563,,14 day R,2021-02-20,DE,quantile,0.25,0.880097609979841
48564,,14 day R,2021-02-21,DE,quantile,0.25,0.882289130157208
48565,,14 day R,2021-02-22,DE,quantile,0.25,0.884812485648639
48566,,14 day R,2021-02-23,DE,quantile,0.25,0.8867473031610501
48567,,14 day R,2021-02-24,DE,quantile,0.25,0.8889353491945841
48568,,14 day R,2021-02-25,DE,quantile,0.25,0.8905666121086361
48569,,14 day R,2021-02-26,DE,quantile,0.25,0.8930187730154571
48570,,14 day R,2021-02-27,DE,quantile,0.25,0.8952155557324449
48571,,14 day R,2021-02-28,DE,quantile,0.25,0.897239560357077
48572,,14 day R,2021-03-01,DE,quantile,0.25,0.899640538880128
48573,,14 day R,2021-03-02,DE,quantile,0.25,0.9019495309641279
48574,,14 day R,2021-03-03,DE,quantile,0.25,0.905376169008207
48575,,14 day R,2021-03-04,DE,quantile,0.25,0.908388337581274
48576,,14 day R,2021-03-05,DE,quantile,0.25,0.9124748499439609
48577,,14 day R,2021-03-06,DE,quantile,0.25,0.9166120219175291
48578,,14 day R,2021-03-07,DE,quantile,0.25,0.92184722751964
48579,,14 day R,2021-03-08,DE,quantile,0.25,0.9269228009397329
48580,,14 day R,2021-03-09,DE,quantile,0.25,0.9328985824965021
48581,,14 day R,2021-03-10,DE,quantile,0.25,0.9395006224927389
48582,,14 day R,2021-03-11,DE,quantile,0.25,0.9471457293703578
48583,,14 day R,2021-03-12,DE,quantile,0.25,0.9549718537037009
48584,,14 day R,2021-03-13,DE,quantile,0.25,0.963533620073091
48585,,14 day R,2021-03-14,DE,quantile,0.25,0.972892273588137
48586,,14 day R,2021-03-15,DE,quantile,0.25,0.98319066753022
48587,,14 day R,2021-03-16,DE,quantile,0.25,0.9938210378277809
48588,,14 day R,2021-03-17,DE,quantile,0.25,1.00424550495484
48589,,14 day R,2021-03-18,DE,quantile,0.25,1.01540741780546
48590,,14 day R,2021-03-19,DE,quantile,0.25,1.02631851297203
48591,,14 day R,2021-03-20,DE,quantile,0.25,1.0367261839031998
48592,,14 day R,2021-03-21,DE,quantile,0.25,1.04712957259911
48593,,14 day R,2021-03-22,DE,quantile,0.25,1.0578306707168001
48594,,14 day R,2021-03-23,DE,quantile,0.25,1.06649170080988
48595,,14 day R,2021-03-24,DE,quantile,0.25,1.07420410443261
48596,,14 day R,2021-03-25,DE,quantile,0.25,1.08075850397
48597,,14 day R,2021-03-26,DE,quantile,0.25,1.0865443097033
48598,,14 day R,2021-03-27,DE,quantile,0.25,1.0907411594474399
48599,,14 day R,2021-03-28,DE,quantile,0.25,1.09337385032924
48600,,14 day R,2021-03-29,DE,quantile,0.25,1.09408565591887
48601,,14 day R,2021-03-30,DE,quantile,0.25,1.09375575576122
48602,,14 day R,2021-03-31,DE,quantile,0.25,1.09176280900077
48603,,14 day R,2021-04-01,DE,quantile,0.25,1.08839723218472
48604,,14 day R,2021-04-02,DE,quantile,0.25,1.0835722939722199
48605,,14 day R,2021-04-03,DE,quantile,0.25,1.0777571576943101
48606,,14 day R,2021-04-04,DE,quantile,0.25,1.07055946878101
48607,,14 day R,2021-04-05,DE,quantile,0.25,1.06237975303122
48608,,14 day R,2021-04-06,DE,quantile,0.25,1.0527060771140402
48609,,14 day R,2021-04-07,DE,quantile,0.25,1.04171972722178
48610,,14 day R,2021-04-08,DE,quantile,0.25,1.03045736474273
48611,,14 day R,2021-04-09,DE,quantile,0.25,1.01832356977008
48612,,14 day R,2021-04-10,DE,quantile,0.25,1.00598863544539
48613,,14 day R,2021-04-11,DE,quantile,0.25,0.993165461686164
48614,,14 day R,2021-04-12,DE,quantile,0.25,0.9806016298681199
48615,,14 day R,2021-04-13,DE,quantile,0.25,0.968309983817136
48616,,14 day R,2021-04-14,DE,quantile,0.25,0.9568037825432671
48617,,14 day R,2021-04-15,DE,quantile,0.25,0.946154339759884
48618,,14 day R,2021-04-16,DE,quantile,0.25,0.936699179363489
48619,,14 day R,2021-04-17,DE,quantile,0.25,0.9271758826042191
48620,,14 day R,2021-04-18,DE,quantile,0.25,0.9197852567255351
48621,,14 day R,2021-04-19,DE,quantile,0.25,0.912918607436864
48622,,14 day R,2021-04-20,DE,quantile,0.25,0.906640363713717
48623,,14 day R,2021-04-21,DE,quantile,0.25,0.900198440371763
48624,,14 day R,2021-04-22,DE,quantile,0.25,0.8956790619977281
48625,,14 day R,2021-04-23,DE,quantile,0.25,0.890362992237038
48626,,14 day R,2021-04-24,DE,quantile,0.25,0.886078405914104
48627,,14 day R,2021-04-25,DE,quantile,0.25,0.8818935107444409
48628,,14 day R,2021-04-26,DE,quantile,0.25,0.8781232889520121
48629,,14 day R,2021-04-27,DE,quantile,0.25,0.874160325251159
48630,,14 day R,2021-04-28,DE,quantile,0.25,0.869827917582351
48631,,14 day R,2021-04-29,DE,quantile,0.25,0.8660790399460551
48632,,14 day R,2021-04-30,DE,quantile,0.25,0.862093983652185
48633,,14 day R,2021-05-01,DE,quantile,0.25,0.857033660505693
48634,,14 day R,2021-05-02,DE,quantile,0.25,0.852611606927058
48635,,14 day R,2021-05-03,DE,quantile,0.25,0.8490689828919709
48636,,14 day R,2021-05-04,DE,quantile,0.25,0.8444273651784541
48637,,14 day R,2021-05-05,DE,quantile,0.25,0.8401447926664559
48638,,14 day R,2021-05-06,DE,quantile,0.25,0.8359095093364299
48639,,14 day R,2021-05-07,DE,quantile,0.25,0.8309762858051991
48640,,14 day R,2021-05-08,DE,quantile,0.25,0.825725807010493
48641,,14 day R,2021-05-09,DE,quantile,0.25,0.82074597917239
48642,,14 day R,2021-05-10,DE,quantile,0.25,0.8163786741532071
48643,,14 day R,2021-05-11,DE,quantile,0.25,0.811426581796021
48644,,14 day R,2021-05-12,DE,quantile,0.25,0.806506487026173
48645,,14 day R,2021-05-13,DE,quantile,0.25,0.802348907844309
48646,,14 day R,2021-05-14,DE,quantile,0.25,0.797802612803205
48647,,14 day R,2021-05-15,DE,quantile,0.25,0.793438689726572
48648,,14 day R,2021-05-16,DE,quantile,0.25,0.7893042360012241
48649,,14 day R,2021-05-17,DE,quantile,0.25,0.7853498486878281
69218,,14 day R,2021-01-25,DE,quantile,0.4,0.789037140810067
69219,,14 day R,2021-01-26,DE,quantile,0.4,0.791402484804984
69220,,14 day R,2021-01-27,DE,quantile,0.4,0.7950316371702941
69221,,14 day R,2021-01-28,DE,quantile,0.4,0.798540092306272
69222,,14 day R,2021-01-29,DE,quantile,0.4,0.802384343970197
69223,,14 day R,2021-01-30,DE,quantile,0.4,0.806055526488082
69224,,14 day R,2021-01-31,DE,quantile,0.4,0.811026408519861
69225,,14 day R,2021-02-01,DE,quantile,0.4,0.81513840224908
69226,,14 day R,2021-02-02,DE,quantile,0.4,0.8198444633329259
69227,,14 day R,2021-02-03,DE,quantile,0.4,0.8249316119379849
69228,,14 day R,2021-02-04,DE,quantile,0.4,0.829959833125643
69229,,14 day R,2021-02-05,DE,quantile,0.4,0.8350416461390581
69230,,14 day R,2021-02-06,DE,quantile,0.4,0.8398020929761371
69231,,14 day R,2021-02-07,DE,quantile,0.4,0.8443706398218539
69232,,14 day R,2021-02-08,DE,quantile,0.4,0.849140427199893
69233,,14 day R,2021-02-09,DE,quantile,0.4,0.8536861378617949
69234,,14 day R,2021-02-10,DE,quantile,0.4,0.858082345543693
69235,,14 day R,2021-02-11,DE,quantile,0.4,0.862090541161157
69236,,14 day R,2021-02-12,DE,quantile,0.4,0.8658500141714541
69237,,14 day R,2021-02-13,DE,quantile,0.4,0.8696341361448209
69238,,14 day R,2021-02-14,DE,quantile,0.4,0.873053199591722
69239,,14 day R,2021-02-15,DE,quantile,0.4,0.876413786684305
69240,,14 day R,2021-02-16,DE,quantile,0.4,0.8793438055661559
69241,,14 day R,2021-02-17,DE,quantile,0.4,0.8824189639926909
69242,,14 day R,2021-02-18,DE,quantile,0.4,0.8850150420908091
69243,,14 day R,2021-02-19,DE,quantile,0.4,0.887277510932049
69244,,14 day R,2021-02-20,DE,quantile,0.4,0.890582550721174
69245,,14 day R,2021-02-21,DE,quantile,0.4,0.892880870435379
69246,,14 day R,2021-02-22,DE,quantile,0.4,0.895061605039447
69247,,14 day R,2021-02-23,DE,quantile,0.4,0.8972195872442429
69248,,14 day R,2021-02-24,DE,quantile,0.4,0.8992266280135781
69249,,14 day R,2021-02-25,DE,quantile,0.4,0.9015992791290459
69250,,14 day R,2021-02-26,DE,quantile,0.4,0.9037834106578471
69251,,14 day R,2021-02-27,DE,quantile,0.4,0.9058924741323959
69252,,14 day R,2021-02-28,DE,quantile,0.4,0.9083912924023779
69253,,14 day R,2021-03-01,DE,quantile,0.4,0.9116805641856909
69254,,14 day R,2021-03-02,DE,quantile,0.4,0.914460267531707
69255,,14 day R,2021-03-03,DE,quantile,0.4,0.9174541948605451
69256,,14 day R,2021-03-04,DE,quantile,0.4,0.9217207401185501
69257,,14 day R,2021-03-05,DE,quantile,0.4,0.925994075735304
69258,,14 day R,2021-03-06,DE,quantile,0.4,0.9307689409470891
69259,,14 day R,2021-03-07,DE,quantile,0.4,0.935839098108783
69260,,14 day R,2021-03-08,DE,quantile,0.4,0.9415228238708759
69261,,14 day R,2021-03-09,DE,quantile,0.4,0.947941248589008
69262,,14 day R,2021-03-10,DE,quantile,0.4,0.9546319875510241
69263,,14 day R,2021-03-11,DE,quantile,0.4,0.962188429670668
69264,,14 day R,2021-03-12,DE,quantile,0.4,0.969920026554947
69265,,14 day R,2021-03-13,DE,quantile,0.4,0.978318857191145
69266,,14 day R,2021-03-14,DE,quantile,0.4,0.987549898233999
69267,,14 day R,2021-03-15,DE,quantile,0.4,0.997160608176258
69268,,14 day R,2021-03-16,DE,quantile,0.4,1.00734115641835
69269,,14 day R,2021-03-17,DE,quantile,0.4,1.01763035361211
69270,,14 day R,2021-03-18,DE,quantile,0.4,1.02828161244619
69271,,14 day R,2021-03-19,DE,quantile,0.4,1.03961845581149
69272,,14 day R,2021-03-20,DE,quantile,0.4,1.0497731040479301
69273,,14 day R,2021-03-21,DE,quantile,0.4,1.05969868910252
69274,,14 day R,2021-03-22,DE,quantile,0.4,1.06866822803547
69275,,14 day R,2021-03-23,DE,quantile,0.4,1.0777678261539
69276,,14 day R,2021-03-24,DE,quantile,0.4,1.0863959842842301
69277,,14 day R,2021-03-25,DE,quantile,0.4,1.0933927545823399
69278,,14 day R,2021-03-26,DE,quantile,0.4,1.09926477586894
69279,,14 day R,2021-03-27,DE,quantile,0.4,1.10393922636796
69280,,14 day R,2021-03-28,DE,quantile,0.4,1.1068994399122298
69281,,14 day R,2021-03-29,DE,quantile,0.4,1.1085851378295501
69282,,14 day R,2021-03-30,DE,quantile,0.4,1.10844191208078
69283,,14 day R,2021-03-31,DE,quantile,0.4,1.10702312678969
69284,,14 day R,2021-04-01,DE,quantile,0.4,1.1031755819487
69285,,14 day R,2021-04-02,DE,quantile,0.4,1.09829064341795
69286,,14 day R,2021-04-03,DE,quantile,0.4,1.09197972913153
69287,,14 day R,2021-04-04,DE,quantile,0.4,1.08402183254758
69288,,14 day R,2021-04-05,DE,quantile,0.4,1.07459779625017
69289,,14 day R,2021-04-06,DE,quantile,0.4,1.06433937105876
69290,,14 day R,2021-04-07,DE,quantile,0.4,1.0536278618852601
69291,,14 day R,2021-04-08,DE,quantile,0.4,1.0422546415021
69292,,14 day R,2021-04-09,DE,quantile,0.4,1.0306419670634202
69293,,14 day R,2021-04-10,DE,quantile,0.4,1.01899827983903
69294,,14 day R,2021-04-11,DE,quantile,0.4,1.00715029147598
69295,,14 day R,2021-04-12,DE,quantile,0.4,0.9954127849551059
69296,,14 day R,2021-04-13,DE,quantile,0.4,0.9837651411095831
69297,,14 day R,2021-04-14,DE,quantile,0.4,0.9730557910089351
69298,,14 day R,2021-04-15,DE,quantile,0.4,0.9624960606805679
69299,,14 day R,2021-04-16,DE,quantile,0.4,0.953058658691455
69300,,14 day R,2021-04-17,DE,quantile,0.4,0.943824317174955
69301,,14 day R,2021-04-18,DE,quantile,0.4,0.93547318631897
69302,,14 day R,2021-04-19,DE,quantile,0.4,0.927903538173416
69303,,14 day R,2021-04-20,DE,quantile,0.4,0.9208821670890841
69304,,14 day R,2021-04-21,DE,quantile,0.4,0.914711222259343
69305,,14 day R,2021-04-22,DE,quantile,0.4,0.9099937408323671
69306,,14 day R,2021-04-23,DE,quantile,0.4,0.90568225923007
69307,,14 day R,2021-04-24,DE,quantile,0.4,0.901330248267025
69308,,14 day R,2021-04-25,DE,quantile,0.4,0.897693421834451
69309,,14 day R,2021-04-26,DE,quantile,0.4,0.893958951998073
69310,,14 day R,2021-04-27,DE,quantile,0.4,0.890563300573447
69311,,14 day R,2021-04-28,DE,quantile,0.4,0.88749309556065
69312,,14 day R,2021-04-29,DE,quantile,0.4,0.8843301656283249
69313,,14 day R,2021-04-30,DE,quantile,0.4,0.8818815881144839
69314,,14 day R,2021-05-01,DE,quantile,0.4,0.8793059999186
69315,,14 day R,2021-05-02,DE,quantile,0.4,0.876869390501637
69316,,14 day R,2021-05-03,DE,quantile,0.4,0.8739701462199091
69317,,14 day R,2021-05-04,DE,quantile,0.4,0.871330232507718
69318,,14 day R,2021-05-05,DE,quantile,0.4,0.868870030319772
69319,,14 day R,2021-05-06,DE,quantile,0.4,0.866609261112441
69320,,14 day R,2021-05-07,DE,quantile,0.4,0.863361976728042
69321,,14 day R,2021-05-08,DE,quantile,0.4,0.8609767238896601
69322,,14 day R,2021-05-09,DE,quantile,0.4,0.858565221919685
69323,,14 day R,2021-05-10,DE,quantile,0.4,0.856359372033315
69324,,14 day R,2021-05-11,DE,quantile,0.4,0.853122918653325
69325,,14 day R,2021-05-12,DE,quantile,0.4,0.851171232601835
69326,,14 day R,2021-05-13,DE,quantile,0.4,0.849305595548067
69327,,14 day R,2021-05-14,DE,quantile,0.4,0.8468916328090091
69328,,14 day R,2021-05-15,DE,quantile,0.4,0.84506163861832
69329,,14 day R,2021-05-16,DE,quantile,0.4,0.8439237186810459
69330,,14 day R,2021-05-17,DE,quantile,0.4,0.8428415071149549
89899,,14 day R,2021-01-25,DE,quantile,0.6,0.821341040425303
89900,,14 day R,2021-01-26,DE,quantile,0.6,0.821294171936609
89901,,14 day R,2021-01-27,DE,quantile,0.6,0.8224568517449
89902,,14 day R,2021-01-28,DE,quantile,0.6,0.824229423654359
89903,,14 day R,2021-01-29,DE,quantile,0.6,0.8257305411199192
89904,,14 day R,2021-01-30,DE,quantile,0.6,0.8279102117362359
89905,,14 day R,2021-01-31,DE,quantile,0.6,0.8305565191296809
89906,,14 day R,2021-02-01,DE,quantile,0.6,0.833832290587865
89907,,14 day R,2021-02-02,DE,quantile,0.6,0.8372494495126029
89908,,14 day R,2021-02-03,DE,quantile,0.6,0.8404781388984119
89909,,14 day R,2021-02-04,DE,quantile,0.6,0.844679670018505
89910,,14 day R,2021-02-05,DE,quantile,0.6,0.848780097447374
89911,,14 day R,2021-02-06,DE,quantile,0.6,0.853369063308236
89912,,14 day R,2021-02-07,DE,quantile,0.6,0.858227949199425
89913,,14 day R,2021-02-08,DE,quantile,0.6,0.863034851052885
89914,,14 day R,2021-02-09,DE,quantile,0.6,0.867570287486977
89915,,14 day R,2021-02-10,DE,quantile,0.6,0.871769425297831
89916,,14 day R,2021-02-11,DE,quantile,0.6,0.8761712155817099
89917,,14 day R,2021-02-12,DE,quantile,0.6,0.8803620352899459
89918,,14 day R,2021-02-13,DE,quantile,0.6,0.8843329663331979
89919,,14 day R,2021-02-14,DE,quantile,0.6,0.8881803511994371
89920,,14 day R,2021-02-15,DE,quantile,0.6,0.891426459834429
89921,,14 day R,2021-02-16,DE,quantile,0.6,0.894213751032701
89922,,14 day R,2021-02-17,DE,quantile,0.6,0.897081730819148
89923,,14 day R,2021-02-18,DE,quantile,0.6,0.9000776544394541
89924,,14 day R,2021-02-19,DE,quantile,0.6,0.90209271497722
89925,,14 day R,2021-02-20,DE,quantile,0.6,0.903580167952817
89926,,14 day R,2021-02-21,DE,quantile,0.6,0.906224832333726
89927,,14 day R,2021-02-22,DE,quantile,0.6,0.9081273966455481
89928,,14 day R,2021-02-23,DE,quantile,0.6,0.9104602697300699
89929,,14 day R,2021-02-24,DE,quantile,0.6,0.9126311398389809
89930,,14 day R,2021-02-25,DE,quantile,0.6,0.9146347585561371
89931,,14 day R,2021-02-26,DE,quantile,0.6,0.91671813520876
89932,,14 day R,2021-02-27,DE,quantile,0.6,0.919139612783196
89933,,14 day R,2021-02-28,DE,quantile,0.6,0.921940240410006
89934,,14 day R,2021-03-01,DE,quantile,0.6,0.9249521556429051
89935,,14 day R,2021-03-02,DE,quantile,0.6,0.9284710953740231
89936,,14 day R,2021-03-03,DE,quantile,0.6,0.9324013292435009
89937,,14 day R,2021-03-04,DE,quantile,0.6,0.936605450505748
89938,,14 day R,2021-03-05,DE,quantile,0.6,0.9410858828225841
89939,,14 day R,2021-03-06,DE,quantile,0.6,0.946148198097658
89940,,14 day R,2021-03-07,DE,quantile,0.6,0.9513456816780891
89941,,14 day R,2021-03-08,DE,quantile,0.6,0.9570379791325859
89942,,14 day R,2021-03-09,DE,quantile,0.6,0.9634490042166391
89943,,14 day R,2021-03-10,DE,quantile,0.6,0.970726500884082
89944,,14 day R,2021-03-11,DE,quantile,0.6,0.9782796776682049
89945,,14 day R,2021-03-12,DE,quantile,0.6,0.986021142565592
89946,,14 day R,2021-03-13,DE,quantile,0.6,0.994748626808598
89947,,14 day R,2021-03-14,DE,quantile,0.6,1.00368810823147
89948,,14 day R,2021-03-15,DE,quantile,0.6,1.01306988169844
89949,,14 day R,2021-03-16,DE,quantile,0.6,1.02279490273301
89950,,14 day R,2021-03-17,DE,quantile,0.6,1.03266023179611
89951,,14 day R,2021-03-18,DE,quantile,0.6,1.0428718902874698
89952,,14 day R,2021-03-19,DE,quantile,0.6,1.05333255322743
89953,,14 day R,2021-03-20,DE,quantile,0.6,1.0633451103904
89954,,14 day R,2021-03-21,DE,quantile,0.6,1.0736598618356
89955,,14 day R,2021-03-22,DE,quantile,0.6,1.08360777378497
89956,,14 day R,2021-03-23,DE,quantile,0.6,1.09294670755797
89957,,14 day R,2021-03-24,DE,quantile,0.6,1.10178068319218
89958,,14 day R,2021-03-25,DE,quantile,0.6,1.11015166654046
89959,,14 day R,2021-03-26,DE,quantile,0.6,1.11745817128615
89960,,14 day R,2021-03-27,DE,quantile,0.6,1.12222870866059
89961,,14 day R,2021-03-28,DE,quantile,0.6,1.1261639230215301
89962,,14 day R,2021-03-29,DE,quantile,0.6,1.1283541150891299
89963,,14 day R,2021-03-30,DE,quantile,0.6,1.12892417732207
89964,,14 day R,2021-03-31,DE,quantile,0.6,1.12700203332328
89965,,14 day R,2021-04-01,DE,quantile,0.6,1.12312275254218
89966,,14 day R,2021-04-02,DE,quantile,0.6,1.1178647785575
89967,,14 day R,2021-04-03,DE,quantile,0.6,1.11035076835899
89968,,14 day R,2021-04-04,DE,quantile,0.6,1.10151382657854
89969,,14 day R,2021-04-05,DE,quantile,0.6,1.09192476643391
89970,,14 day R,2021-04-06,DE,quantile,0.6,1.08103431126212
89971,,14 day R,2021-04-07,DE,quantile,0.6,1.0694089705873
89972,,14 day R,2021-04-08,DE,quantile,0.6,1.05753134782509
89973,,14 day R,2021-04-09,DE,quantile,0.6,1.04551173349401
89974,,14 day R,2021-04-10,DE,quantile,0.6,1.03339103162321
89975,,14 day R,2021-04-11,DE,quantile,0.6,1.02150065991121
89976,,14 day R,2021-04-12,DE,quantile,0.6,1.01021602576011
89977,,14 day R,2021-04-13,DE,quantile,0.6,0.9993157950015742
89978,,14 day R,2021-04-14,DE,quantile,0.6,0.988356654375959
89979,,14 day R,2021-04-15,DE,quantile,0.6,0.9784197116997411
89980,,14 day R,2021-04-16,DE,quantile,0.6,0.9689054017585659
89981,,14 day R,2021-04-17,DE,quantile,0.6,0.9601935715383929
89982,,14 day R,2021-04-18,DE,quantile,0.6,0.95226909766864
89983,,14 day R,2021-04-19,DE,quantile,0.6,0.9448873677645621
89984,,14 day R,2021-04-20,DE,quantile,0.6,0.938010504956975
89985,,14 day R,2021-04-21,DE,quantile,0.6,0.931727558411156
89986,,14 day R,2021-04-22,DE,quantile,0.6,0.9265915944692041
89987,,14 day R,2021-04-23,DE,quantile,0.6,0.921515506271637
89988,,14 day R,2021-04-24,DE,quantile,0.6,0.917639946439755
89989,,14 day R,2021-04-25,DE,quantile,0.6,0.914090650912891
89990,,14 day R,2021-04-26,DE,quantile,0.6,0.9110195851633031
89991,,14 day R,2021-04-27,DE,quantile,0.6,0.909065836281978
89992,,14 day R,2021-04-28,DE,quantile,0.6,0.90740621610898
89993,,14 day R,2021-04-29,DE,quantile,0.6,0.9065843957970341
89994,,14 day R,2021-04-30,DE,quantile,0.6,0.905414404947213
89995,,14 day R,2021-05-01,DE,quantile,0.6,0.9044088400836429
89996,,14 day R,2021-05-02,DE,quantile,0.6,0.904422216843922
89997,,14 day R,2021-05-03,DE,quantile,0.6,0.903517022242596
89998,,14 day R,2021-05-04,DE,quantile,0.6,0.903261750944271
89999,,14 day R,2021-05-05,DE,quantile,0.6,0.903249947350672
90000,,14 day R,2021-05-06,DE,quantile,0.6,0.9033317374556221
90001,,14 day R,2021-05-07,DE,quantile,0.6,0.902849654447749
90002,,14 day R,2021-05-08,DE,quantile,0.6,0.90338763597803
90003,,14 day R,2021-05-09,DE,quantile,0.6,0.9040498000059309
90004,,14 day R,2021-05-10,DE,quantile,0.6,0.9047968909836429
90005,,14 day R,2021-05-11,DE,quantile,0.6,0.9045626871591109
90006,,14 day R,2021-05-12,DE,quantile,0.6,0.904483678204438
90007,,14 day R,2021-05-13,DE,quantile,0.6,0.905102946564698
90008,,14 day R,2021-05-14,DE,quantile,0.6,0.9053909607487058
90009,,14 day R,2021-05-15,DE,quantile,0.6,0.9067258722714608
90010,,14 day R,2021-05-16,DE,quantile,0.6,0.9080937550469
90011,,14 day R,2021-05-17,DE,quantile,0.6,0.9094342100756679
110580,,14 day R,2021-01-25,DE,quantile,0.75,0.8497513048893671
110581,,14 day R,2021-01-26,DE,quantile,0.75,0.8476219063715971
110582,,14 day R,2021-01-27,DE,quantile,0.75,0.8457732232372621
110583,,14 day R,2021-01-28,DE,quantile,0.75,0.844833262001908
110584,,14 day R,2021-01-29,DE,quantile,0.75,0.845511844742028
110585,,14 day R,2021-01-30,DE,quantile,0.75,0.845842736204192
110586,,14 day R,2021-01-31,DE,quantile,0.75,0.847274982741832
110587,,14 day R,2021-02-01,DE,quantile,0.75,0.848435427491052
110588,,14 day R,2021-02-02,DE,quantile,0.75,0.850639477275261
110589,,14 day R,2021-02-03,DE,quantile,0.75,0.853165792099448
110590,,14 day R,2021-02-04,DE,quantile,0.75,0.856653286576085
110591,,14 day R,2021-02-05,DE,quantile,0.75,0.8604186104943978
110592,,14 day R,2021-02-06,DE,quantile,0.75,0.865097212152314
110593,,14 day R,2021-02-07,DE,quantile,0.75,0.869369598213986
110594,,14 day R,2021-02-08,DE,quantile,0.75,0.87407912218251
110595,,14 day R,2021-02-09,DE,quantile,0.75,0.8795256237288008
110596,,14 day R,2021-02-10,DE,quantile,0.75,0.8839441932739709
110597,,14 day R,2021-02-11,DE,quantile,0.75,0.8894340392633359
110598,,14 day R,2021-02-12,DE,quantile,0.75,0.894508652434116
110599,,14 day R,2021-02-13,DE,quantile,0.75,0.898335725086122
110600,,14 day R,2021-02-14,DE,quantile,0.75,0.901744365421384
110601,,14 day R,2021-02-15,DE,quantile,0.75,0.9056680049978959
110602,,14 day R,2021-02-16,DE,quantile,0.75,0.908763670107962
110603,,14 day R,2021-02-17,DE,quantile,0.75,0.9118727613763941
110604,,14 day R,2021-02-18,DE,quantile,0.75,0.914586109390114
110605,,14 day R,2021-02-19,DE,quantile,0.75,0.9165360354141671
110606,,14 day R,2021-02-20,DE,quantile,0.75,0.9181056629189008
110607,,14 day R,2021-02-21,DE,quantile,0.75,0.9195782099238159
110608,,14 day R,2021-02-22,DE,quantile,0.75,0.921008728561794
110609,,14 day R,2021-02-23,DE,quantile,0.75,0.922238888842674
110610,,14 day R,2021-02-24,DE,quantile,0.75,0.92378733428802
110611,,14 day R,2021-02-25,DE,quantile,0.75,0.925601269204748
110612,,14 day R,2021-02-26,DE,quantile,0.75,0.928227680007104
110613,,14 day R,2021-02-27,DE,quantile,0.75,0.9309894362812858
110614,,14 day R,2021-02-28,DE,quantile,0.75,0.9329947163782041
110615,,14 day R,2021-03-01,DE,quantile,0.75,0.9362667008168148
110616,,14 day R,2021-03-02,DE,quantile,0.75,0.9401775043060779
110617,,14 day R,2021-03-03,DE,quantile,0.75,0.944254271562917
110618,,14 day R,2021-03-04,DE,quantile,0.75,0.948597583708997
110619,,14 day R,2021-03-05,DE,quantile,0.75,0.9532459348098751
110620,,14 day R,2021-03-06,DE,quantile,0.75,0.958436056466192
110621,,14 day R,2021-03-07,DE,quantile,0.75,0.9637103803196941
110622,,14 day R,2021-03-08,DE,quantile,0.75,0.969562857952335
110623,,14 day R,2021-03-09,DE,quantile,0.75,0.9758136792422959
110624,,14 day R,2021-03-10,DE,quantile,0.75,0.982507334932972
110625,,14 day R,2021-03-11,DE,quantile,0.75,0.990393407076975
110626,,14 day R,2021-03-12,DE,quantile,0.75,0.998645802697093
110627,,14 day R,2021-03-13,DE,quantile,0.75,1.00688235771724
110628,,14 day R,2021-03-14,DE,quantile,0.75,1.0157910164266801
110629,,14 day R,2021-03-15,DE,quantile,0.75,1.02474440281333
110630,,14 day R,2021-03-16,DE,quantile,0.75,1.03417411653887
110631,,14 day R,2021-03-17,DE,quantile,0.75,1.0435497542769399
110632,,14 day R,2021-03-18,DE,quantile,0.75,1.05353612481985
110633,,14 day R,2021-03-19,DE,quantile,0.75,1.06362397217958
110634,,14 day R,2021-03-20,DE,quantile,0.75,1.07491350251578
110635,,14 day R,2021-03-21,DE,quantile,0.75,1.08569755385793
110636,,14 day R,2021-03-22,DE,quantile,0.75,1.0963606232094
110637,,14 day R,2021-03-23,DE,quantile,0.75,1.10638131846153
110638,,14 day R,2021-03-24,DE,quantile,0.75,1.1165622832593702
110639,,14 day R,2021-03-25,DE,quantile,0.75,1.1253593445567
110640,,14 day R,2021-03-26,DE,quantile,0.75,1.1336627458679298
110641,,14 day R,2021-03-27,DE,quantile,0.75,1.14049523701034
110642,,14 day R,2021-03-28,DE,quantile,0.75,1.1455990271366898
110643,,14 day R,2021-03-29,DE,quantile,0.75,1.14743121009316
110644,,14 day R,2021-03-30,DE,quantile,0.75,1.1476979344013702
110645,,14 day R,2021-03-31,DE,quantile,0.75,1.1464875867971
110646,,14 day R,2021-04-01,DE,quantile,0.75,1.1427748962751498
110647,,14 day R,2021-04-02,DE,quantile,0.75,1.13623871533151
110648,,14 day R,2021-04-03,DE,quantile,0.75,1.1284797787649399
110649,,14 day R,2021-04-04,DE,quantile,0.75,1.11880018498084
110650,,14 day R,2021-04-05,DE,quantile,0.75,1.1074421299152
110651,,14 day R,2021-04-06,DE,quantile,0.75,1.0954285704609599
110652,,14 day R,2021-04-07,DE,quantile,0.75,1.08286683530303
110653,,14 day R,2021-04-08,DE,quantile,0.75,1.07024804003418
110654,,14 day R,2021-04-09,DE,quantile,0.75,1.05790108572784
110655,,14 day R,2021-04-10,DE,quantile,0.75,1.04536044457837
110656,,14 day R,2021-04-11,DE,quantile,0.75,1.03311361124827
110657,,14 day R,2021-04-12,DE,quantile,0.75,1.02182356578906
110658,,14 day R,2021-04-13,DE,quantile,0.75,1.01046326665062
110659,,14 day R,2021-04-14,DE,quantile,0.75,1.0003816404827601
110660,,14 day R,2021-04-15,DE,quantile,0.75,0.990535656691415
110661,,14 day R,2021-04-16,DE,quantile,0.75,0.9812632626920559
110662,,14 day R,2021-04-17,DE,quantile,0.75,0.9724326022875799
110663,,14 day R,2021-04-18,DE,quantile,0.75,0.9640383215872091
110664,,14 day R,2021-04-19,DE,quantile,0.75,0.9568095580508471
110665,,14 day R,2021-04-20,DE,quantile,0.75,0.9503417176617579
110666,,14 day R,2021-04-21,DE,quantile,0.75,0.944464331803658
110667,,14 day R,2021-04-22,DE,quantile,0.75,0.9387907515977361
110668,,14 day R,2021-04-23,DE,quantile,0.75,0.934555831949605
110669,,14 day R,2021-04-24,DE,quantile,0.75,0.9305739917728258
110670,,14 day R,2021-04-25,DE,quantile,0.75,0.928283964317514
110671,,14 day R,2021-04-26,DE,quantile,0.75,0.926748839162042
110672,,14 day R,2021-04-27,DE,quantile,0.75,0.9260647960373449
110673,,14 day R,2021-04-28,DE,quantile,0.75,0.924969828029454
110674,,14 day R,2021-04-29,DE,quantile,0.75,0.924743108385462
110675,,14 day R,2021-04-30,DE,quantile,0.75,0.9246477170664441
110676,,14 day R,2021-05-01,DE,quantile,0.75,0.92566143489159
110677,,14 day R,2021-05-02,DE,quantile,0.75,0.92691932876147
110678,,14 day R,2021-05-03,DE,quantile,0.75,0.928957582225035
110679,,14 day R,2021-05-04,DE,quantile,0.75,0.9311066136602341
110680,,14 day R,2021-05-05,DE,quantile,0.75,0.9334472654268241
110681,,14 day R,2021-05-06,DE,quantile,0.75,0.9361214016063442
110682,,14 day R,2021-05-07,DE,quantile,0.75,0.9377606329692909
110683,,14 day R,2021-05-08,DE,quantile,0.75,0.9403321773296879
110684,,14 day R,2021-05-09,DE,quantile,0.75,0.943684618056782
110685,,14 day R,2021-05-10,DE,quantile,0.75,0.947365694170499
110686,,14 day R,2021-05-11,DE,quantile,0.75,0.951151980780216
110687,,14 day R,2021-05-12,DE,quantile,0.75,0.955028898065431
110688,,14 day R,2021-05-13,DE,quantile,0.75,0.9598359120286658
110689,,14 day R,2021-05-14,DE,quantile,0.75,0.964697690533208
110690,,14 day R,2021-05-15,DE,quantile,0.75,0.9680987124850451
110691,,14 day R,2021-05-16,DE,quantile,0.75,0.971642409777783
110692,,14 day R,2021-05-17,DE,quantile,0.75,0.976590669753382
131261,,14 day R,2021-01-25,DE,quantile,0.95,0.9195361371984141
131262,,14 day R,2021-01-26,DE,quantile,0.95,0.910650078747224
131263,,14 day R,2021-01-27,DE,quantile,0.95,0.9025252389835179
131264,,14 day R,2021-01-28,DE,quantile,0.95,0.8965723554701209
131265,,14 day R,2021-01-29,DE,quantile,0.95,0.892291261467618
131266,,14 day R,2021-01-30,DE,quantile,0.95,0.88905704635966
131267,,14 day R,2021-01-31,DE,quantile,0.95,0.8866847797678629
131268,,14 day R,2021-02-01,DE,quantile,0.95,0.885606469520842
131269,,14 day R,2021-02-02,DE,quantile,0.95,0.8838881514176351
131270,,14 day R,2021-02-03,DE,quantile,0.95,0.884986485344739
131271,,14 day R,2021-02-04,DE,quantile,0.95,0.8862211827522808
131272,,14 day R,2021-02-05,DE,quantile,0.95,0.8890274073672328
131273,,14 day R,2021-02-06,DE,quantile,0.95,0.8938557771537271
131274,,14 day R,2021-02-07,DE,quantile,0.95,0.899371173794419
131275,,14 day R,2021-02-08,DE,quantile,0.95,0.9056852010250959
131276,,14 day R,2021-02-09,DE,quantile,0.95,0.910769599258815
131277,,14 day R,2021-02-10,DE,quantile,0.95,0.9173464900561998
131278,,14 day R,2021-02-11,DE,quantile,0.95,0.924389377298715
131279,,14 day R,2021-02-12,DE,quantile,0.95,0.931260386245511
131280,,14 day R,2021-02-13,DE,quantile,0.95,0.9366991673218621
131281,,14 day R,2021-02-14,DE,quantile,0.95,0.9420977403631731
131282,,14 day R,2021-02-15,DE,quantile,0.95,0.946298484650027
131283,,14 day R,2021-02-16,DE,quantile,0.95,0.949548623207875
131284,,14 day R,2021-02-17,DE,quantile,0.95,0.9517675754117291
131285,,14 day R,2021-02-18,DE,quantile,0.95,0.954800602645805
131286,,14 day R,2021-02-19,DE,quantile,0.95,0.956187782475935
131287,,14 day R,2021-02-20,DE,quantile,0.95,0.956696030923386
131288,,14 day R,2021-02-21,DE,quantile,0.95,0.9577677041693571
131289,,14 day R,2021-02-22,DE,quantile,0.95,0.9578335352993409
131290,,14 day R,2021-02-23,DE,quantile,0.95,0.957279779790159
131291,,14 day R,2021-02-24,DE,quantile,0.95,0.95807433692796
131292,,14 day R,2021-02-25,DE,quantile,0.95,0.960258326022453
131293,,14 day R,2021-02-26,DE,quantile,0.95,0.959818612608182
131294,,14 day R,2021-02-27,DE,quantile,0.95,0.960899440167392
131295,,14 day R,2021-02-28,DE,quantile,0.95,0.962571666907137
131296,,14 day R,2021-03-01,DE,quantile,0.95,0.964975713779905
131297,,14 day R,2021-03-02,DE,quantile,0.95,0.967768588687065
131298,,14 day R,2021-03-03,DE,quantile,0.95,0.9706865803718691
131299,,14 day R,2021-03-04,DE,quantile,0.95,0.975699818164726
131300,,14 day R,2021-03-05,DE,quantile,0.95,0.9792256301508779
131301,,14 day R,2021-03-06,DE,quantile,0.95,0.984158634732002
131302,,14 day R,2021-03-07,DE,quantile,0.95,0.9891283229635401
131303,,14 day R,2021-03-08,DE,quantile,0.95,0.9960207479352958
131304,,14 day R,2021-03-09,DE,quantile,0.95,1.0022129381893399
131305,,14 day R,2021-03-10,DE,quantile,0.95,1.00980773471923
131306,,14 day R,2021-03-11,DE,quantile,0.95,1.01684054457214
131307,,14 day R,2021-03-12,DE,quantile,0.95,1.0243341277109301
131308,,14 day R,2021-03-13,DE,quantile,0.95,1.03268171107015
131309,,14 day R,2021-03-14,DE,quantile,0.95,1.04099941019902
131310,,14 day R,2021-03-15,DE,quantile,0.95,1.05097606421506
131311,,14 day R,2021-03-16,DE,quantile,0.95,1.06061163659187
131312,,14 day R,2021-03-17,DE,quantile,0.95,1.07123186127503
131313,,14 day R,2021-03-18,DE,quantile,0.95,1.0814399760888
131314,,14 day R,2021-03-19,DE,quantile,0.95,1.0927171813899499
131315,,14 day R,2021-03-20,DE,quantile,0.95,1.10330359397503
131316,,14 day R,2021-03-21,DE,quantile,0.95,1.1157681507195
131317,,14 day R,2021-03-22,DE,quantile,0.95,1.1300188474947601
131318,,14 day R,2021-03-23,DE,quantile,0.95,1.14343241095452
131319,,14 day R,2021-03-24,DE,quantile,0.95,1.1560963937859399
131320,,14 day R,2021-03-25,DE,quantile,0.95,1.16791217787493
131321,,14 day R,2021-03-26,DE,quantile,0.95,1.18000296898125
131322,,14 day R,2021-03-27,DE,quantile,0.95,1.18985568225407
131323,,14 day R,2021-03-28,DE,quantile,0.95,1.1985792926042198
131324,,14 day R,2021-03-29,DE,quantile,0.95,1.20342660646597
131325,,14 day R,2021-03-30,DE,quantile,0.95,1.20436656736819
131326,,14 day R,2021-03-31,DE,quantile,0.95,1.20193987740261
131327,,14 day R,2021-04-01,DE,quantile,0.95,1.1975814085892
131328,,14 day R,2021-04-02,DE,quantile,0.95,1.1904718388072801
131329,,14 day R,2021-04-03,DE,quantile,0.95,1.1791686787373001
131330,,14 day R,2021-04-04,DE,quantile,0.95,1.16522893763425
131331,,14 day R,2021-04-05,DE,quantile,0.95,1.1489726555812099
131332,,14 day R,2021-04-06,DE,quantile,0.95,1.1348105878677701
131333,,14 day R,2021-04-07,DE,quantile,0.95,1.11817676476794
131334,,14 day R,2021-04-08,DE,quantile,0.95,1.1019991616041298
131335,,14 day R,2021-04-09,DE,quantile,0.95,1.0873203073921802
131336,,14 day R,2021-04-10,DE,quantile,0.95,1.0730887884093
131337,,14 day R,2021-04-11,DE,quantile,0.95,1.05948271745592
131338,,14 day R,2021-04-12,DE,quantile,0.95,1.04757704829121
131339,,14 day R,2021-04-13,DE,quantile,0.95,1.0365646462098699
131340,,14 day R,2021-04-14,DE,quantile,0.95,1.02526408115574
131341,,14 day R,2021-04-15,DE,quantile,0.95,1.01570759135972
131342,,14 day R,2021-04-16,DE,quantile,0.95,1.0065058829525302
131343,,14 day R,2021-04-17,DE,quantile,0.95,0.9982816997266941
131344,,14 day R,2021-04-18,DE,quantile,0.95,0.99059449644135
131345,,14 day R,2021-04-19,DE,quantile,0.95,0.983556730999693
131346,,14 day R,2021-04-20,DE,quantile,0.95,0.9765660339763922
131347,,14 day R,2021-04-21,DE,quantile,0.95,0.971837984596269
131348,,14 day R,2021-04-22,DE,quantile,0.95,0.968164977806816
131349,,14 day R,2021-04-23,DE,quantile,0.95,0.965394574319115
131350,,14 day R,2021-04-24,DE,quantile,0.95,0.9638898923127299
131351,,14 day R,2021-04-25,DE,quantile,0.95,0.96168260891242
131352,,14 day R,2021-04-26,DE,quantile,0.95,0.9619230397782059
131353,,14 day R,2021-04-27,DE,quantile,0.95,0.963243158115516
131354,,14 day R,2021-04-28,DE,quantile,0.95,0.9655813879857901
131355,,14 day R,2021-04-29,DE,quantile,0.95,0.9678289007108679
131356,,14 day R,2021-04-30,DE,quantile,0.95,0.973436807526238
131357,,14 day R,2021-05-01,DE,quantile,0.95,0.979983193896521
131358,,14 day R,2021-05-02,DE,quantile,0.95,0.9880316514594029
131359,,14 day R,2021-05-03,DE,quantile,0.95,0.9954409868279749
131360,,14 day R,2021-05-04,DE,quantile,0.95,1.0042506062468601
131361,,14 day R,2021-05-05,DE,quantile,0.95,1.01352982871295
131362,,14 day R,2021-05-06,DE,quantile,0.95,1.02516432549973
131363,,14 day R,2021-05-07,DE,quantile,0.95,1.03837180261611
131364,,14 day R,2021-05-08,DE,quantile,0.95,1.04937408300121
131365,,14 day R,2021-05-09,DE,quantile,0.95,1.06598516533407
131366,,14 day R,2021-05-10,DE,quantile,0.95,1.08151821886069
131367,,14 day R,2021-05-11,DE,quantile,0.95,1.1006843611902701
131368,,14 day R,2021-05-12,DE,quantile,0.95,1.11734986100804
131369,,14 day R,2021-05-13,DE,quantile,0.95,1.1331384338804198
131370,,14 day R,2021-05-14,DE,quantile,0.95,1.14459786258863
131371,,14 day R,2021-05-15,DE,quantile,0.95,1.16064009520044
131372,,14 day R,2021-05-16,DE,quantile,0.95,1.18254776288496
131373,,14 day R,2021-05-17,DE,quantile,0.95,1.20103134248148
