"data_version","target","location","date","type","quantile","value"
2021-01-04,"R_t","AT",2020-03-10,"point",NA,2.72457095018836
2021-01-04,"R_t","AT",2020-03-10,"quantile",0.025,2.36375052323148
2021-01-04,"R_t","AT",2020-03-10,"quantile",0.975,3.10966931770615
2021-01-04,"R_t","AT",2020-03-11,"point",NA,3.15864378401005
2021-01-04,"R_t","AT",2020-03-11,"quantile",0.025,2.81707827542905
2021-01-04,"R_t","AT",2020-03-11,"quantile",0.975,3.51904562578485
2021-01-04,"R_t","AT",2020-03-12,"point",NA,3.0732524068648
2021-01-04,"R_t","AT",2020-03-12,"quantile",0.025,2.78107994976978
2021-01-04,"R_t","AT",2020-03-12,"quantile",0.975,3.37923817496861
2021-01-04,"R_t","AT",2020-03-13,"point",NA,3.26663876098786
2021-01-04,"R_t","AT",2020-03-13,"quantile",0.025,3.00711594809544
2021-01-04,"R_t","AT",2020-03-13,"quantile",0.975,3.53620761825031
2021-01-04,"R_t","AT",2020-03-14,"point",NA,3.21431561322729
2021-01-04,"R_t","AT",2020-03-14,"quantile",0.025,2.99413980745082
2021-01-04,"R_t","AT",2020-03-14,"quantile",0.975,3.44202595228129
2021-01-04,"R_t","AT",2020-03-15,"point",NA,2.89577228966095
2021-01-04,"R_t","AT",2020-03-15,"quantile",0.025,2.71745500209293
2021-01-04,"R_t","AT",2020-03-15,"quantile",0.975,3.0786940142319
2021-01-04,"R_t","AT",2020-03-16,"point",NA,2.61322729175387
2021-01-04,"R_t","AT",2020-03-16,"quantile",0.025,2.46714106320636
2021-01-04,"R_t","AT",2020-03-16,"quantile",0.975,2.76224361657597
2021-01-04,"R_t","AT",2020-03-17,"point",NA,2.53369610715781
2021-01-04,"R_t","AT",2020-03-17,"quantile",0.025,2.40770196735036
2021-01-04,"R_t","AT",2020-03-17,"quantile",0.975,2.66178317287568
2021-01-04,"R_t","AT",2020-03-18,"point",NA,2.44202595228129
2021-01-04,"R_t","AT",2020-03-18,"quantile",0.025,2.33319380493931
2021-01-04,"R_t","AT",2020-03-18,"quantile",0.975,2.55211385516953
2021-01-04,"R_t","AT",2020-03-19,"point",NA,2.35077438258686
2021-01-04,"R_t","AT",2020-03-19,"quantile",0.025,2.25575554625366
2021-01-04,"R_t","AT",2020-03-19,"quantile",0.975,2.4470489744663
2021-01-04,"R_t","AT",2020-03-20,"point",NA,2.26077856843868
2021-01-04,"R_t","AT",2020-03-20,"quantile",0.025,2.17789870238594
2021-01-04,"R_t","AT",2020-03-20,"quantile",0.975,2.34491419003767
2021-01-04,"R_t","AT",2020-03-21,"point",NA,2.15069066555044
2021-01-04,"R_t","AT",2020-03-21,"quantile",0.025,2.07785684386773
2021-01-04,"R_t","AT",2020-03-21,"quantile",0.975,2.22394307241524
2021-01-04,"R_t","AT",2020-03-22,"point",NA,2.06446211804102
2021-01-04,"R_t","AT",2020-03-22,"quantile",0.025,2
2021-01-04,"R_t","AT",2020-03-22,"quantile",0.975,2.12934282126413
2021-01-04,"R_t","AT",2020-03-23,"point",NA,1.97865215571369
2021-01-04,"R_t","AT",2020-03-23,"quantile",0.025,1.92088740058602
2021-01-04,"R_t","AT",2020-03-23,"quantile",0.975,2.03599832565927
2021-01-04,"R_t","AT",2020-03-24,"point",NA,1.87651737128506
2021-01-04,"R_t","AT",2020-03-24,"quantile",0.025,1.82544997907074
2021-01-04,"R_t","AT",2020-03-24,"quantile",0.975,1.92758476349937
2021-01-04,"R_t","AT",2020-03-25,"point",NA,1.78903306822938
2021-01-04,"R_t","AT",2020-03-25,"quantile",0.025,1.74298869820008
2021-01-04,"R_t","AT",2020-03-25,"quantile",0.975,1.8346588530766
2021-01-04,"R_t","AT",2020-03-26,"point",NA,1.76266220175806
2021-01-04,"R_t","AT",2020-03-26,"quantile",0.025,1.72038509836752
2021-01-04,"R_t","AT",2020-03-26,"quantile",0.975,1.8049393051486
2021-01-04,"R_t","AT",2020-03-27,"point",NA,1.65466722478024
2021-01-04,"R_t","AT",2020-03-27,"quantile",0.025,1.61657597321055
2021-01-04,"R_t","AT",2020-03-27,"quantile",0.975,1.69233989116785
2021-01-04,"R_t","AT",2020-03-28,"point",NA,1.52699874424445
2021-01-04,"R_t","AT",2020-03-28,"quantile",0.025,1.49267475931352
2021-01-04,"R_t","AT",2020-03-28,"quantile",0.975,1.5609041439933
2021-01-04,"R_t","AT",2020-03-29,"point",NA,1.41439933026371
2021-01-04,"R_t","AT",2020-03-29,"quantile",0.025,1.38300544160737
2021-01-04,"R_t","AT",2020-03-29,"quantile",0.975,1.44495604855588
2021-01-04,"R_t","AT",2020-03-30,"point",NA,1.34198409376308
2021-01-04,"R_t","AT",2020-03-30,"quantile",0.025,1.31310171619925
2021-01-04,"R_t","AT",2020-03-30,"quantile",0.975,1.37086647132691
2021-01-04,"R_t","AT",2020-03-31,"point",NA,1.26496442025952
2021-01-04,"R_t","AT",2020-03-31,"quantile",0.025,1.23775638342403
2021-01-04,"R_t","AT",2020-03-31,"quantile",0.975,1.29133528673085
2021-01-04,"R_t","AT",2020-04-01,"point",NA,1.19547928003349
2021-01-04,"R_t","AT",2020-04-01,"quantile",0.025,1.16994558392633
2021-01-04,"R_t","AT",2020-04-01,"quantile",0.975,1.22059439095856
2021-01-04,"R_t","AT",2020-04-02,"point",NA,1.12431979907911
2021-01-04,"R_t","AT",2020-04-02,"quantile",0.025,1.10004185851821
2021-01-04,"R_t","AT",2020-04-02,"quantile",0.975,1.14776056927585
2021-01-04,"R_t","AT",2020-04-03,"point",NA,1.0623691921306
2021-01-04,"R_t","AT",2020-04-03,"quantile",0.025,1.03934700711595
2021-01-04,"R_t","AT",2020-04-03,"quantile",0.975,1.08497279196316
2021-01-04,"R_t","AT",2020-04-04,"point",NA,0.991209711176224
2021-01-04,"R_t","AT",2020-04-04,"quantile",0.025,0.969024696525743
2021-01-04,"R_t","AT",2020-04-04,"quantile",0.975,1.01255755546254
2021-01-04,"R_t","AT",2020-04-05,"point",NA,0.919213059857681
2021-01-04,"R_t","AT",2020-04-05,"quantile",0.025,0.898702385935538
2021-01-04,"R_t","AT",2020-04-05,"quantile",0.975,0.939723733779824
2021-01-04,"R_t","AT",2020-04-06,"point",NA,0.870657178735873
2021-01-04,"R_t","AT",2020-04-06,"quantile",0.025,0.850565089995814
2021-01-04,"R_t","AT",2020-04-06,"quantile",0.975,0.890749267475931
2021-01-04,"R_t","AT",2020-04-07,"point",NA,0.828380075345333
2021-01-04,"R_t","AT",2020-04-07,"quantile",0.025,0.808706571787359
2021-01-04,"R_t","AT",2020-04-07,"quantile",0.975,0.848053578903307
2021-01-04,"R_t","AT",2020-04-08,"point",NA,0.75554625366262
2021-01-04,"R_t","AT",2020-04-08,"quantile",0.025,0.736291335286731
2021-01-04,"R_t","AT",2020-04-08,"quantile",0.975,0.77480117203851
2021-01-04,"R_t","AT",2020-04-09,"point",NA,0.721640853913771
2021-01-04,"R_t","AT",2020-04-09,"quantile",0.025,0.702385935537882
2021-01-04,"R_t","AT",2020-04-09,"quantile",0.975,0.740895772289661
2021-01-04,"R_t","AT",2020-04-10,"point",NA,0.729593972373378
2021-01-04,"R_t","AT",2020-04-10,"quantile",0.025,0.709920468815404
2021-01-04,"R_t","AT",2020-04-10,"quantile",0.975,0.749686061113437
2021-01-04,"R_t","AT",2020-04-11,"point",NA,0.726663876098786
2021-01-04,"R_t","AT",2020-04-11,"quantile",0.025,0.706571787358727
2021-01-04,"R_t","AT",2020-04-11,"quantile",0.975,0.747174550020929
2021-01-04,"R_t","AT",2020-04-12,"point",NA,0.680200920887401
2021-01-04,"R_t","AT",2020-04-12,"quantile",0.025,0.660108832147342
2021-01-04,"R_t","AT",2020-04-12,"quantile",0.975,0.700711594809544
2021-01-04,"R_t","AT",2020-04-13,"point",NA,0.64796986186689
2021-01-04,"R_t","AT",2020-04-13,"quantile",0.025,0.627459187944747
2021-01-04,"R_t","AT",2020-04-13,"quantile",0.975,0.668899120971118
2021-01-04,"R_t","AT",2020-04-14,"point",NA,0.627459187944747
2021-01-04,"R_t","AT",2020-04-14,"quantile",0.025,0.606529928840519
2021-01-04,"R_t","AT",2020-04-14,"quantile",0.975,0.649225617413144
2021-01-04,"R_t","AT",2020-04-15,"point",NA,0.622436165759732
2021-01-04,"R_t","AT",2020-04-15,"quantile",0.025,0.600251151109251
2021-01-04,"R_t","AT",2020-04-15,"quantile",0.975,0.644621180410213
2021-01-04,"R_t","AT",2020-04-16,"point",NA,0.619087484303056
2021-01-04,"R_t","AT",2020-04-16,"quantile",0.025,0.596065299288405
2021-01-04,"R_t","AT",2020-04-16,"quantile",0.975,0.642109669317706
2021-01-04,"R_t","AT",2020-04-17,"point",NA,0.642946839681875
2021-01-04,"R_t","AT",2020-04-17,"quantile",0.025,0.618668899120971
2021-01-04,"R_t","AT",2020-04-17,"quantile",0.975,0.668061950606949
2021-01-04,"R_t","AT",2020-04-18,"point",NA,0.670573461699456
2021-01-04,"R_t","AT",2020-04-18,"quantile",0.025,0.644621180410213
2021-01-04,"R_t","AT",2020-04-18,"quantile",0.975,0.697362913352867
2021-01-04,"R_t","AT",2020-04-19,"point",NA,0.658015906236919
2021-01-04,"R_t","AT",2020-04-19,"quantile",0.025,0.630807869401423
2021-01-04,"R_t","AT",2020-04-19,"quantile",0.975,0.6856425282545
2021-01-04,"R_t","AT",2020-04-20,"point",NA,0.645876935956467
2021-01-04,"R_t","AT",2020-04-20,"quantile",0.025,0.617831728756802
2021-01-04,"R_t","AT",2020-04-20,"quantile",0.975,0.674759313520301
2021-01-04,"R_t","AT",2020-04-21,"point",NA,0.627877773126831
2021-01-04,"R_t","AT",2020-04-21,"quantile",0.025,0.598995395562997
2021-01-04,"R_t","AT",2020-04-21,"quantile",0.975,0.657597321054835
2021-01-04,"R_t","AT",2020-04-22,"point",NA,0.609460025115111
2021-01-04,"R_t","AT",2020-04-22,"quantile",0.025,0.579740477187108
2021-01-04,"R_t","AT",2020-04-22,"quantile",0.975,0.640016743407283
2021-01-04,"R_t","AT",2020-04-23,"point",NA,0.54416073670992
2021-01-04,"R_t","AT",2020-04-23,"quantile",0.025,0.514441188781917
2021-01-04,"R_t","AT",2020-04-23,"quantile",0.975,0.574298869820008
2021-01-04,"R_t","AT",2020-04-24,"point",NA,0.546672247802428
2021-01-04,"R_t","AT",2020-04-24,"quantile",0.025,0.515696944328171
2021-01-04,"R_t","AT",2020-04-24,"quantile",0.975,0.578484721640854
2021-01-04,"R_t","AT",2020-04-25,"point",NA,0.584763499372122
2021-01-04,"R_t","AT",2020-04-25,"quantile",0.025,0.550858099623273
2021-01-04,"R_t","AT",2020-04-25,"quantile",0.975,0.619924654667225
2021-01-04,"R_t","AT",2020-04-26,"point",NA,0.626203432398493
2021-01-04,"R_t","AT",2020-04-26,"quantile",0.025,0.588949351192968
2021-01-04,"R_t","AT",2020-04-26,"quantile",0.975,0.664713269150272
2021-01-04,"R_t","AT",2020-04-27,"point",NA,0.645876935956467
2021-01-04,"R_t","AT",2020-04-27,"quantile",0.025,0.60569275847635
2021-01-04,"R_t","AT",2020-04-27,"quantile",0.975,0.687316868982838
2021-01-04,"R_t","AT",2020-04-28,"point",NA,0.656341565508581
2021-01-04,"R_t","AT",2020-04-28,"quantile",0.025,0.614064462118041
2021-01-04,"R_t","AT",2020-04-28,"quantile",0.975,0.700293009627459
2021-01-04,"R_t","AT",2020-04-29,"point",NA,0.680200920887401
2021-01-04,"R_t","AT",2020-04-29,"quantile",0.025,0.634993721222269
2021-01-04,"R_t","AT",2020-04-29,"quantile",0.975,0.726663876098786
2021-01-04,"R_t","AT",2020-04-30,"point",NA,0.701130179991628
2021-01-04,"R_t","AT",2020-04-30,"quantile",0.025,0.653411469233989
2021-01-04,"R_t","AT",2020-04-30,"quantile",0.975,0.75094181665969
2021-01-04,"R_t","AT",2020-05-01,"point",NA,0.739221431561323
2021-01-04,"R_t","AT",2020-05-01,"quantile",0.025,0.687735454164923
2021-01-04,"R_t","AT",2020-05-01,"quantile",0.975,0.792381749686061
2021-01-04,"R_t","AT",2020-05-02,"point",NA,0.776475512766848
2021-01-04,"R_t","AT",2020-05-02,"quantile",0.025,0.722059439095856
2021-01-04,"R_t","AT",2020-05-02,"quantile",0.975,0.832984512348263
2021-01-04,"R_t","AT",2020-05-03,"point",NA,0.766010883214734
2021-01-04,"R_t","AT",2020-05-03,"quantile",0.025,0.710339053997489
2021-01-04,"R_t","AT",2020-05-03,"quantile",0.975,0.824194223524487
2021-01-04,"R_t","AT",2020-05-04,"point",NA,0.765173712850565
2021-01-04,"R_t","AT",2020-05-04,"quantile",0.025,0.707408957722897
2021-01-04,"R_t","AT",2020-05-04,"quantile",0.975,0.825031393888656
2021-01-04,"R_t","AT",2020-05-05,"point",NA,0.785684386772708
2021-01-04,"R_t","AT",2020-05-05,"quantile",0.025,0.725826705734617
2021-01-04,"R_t","AT",2020-05-05,"quantile",0.975,0.848053578903307
2021-01-04,"R_t","AT",2020-05-06,"point",NA,0.81247383842612
2021-01-04,"R_t","AT",2020-05-06,"quantile",0.025,0.749686061113437
2021-01-04,"R_t","AT",2020-05-06,"quantile",0.975,0.87777312683131
2021-01-04,"R_t","AT",2020-05-07,"point",NA,0.795311845960653
2021-01-04,"R_t","AT",2020-05-07,"quantile",0.025,0.731686898283801
2021-01-04,"R_t","AT",2020-05-07,"quantile",0.975,0.861866889912097
2021-01-04,"R_t","AT",2020-05-08,"point",NA,0.818334030975303
2021-01-04,"R_t","AT",2020-05-08,"quantile",0.025,0.752197572205944
2021-01-04,"R_t","AT",2020-05-08,"quantile",0.975,0.88698200083717
2021-01-04,"R_t","AT",2020-05-09,"point",NA,0.851402260359983
2021-01-04,"R_t","AT",2020-05-09,"quantile",0.025,0.782335705316032
2021-01-04,"R_t","AT",2020-05-09,"quantile",0.975,0.923398911678527
2021-01-04,"R_t","AT",2020-05-10,"point",NA,0.799497697781498
2021-01-04,"R_t","AT",2020-05-10,"quantile",0.025,0.731268313101716
2021-01-04,"R_t","AT",2020-05-10,"quantile",0.975,0.870657178735873
2021-01-04,"R_t","AT",2020-05-11,"point",NA,0.862285475094182
2021-01-04,"R_t","AT",2020-05-11,"quantile",0.025,0.789870238593554
2021-01-04,"R_t","AT",2020-05-11,"quantile",0.975,0.938049393051486
2021-01-04,"R_t","AT",2020-05-12,"point",NA,0.856006697362913
2021-01-04,"R_t","AT",2020-05-12,"quantile",0.025,0.782754290498116
2021-01-04,"R_t","AT",2020-05-12,"quantile",0.975,0.933026370866471
2021-01-04,"R_t","AT",2020-05-13,"point",NA,0.884470489744663
2021-01-04,"R_t","AT",2020-05-13,"quantile",0.025,0.808287986605274
2021-01-04,"R_t","AT",2020-05-13,"quantile",0.975,0.964001674340728
2021-01-04,"R_t","AT",2020-05-14,"point",NA,0.943491000418585
2021-01-04,"R_t","AT",2020-05-14,"quantile",0.025,0.863122645458351
2021-01-04,"R_t","AT",2020-05-14,"quantile",0.975,1.02678945165341
2021-01-04,"R_t","AT",2020-05-15,"point",NA,1.05567182921725
2021-01-04,"R_t","AT",2020-05-15,"quantile",0.025,0.969443281707828
2021-01-04,"R_t","AT",2020-05-15,"quantile",0.975,1.14483047300126
2021-01-04,"R_t","AT",2020-05-16,"point",NA,1.07199665131854
2021-01-04,"R_t","AT",2020-05-16,"quantile",0.025,0.984512348262871
2021-01-04,"R_t","AT",2020-05-16,"quantile",0.975,1.16199246546672
2021-01-04,"R_t","AT",2020-05-17,"point",NA,1.05818334030975
2021-01-04,"R_t","AT",2020-05-17,"quantile",0.025,0.97153620761825
2021-01-04,"R_t","AT",2020-05-17,"quantile",0.975,1.14692339891168
2021-01-04,"R_t","AT",2020-05-18,"point",NA,1.05357890330682
2021-01-04,"R_t","AT",2020-05-18,"quantile",0.025,0.967768940979489
2021-01-04,"R_t","AT",2020-05-18,"quantile",0.975,1.14190037672666
2021-01-04,"R_t","AT",2020-05-19,"point",NA,1.06446211804102
2021-01-04,"R_t","AT",2020-05-19,"quantile",0.025,0.979070740895772
2021-01-04,"R_t","AT",2020-05-19,"quantile",0.975,1.15278359146086
2021-01-04,"R_t","AT",2020-05-20,"point",NA,1.04018417748012
2021-01-04,"R_t","AT",2020-05-20,"quantile",0.025,0.956048555881122
2021-01-04,"R_t","AT",2020-05-20,"quantile",0.975,1.12683131017162
2021-01-04,"R_t","AT",2020-05-21,"point",NA,0.994139807450816
2021-01-04,"R_t","AT",2020-05-21,"quantile",0.025,0.912097111762244
2021-01-04,"R_t","AT",2020-05-21,"quantile",0.975,1.07827542904981
2021-01-04,"R_t","AT",2020-05-22,"point",NA,0.984512348262871
2021-01-04,"R_t","AT",2020-05-22,"quantile",0.025,0.903306822938468
2021-01-04,"R_t","AT",2020-05-22,"quantile",0.975,1.06822938467978
2021-01-04,"R_t","AT",2020-05-23,"point",NA,1.00209292591042
2021-01-04,"R_t","AT",2020-05-23,"quantile",0.025,0.92005023022185
2021-01-04,"R_t","AT",2020-05-23,"quantile",0.975,1.08622854750942
2021-01-04,"R_t","AT",2020-05-24,"point",NA,0.938049393051486
2021-01-04,"R_t","AT",2020-05-24,"quantile",0.025,0.85935537881959
2021-01-04,"R_t","AT",2020-05-24,"quantile",0.975,1.02009208874006
2021-01-04,"R_t","AT",2020-05-25,"point",NA,0.921724570950188
2021-01-04,"R_t","AT",2020-05-25,"quantile",0.025,0.843449141900377
2021-01-04,"R_t","AT",2020-05-25,"quantile",0.975,1.00334868145668
2021-01-04,"R_t","AT",2020-05-26,"point",NA,0.878191712013395
2021-01-04,"R_t","AT",2020-05-26,"quantile",0.025,0.801590623691921
2021-01-04,"R_t","AT",2020-05-26,"quantile",0.975,0.958560066973629
2021-01-04,"R_t","AT",2020-05-27,"point",NA,0.890330682293847
2021-01-04,"R_t","AT",2020-05-27,"quantile",0.025,0.812055253244035
2021-01-04,"R_t","AT",2020-05-27,"quantile",0.975,0.971954792800335
2021-01-04,"R_t","AT",2020-05-28,"point",NA,0.804939305148598
2021-01-04,"R_t","AT",2020-05-28,"quantile",0.025,0.730012557555463
2021-01-04,"R_t","AT",2020-05-28,"quantile",0.975,0.883633319380494
2021-01-04,"R_t","AT",2020-05-29,"point",NA,0.885307660108832
2021-01-04,"R_t","AT",2020-05-29,"quantile",0.025,0.805357890330682
2021-01-04,"R_t","AT",2020-05-29,"quantile",0.975,0.969443281707828
2021-01-04,"R_t","AT",2020-05-30,"point",NA,0.928421933863541
2021-01-04,"R_t","AT",2020-05-30,"quantile",0.025,0.845123482628715
2021-01-04,"R_t","AT",2020-05-30,"quantile",0.975,1.01548765173713
2021-01-04,"R_t","AT",2020-05-31,"point",NA,0.840519045625785
2021-01-04,"R_t","AT",2020-05-31,"quantile",0.025,0.759732105483466
2021-01-04,"R_t","AT",2020-05-31,"quantile",0.975,0.92465466722478
2021-01-04,"R_t","AT",2020-06-01,"point",NA,0.778149853495186
2021-01-04,"R_t","AT",2020-06-01,"quantile",0.025,0.699874424445375
2021-01-04,"R_t","AT",2020-06-01,"quantile",0.975,0.860611134365843
2021-01-04,"R_t","AT",2020-06-02,"point",NA,0.777312683131017
2021-01-04,"R_t","AT",2020-06-02,"quantile",0.025,0.697781498534952
2021-01-04,"R_t","AT",2020-06-02,"quantile",0.975,0.861448304730013
2021-01-04,"R_t","AT",2020-06-03,"point",NA,0.864796986186689
2021-01-04,"R_t","AT",2020-06-03,"quantile",0.025,0.778568438677271
2021-01-04,"R_t","AT",2020-06-03,"quantile",0.975,0.955629970699037
2021-01-04,"R_t","AT",2020-06-04,"point",NA,0.874843030556718
2021-01-04,"R_t","AT",2020-06-04,"quantile",0.025,0.786102971954793
2021-01-04,"R_t","AT",2020-06-04,"quantile",0.975,0.968187526161574
2021-01-04,"R_t","AT",2020-06-05,"point",NA,1.01799916282964
2021-01-04,"R_t","AT",2020-06-05,"quantile",0.025,0.920468815403935
2021-01-04,"R_t","AT",2020-06-05,"quantile",0.975,1.12013394725827
2021-01-04,"R_t","AT",2020-06-06,"point",NA,1.03892842193386
2021-01-04,"R_t","AT",2020-06-06,"quantile",0.025,0.938886563415655
2021-01-04,"R_t","AT",2020-06-06,"quantile",0.975,1.14315613227292
2021-01-04,"R_t","AT",2020-06-07,"point",NA,1.04311427375471
2021-01-04,"R_t","AT",2020-06-07,"quantile",0.025,0.942653830054416
2021-01-04,"R_t","AT",2020-06-07,"quantile",0.975,1.14776056927585
2021-01-04,"R_t","AT",2020-06-08,"point",NA,1.04311427375471
2021-01-04,"R_t","AT",2020-06-08,"quantile",0.025,0.943072415236501
2021-01-04,"R_t","AT",2020-06-08,"quantile",0.975,1.14734198409376
2021-01-04,"R_t","AT",2020-06-09,"point",NA,0.94390958560067
2021-01-04,"R_t","AT",2020-06-09,"quantile",0.025,0.84930933444956
2021-01-04,"R_t","AT",2020-06-09,"quantile",0.975,1.04311427375471
2021-01-04,"R_t","AT",2020-06-10,"point",NA,0.982000837170364
2021-01-04,"R_t","AT",2020-06-10,"quantile",0.025,0.885307660108832
2021-01-04,"R_t","AT",2020-06-10,"quantile",0.975,1.08287986605274
2021-01-04,"R_t","AT",2020-06-11,"point",NA,0.93386354123064
2021-01-04,"R_t","AT",2020-06-11,"quantile",0.025,0.8401004604437
2021-01-04,"R_t","AT",2020-06-11,"quantile",0.975,1.0326496442026
2021-01-04,"R_t","AT",2020-06-12,"point",NA,0.952699874424445
2021-01-04,"R_t","AT",2020-06-12,"quantile",0.025,0.857262452909167
2021-01-04,"R_t","AT",2020-06-12,"quantile",0.975,1.05316031812474
2021-01-04,"R_t","AT",2020-06-13,"point",NA,1.00920887400586
2021-01-04,"R_t","AT",2020-06-13,"quantile",0.025,0.910004185851821
2021-01-04,"R_t","AT",2020-06-13,"quantile",0.975,1.11259941398075
2021-01-04,"R_t","AT",2020-06-14,"point",NA,1.01339472582671
2021-01-04,"R_t","AT",2020-06-14,"quantile",0.025,0.913771452490582
2021-01-04,"R_t","AT",2020-06-14,"quantile",0.975,1.11720385098368
2021-01-04,"R_t","AT",2020-06-15,"point",NA,1.113855169527
2021-01-04,"R_t","AT",2020-06-15,"quantile",0.025,1.00920887400586
2021-01-04,"R_t","AT",2020-06-15,"quantile",0.975,1.22268731686898
2021-01-04,"R_t","AT",2020-06-16,"point",NA,1.01590623691921
2021-01-04,"R_t","AT",2020-06-16,"quantile",0.025,0.916282963583089
2021-01-04,"R_t","AT",2020-06-16,"quantile",0.975,1.1192967768941
2021-01-04,"R_t","AT",2020-06-17,"point",NA,1.04185851820846
2021-01-04,"R_t","AT",2020-06-17,"quantile",0.025,0.941398074508162
2021-01-04,"R_t","AT",2020-06-17,"quantile",0.975,1.14608622854751
2021-01-04,"R_t","AT",2020-06-18,"point",NA,0.941398074508162
2021-01-04,"R_t","AT",2020-06-18,"quantile",0.025,0.846797823357053
2021-01-04,"R_t","AT",2020-06-18,"quantile",0.975,1.0406027626622
2021-01-04,"R_t","AT",2020-06-19,"point",NA,0.995814148179154
2021-01-04,"R_t","AT",2020-06-19,"quantile",0.025,0.898283800753453
2021-01-04,"R_t","AT",2020-06-19,"quantile",0.975,1.0975303474257
2021-01-04,"R_t","AT",2020-06-20,"point",NA,1.01758057764755
2021-01-04,"R_t","AT",2020-06-20,"quantile",0.025,0.918794474675596
2021-01-04,"R_t","AT",2020-06-20,"quantile",0.975,1.12055253244035
2021-01-04,"R_t","AT",2020-06-21,"point",NA,1.03181247383843
2021-01-04,"R_t","AT",2020-06-21,"quantile",0.025,0.932189200502302
2021-01-04,"R_t","AT",2020-06-21,"quantile",0.975,1.13520301381331
2021-01-04,"R_t","AT",2020-06-22,"point",NA,1.07032231059021
2021-01-04,"R_t","AT",2020-06-22,"quantile",0.025,0.969024696525743
2021-01-04,"R_t","AT",2020-06-22,"quantile",0.975,1.17580577647551
2021-01-04,"R_t","AT",2020-06-23,"point",NA,1.08455420678108
2021-01-04,"R_t","AT",2020-06-23,"quantile",0.025,0.983256592716618
2021-01-04,"R_t","AT",2020-06-23,"quantile",0.975,1.19003767266639
2021-01-04,"R_t","AT",2020-06-24,"point",NA,1.1029719547928
2021-01-04,"R_t","AT",2020-06-24,"quantile",0.025,1.00125575554625
2021-01-04,"R_t","AT",2020-06-24,"quantile",0.975,1.20845542067811
2021-01-04,"R_t","AT",2020-06-25,"point",NA,1.1029719547928
2021-01-04,"R_t","AT",2020-06-25,"quantile",0.025,1.00209292591042
2021-01-04,"R_t","AT",2020-06-25,"quantile",0.975,1.20761825031394
2021-01-04,"R_t","AT",2020-06-26,"point",NA,1.20719966513185
2021-01-04,"R_t","AT",2020-06-26,"quantile",0.025,1.1029719547928
2021-01-04,"R_t","AT",2020-06-26,"quantile",0.975,1.31561322729175
2021-01-04,"R_t","AT",2020-06-27,"point",NA,1.2356634575136
2021-01-04,"R_t","AT",2020-06-27,"quantile",0.025,1.13143574717455
2021-01-04,"R_t","AT",2020-06-27,"quantile",0.975,1.34365843449142
2021-01-04,"R_t","AT",2020-06-28,"point",NA,1.20887400586019
2021-01-04,"R_t","AT",2020-06-28,"quantile",0.025,1.10799497697782
2021-01-04,"R_t","AT",2020-06-28,"quantile",0.975,1.31352030138133
2021-01-04,"R_t","AT",2020-06-29,"point",NA,1.22185014650481
2021-01-04,"R_t","AT",2020-06-29,"quantile",0.025,1.12264545835077
2021-01-04,"R_t","AT",2020-06-29,"quantile",0.975,1.32440351611553
2021-01-04,"R_t","AT",2020-06-30,"point",NA,1.31561322729175
2021-01-04,"R_t","AT",2020-06-30,"quantile",0.025,1.21473419840938
2021-01-04,"R_t","AT",2020-06-30,"quantile",0.975,1.41984093763081
2021-01-04,"R_t","AT",2020-07-01,"point",NA,1.37170364169108
2021-01-04,"R_t","AT",2020-07-01,"quantile",0.025,1.27124319799079
2021-01-04,"R_t","AT",2020-07-01,"quantile",0.975,1.47509418166597
2021-01-04,"R_t","AT",2020-07-02,"point",NA,1.33737965676015
2021-01-04,"R_t","AT",2020-07-02,"quantile",0.025,1.2411050648807
2021-01-04,"R_t","AT",2020-07-02,"quantile",0.975,1.43616575973211
2021-01-04,"R_t","AT",2020-07-03,"point",NA,1.42444537463374
2021-01-04,"R_t","AT",2020-07-03,"quantile",0.025,1.32858936793637
2021-01-04,"R_t","AT",2020-07-03,"quantile",0.975,1.52281289242361
2021-01-04,"R_t","AT",2020-07-04,"point",NA,1.44202595228129
2021-01-04,"R_t","AT",2020-07-04,"quantile",0.025,1.34910004185852
2021-01-04,"R_t","AT",2020-07-04,"quantile",0.975,1.53746337379657
2021-01-04,"R_t","AT",2020-07-05,"point",NA,1.39263290079531
2021-01-04,"R_t","AT",2020-07-05,"quantile",0.025,1.30473001255756
2021-01-04,"R_t","AT",2020-07-05,"quantile",0.975,1.48221012976141
2021-01-04,"R_t","AT",2020-07-06,"point",NA,1.31812473838426
2021-01-04,"R_t","AT",2020-07-06,"quantile",0.025,1.23608204269569
2021-01-04,"R_t","AT",2020-07-06,"quantile",0.975,1.40184177480117
2021-01-04,"R_t","AT",2020-07-07,"point",NA,1.29426538300544
2021-01-04,"R_t","AT",2020-07-07,"quantile",0.025,1.21598995395563
2021-01-04,"R_t","AT",2020-07-07,"quantile",0.975,1.37421515278359
2021-01-04,"R_t","AT",2020-07-08,"point",NA,1.29761406446212
2021-01-04,"R_t","AT",2020-07-08,"quantile",0.025,1.22185014650481
2021-01-04,"R_t","AT",2020-07-08,"quantile",0.975,1.37505232314776
2021-01-04,"R_t","AT",2020-07-09,"point",NA,1.21850146504814
2021-01-04,"R_t","AT",2020-07-09,"quantile",0.025,1.14692339891168
2021-01-04,"R_t","AT",2020-07-09,"quantile",0.975,1.29091670154877
2021-01-04,"R_t","AT",2020-07-10,"point",NA,1.21515278359146
2021-01-04,"R_t","AT",2020-07-10,"quantile",0.025,1.14608622854751
2021-01-04,"R_t","AT",2020-07-10,"quantile",0.975,1.28589367936375
2021-01-04,"R_t","AT",2020-07-11,"point",NA,1.18585182084554
2021-01-04,"R_t","AT",2020-07-11,"quantile",0.025,1.11887819171201
2021-01-04,"R_t","AT",2020-07-11,"quantile",0.975,1.25366262034324
2021-01-04,"R_t","AT",2020-07-12,"point",NA,1.1381331100879
2021-01-04,"R_t","AT",2020-07-12,"quantile",0.025,1.07367099204688
2021-01-04,"R_t","AT",2020-07-12,"quantile",0.975,1.20301381331101
2021-01-04,"R_t","AT",2020-07-13,"point",NA,1.09250732524069
2021-01-04,"R_t","AT",2020-07-13,"quantile",0.025,1.03055671829217
2021-01-04,"R_t","AT",2020-07-13,"quantile",0.975,1.15487651737129
2021-01-04,"R_t","AT",2020-07-14,"point",NA,1.084135621599
2021-01-04,"R_t","AT",2020-07-14,"quantile",0.025,1.02385935537882
2021-01-04,"R_t","AT",2020-07-14,"quantile",0.975,1.14608622854751
2021-01-04,"R_t","AT",2020-07-15,"point",NA,1.10715780661365
2021-01-04,"R_t","AT",2020-07-15,"quantile",0.025,1.04646295521139
2021-01-04,"R_t","AT",2020-07-15,"quantile",0.975,1.16868982838008
2021-01-04,"R_t","AT",2020-07-16,"point",NA,1.08999581414818
2021-01-04,"R_t","AT",2020-07-16,"quantile",0.025,1.03055671829217
2021-01-04,"R_t","AT",2020-07-16,"quantile",0.975,1.15027208036836
2021-01-04,"R_t","AT",2020-07-17,"point",NA,1.08455420678108
2021-01-04,"R_t","AT",2020-07-17,"quantile",0.025,1.02553369610716
2021-01-04,"R_t","AT",2020-07-17,"quantile",0.975,1.14399330263709
2021-01-04,"R_t","AT",2020-07-18,"point",NA,1.06864796986187
2021-01-04,"R_t","AT",2020-07-18,"quantile",0.025,1.01046462955211
2021-01-04,"R_t","AT",2020-07-18,"quantile",0.975,1.12683131017162
2021-01-04,"R_t","AT",2020-07-19,"point",NA,1.06488070322311
2021-01-04,"R_t","AT",2020-07-19,"quantile",0.025,1.00753453327752
2021-01-04,"R_t","AT",2020-07-19,"quantile",0.975,1.12264545835077
2021-01-04,"R_t","AT",2020-07-20,"point",NA,1.04520719966513
2021-01-04,"R_t","AT",2020-07-20,"quantile",0.025,0.989116785265802
2021-01-04,"R_t","AT",2020-07-20,"quantile",0.975,1.10213478442863
2021-01-04,"R_t","AT",2020-07-21,"point",NA,1.04981163666806
2021-01-04,"R_t","AT",2020-07-21,"quantile",0.025,0.993721222268732
2021-01-04,"R_t","AT",2020-07-21,"quantile",0.975,1.10673922143156
2021-01-04,"R_t","AT",2020-07-22,"point",NA,1.10757639179573
2021-01-04,"R_t","AT",2020-07-22,"quantile",0.025,1.05023022185015
2021-01-04,"R_t","AT",2020-07-22,"quantile",0.975,1.1653411469234
2021-01-04,"R_t","AT",2020-07-23,"point",NA,1.10046044370029
2021-01-04,"R_t","AT",2020-07-23,"quantile",0.025,1.04353285893679
2021-01-04,"R_t","AT",2020-07-23,"quantile",0.975,1.15738802846379
2021-01-04,"R_t","AT",2020-07-24,"point",NA,1.12557555462537
2021-01-04,"R_t","AT",2020-07-24,"quantile",0.025,1.06864796986187
2021-01-04,"R_t","AT",2020-07-24,"quantile",0.975,1.18292172457095
2021-01-04,"R_t","AT",2020-07-25,"point",NA,1.14399330263709
2021-01-04,"R_t","AT",2020-07-25,"quantile",0.025,1.08748430305567
2021-01-04,"R_t","AT",2020-07-25,"quantile",0.975,1.20092088740059
2021-01-04,"R_t","AT",2020-07-26,"point",NA,1.11678526580159
2021-01-04,"R_t","AT",2020-07-26,"quantile",0.025,1.06153202176643
2021-01-04,"R_t","AT",2020-07-26,"quantile",0.975,1.17245709501884
2021-01-04,"R_t","AT",2020-07-27,"point",NA,1.06906655504395
2021-01-04,"R_t","AT",2020-07-27,"quantile",0.025,1.0163248221013
2021-01-04,"R_t","AT",2020-07-27,"quantile",0.975,1.12306404353286
2021-01-04,"R_t","AT",2020-07-28,"point",NA,1.05985768103809
2021-01-04,"R_t","AT",2020-07-28,"quantile",0.025,1.00753453327752
2021-01-04,"R_t","AT",2020-07-28,"quantile",0.975,1.11301799916283
2021-01-04,"R_t","AT",2020-07-29,"point",NA,1.01590623691921
2021-01-04,"R_t","AT",2020-07-29,"quantile",0.025,0.965257429886982
2021-01-04,"R_t","AT",2020-07-29,"quantile",0.975,1.06739221431561
2021-01-04,"R_t","AT",2020-07-30,"point",NA,1.04771871075764
2021-01-04,"R_t","AT",2020-07-30,"quantile",0.025,0.996232733361239
2021-01-04,"R_t","AT",2020-07-30,"quantile",0.975,1.09920468815404
2021-01-04,"R_t","AT",2020-07-31,"point",NA,1.06488070322311
2021-01-04,"R_t","AT",2020-07-31,"quantile",0.025,1.01297614064462
2021-01-04,"R_t","AT",2020-07-31,"quantile",0.975,1.11678526580159
2021-01-04,"R_t","AT",2020-08-01,"point",NA,1.03725408120553
2021-01-04,"R_t","AT",2020-08-01,"quantile",0.025,0.986605274173294
2021-01-04,"R_t","AT",2020-08-01,"quantile",0.975,1.08832147341984
2021-01-04,"R_t","AT",2020-08-02,"point",NA,1.01548765173713
2021-01-04,"R_t","AT",2020-08-02,"quantile",0.025,0.965676015069067
2021-01-04,"R_t","AT",2020-08-02,"quantile",0.975,1.06571787358727
2021-01-04,"R_t","AT",2020-08-03,"point",NA,0.979070740895772
2021-01-04,"R_t","AT",2020-08-03,"quantile",0.025,0.930514859773964
2021-01-04,"R_t","AT",2020-08-03,"quantile",0.975,1.02846379238175
2021-01-04,"R_t","AT",2020-08-04,"point",NA,0.925910422771034
2021-01-04,"R_t","AT",2020-08-04,"quantile",0.025,0.879028882377564
2021-01-04,"R_t","AT",2020-08-04,"quantile",0.975,0.974047718710758
2021-01-04,"R_t","AT",2020-08-05,"point",NA,0.958978652155714
2021-01-04,"R_t","AT",2020-08-05,"quantile",0.025,0.910422771033905
2021-01-04,"R_t","AT",2020-08-05,"quantile",0.975,1.00753453327752
2021-01-04,"R_t","AT",2020-08-06,"point",NA,0.947258267057346
2021-01-04,"R_t","AT",2020-08-06,"quantile",0.025,0.899120971117622
2021-01-04,"R_t","AT",2020-08-06,"quantile",0.975,0.996232733361239
2021-01-04,"R_t","AT",2020-08-07,"point",NA,0.944328170782754
2021-01-04,"R_t","AT",2020-08-07,"quantile",0.025,0.896190874843031
2021-01-04,"R_t","AT",2020-08-07,"quantile",0.975,0.993721222268732
2021-01-04,"R_t","AT",2020-08-08,"point",NA,0.958141481791545
2021-01-04,"R_t","AT",2020-08-08,"quantile",0.025,0.908748430305567
2021-01-04,"R_t","AT",2020-08-08,"quantile",0.975,1.00753453327752
2021-01-04,"R_t","AT",2020-08-09,"point",NA,0.952699874424445
2021-01-04,"R_t","AT",2020-08-09,"quantile",0.025,0.903725408120553
2021-01-04,"R_t","AT",2020-08-09,"quantile",0.975,1.00251151109251
2021-01-04,"R_t","AT",2020-08-10,"point",NA,0.965257429886982
2021-01-04,"R_t","AT",2020-08-10,"quantile",0.025,0.91544579321892
2021-01-04,"R_t","AT",2020-08-10,"quantile",0.975,1.01590623691921
2021-01-04,"R_t","AT",2020-08-11,"point",NA,1.03223105902051
2021-01-04,"R_t","AT",2020-08-11,"quantile",0.025,0.980745081624111
2021-01-04,"R_t","AT",2020-08-11,"quantile",0.975,1.08455420678108
2021-01-04,"R_t","AT",2020-08-12,"point",NA,1.03767266638761
2021-01-04,"R_t","AT",2020-08-12,"quantile",0.025,0.985768103809125
2021-01-04,"R_t","AT",2020-08-12,"quantile",0.975,1.08999581414818
2021-01-04,"R_t","AT",2020-08-13,"point",NA,1.12348262871494
2021-01-04,"R_t","AT",2020-08-13,"quantile",0.025,1.06948514022604
2021-01-04,"R_t","AT",2020-08-13,"quantile",0.975,1.17831728756802
2021-01-04,"R_t","AT",2020-08-14,"point",NA,1.30179991628296
2021-01-04,"R_t","AT",2020-08-14,"quantile",0.025,1.2440351611553
2021-01-04,"R_t","AT",2020-08-14,"quantile",0.975,1.35998325659272
2021-01-04,"R_t","AT",2020-08-15,"point",NA,1.31226454583508
2021-01-04,"R_t","AT",2020-08-15,"quantile",0.025,1.25533696107158
2021-01-04,"R_t","AT",2020-08-15,"quantile",0.975,1.37002930096275
2021-01-04,"R_t","AT",2020-08-16,"point",NA,1.28756802009209
2021-01-04,"R_t","AT",2020-08-16,"quantile",0.025,1.23273336123901
2021-01-04,"R_t","AT",2020-08-16,"quantile",0.975,1.34323984930933
2021-01-04,"R_t","AT",2020-08-17,"point",NA,1.31477605692758
2021-01-04,"R_t","AT",2020-08-17,"quantile",0.025,1.26077856843868
2021-01-04,"R_t","AT",2020-08-17,"quantile",0.975,1.36919213059858
2021-01-04,"R_t","AT",2020-08-18,"point",NA,1.28380075345333
2021-01-04,"R_t","AT",2020-08-18,"quantile",0.025,1.23189619087484
2021-01-04,"R_t","AT",2020-08-18,"quantile",0.975,1.33570531603181
2021-01-04,"R_t","AT",2020-08-19,"point",NA,1.32565927166178
2021-01-04,"R_t","AT",2020-08-19,"quantile",0.025,1.27459187944747
2021-01-04,"R_t","AT",2020-08-19,"quantile",0.975,1.3767266638761
2021-01-04,"R_t","AT",2020-08-20,"point",NA,1.36123901213897
2021-01-04,"R_t","AT",2020-08-20,"quantile",0.025,1.31100879028882
2021-01-04,"R_t","AT",2020-08-20,"quantile",0.975,1.41146923398912
2021-01-04,"R_t","AT",2020-08-21,"point",NA,1.35998325659272
2021-01-04,"R_t","AT",2020-08-21,"quantile",0.025,1.31142737547091
2021-01-04,"R_t","AT",2020-08-21,"quantile",0.975,1.40853913771452
2021-01-04,"R_t","AT",2020-08-22,"point",NA,1.33193804939305
2021-01-04,"R_t","AT",2020-08-22,"quantile",0.025,1.28547509418167
2021-01-04,"R_t","AT",2020-08-22,"quantile",0.975,1.37798241942235
2021-01-04,"R_t","AT",2020-08-23,"point",NA,1.25449979070741
2021-01-04,"R_t","AT",2020-08-23,"quantile",0.025,1.21096693177062
2021-01-04,"R_t","AT",2020-08-23,"quantile",0.975,1.2980326496442
2021-01-04,"R_t","AT",2020-08-24,"point",NA,1.19840937630808
2021-01-04,"R_t","AT",2020-08-24,"quantile",0.025,1.15738802846379
2021-01-04,"R_t","AT",2020-08-24,"quantile",0.975,1.23943072415236
2021-01-04,"R_t","AT",2020-08-25,"point",NA,1.17538719129343
2021-01-04,"R_t","AT",2020-08-25,"quantile",0.025,1.1356215989954
2021-01-04,"R_t","AT",2020-08-25,"quantile",0.975,1.21515278359146
2021-01-04,"R_t","AT",2020-08-26,"point",NA,1.14859773964002
2021-01-04,"R_t","AT",2020-08-26,"quantile",0.025,1.11008790288824
2021-01-04,"R_t","AT",2020-08-26,"quantile",0.975,1.18668899120971
2021-01-04,"R_t","AT",2020-08-27,"point",NA,1.06739221431561
2021-01-04,"R_t","AT",2020-08-27,"quantile",0.025,1.03097530347426
2021-01-04,"R_t","AT",2020-08-27,"quantile",0.975,1.10380912515697
2021-01-04,"R_t","AT",2020-08-28,"point",NA,1.11218082879866
2021-01-04,"R_t","AT",2020-08-28,"quantile",0.025,1.07534533277522
2021-01-04,"R_t","AT",2020-08-28,"quantile",0.975,1.14859773964002
2021-01-04,"R_t","AT",2020-08-29,"point",NA,1.10715780661365
2021-01-04,"R_t","AT",2020-08-29,"quantile",0.025,1.07115948095437
2021-01-04,"R_t","AT",2020-08-29,"quantile",0.975,1.143574717455
2021-01-04,"R_t","AT",2020-08-30,"point",NA,1.07241523650063
2021-01-04,"R_t","AT",2020-08-30,"quantile",0.025,1.03725408120553
2021-01-04,"R_t","AT",2020-08-30,"quantile",0.975,1.10757639179573
2021-01-04,"R_t","AT",2020-08-31,"point",NA,1.04353285893679
2021-01-04,"R_t","AT",2020-08-31,"quantile",0.025,1.00879028882378
2021-01-04,"R_t","AT",2020-08-31,"quantile",0.975,1.07743825868564
2021-01-04,"R_t","AT",2020-09-01,"point",NA,1.00837170364169
2021-01-04,"R_t","AT",2020-09-01,"quantile",0.025,0.974884889074927
2021-01-04,"R_t","AT",2020-09-01,"quantile",0.975,1.04185851820846
2021-01-04,"R_t","AT",2020-09-02,"point",NA,1.02846379238175
2021-01-04,"R_t","AT",2020-09-02,"quantile",0.025,0.994558392632901
2021-01-04,"R_t","AT",2020-09-02,"quantile",0.975,1.06195060694851
2021-01-04,"R_t","AT",2020-09-03,"point",NA,1.04185851820846
2021-01-04,"R_t","AT",2020-09-03,"quantile",0.025,1.00795311845961
2021-01-04,"R_t","AT",2020-09-03,"quantile",0.975,1.07534533277522
2021-01-04,"R_t","AT",2020-09-04,"point",NA,1.07827542904981
2021-01-04,"R_t","AT",2020-09-04,"quantile",0.025,1.04395144411888
2021-01-04,"R_t","AT",2020-09-04,"quantile",0.975,1.11259941398075
2021-01-04,"R_t","AT",2020-09-05,"point",NA,1.07367099204688
2021-01-04,"R_t","AT",2020-09-05,"quantile",0.025,1.03934700711595
2021-01-04,"R_t","AT",2020-09-05,"quantile",0.975,1.10757639179573
2021-01-04,"R_t","AT",2020-09-06,"point",NA,1.09376308078694
2021-01-04,"R_t","AT",2020-09-06,"quantile",0.025,1.05943909585601
2021-01-04,"R_t","AT",2020-09-06,"quantile",0.975,1.12766848053579
2021-01-04,"R_t","AT",2020-09-07,"point",NA,1.10171619924655
2021-01-04,"R_t","AT",2020-09-07,"quantile",0.025,1.06739221431561
2021-01-04,"R_t","AT",2020-09-07,"quantile",0.975,1.13520301381331
2021-01-04,"R_t","AT",2020-09-08,"point",NA,1.14148179154458
2021-01-04,"R_t","AT",2020-09-08,"quantile",0.025,1.10715780661365
2021-01-04,"R_t","AT",2020-09-08,"quantile",0.975,1.17538719129343
2021-01-04,"R_t","AT",2020-09-09,"point",NA,1.23482628714943
2021-01-04,"R_t","AT",2020-09-09,"quantile",0.025,1.19966513185433
2021-01-04,"R_t","AT",2020-09-09,"quantile",0.975,1.26998744244454
2021-01-04,"R_t","AT",2020-09-10,"point",NA,1.24445374633738
2021-01-04,"R_t","AT",2020-09-10,"quantile",0.025,1.20929259104228
2021-01-04,"R_t","AT",2020-09-10,"quantile",0.975,1.27835914608623
2021-01-04,"R_t","AT",2020-09-11,"point",NA,1.35621598995396
2021-01-04,"R_t","AT",2020-09-11,"quantile",0.025,1.32063624947677
2021-01-04,"R_t","AT",2020-09-11,"quantile",0.975,1.39137714524906
2021-01-04,"R_t","AT",2020-09-12,"point",NA,1.32231059020511
2021-01-04,"R_t","AT",2020-09-12,"quantile",0.025,1.28840519045626
2021-01-04,"R_t","AT",2020-09-12,"quantile",0.975,1.35579740477187
2021-01-04,"R_t","AT",2020-09-13,"point",NA,1.28087065717874
2021-01-04,"R_t","AT",2020-09-13,"quantile",0.025,1.24822101297614
2021-01-04,"R_t","AT",2020-09-13,"quantile",0.975,1.31268313101716
2021-01-04,"R_t","AT",2020-09-14,"point",NA,1.30975303474257
2021-01-04,"R_t","AT",2020-09-14,"quantile",0.025,1.27794056090414
2021-01-04,"R_t","AT",2020-09-14,"quantile",0.975,1.34114692339891
2021-01-04,"R_t","AT",2020-09-15,"point",NA,1.28505650899958
2021-01-04,"R_t","AT",2020-09-15,"quantile",0.025,1.25449979070741
2021-01-04,"R_t","AT",2020-09-15,"quantile",0.975,1.31519464210967
2021-01-04,"R_t","AT",2020-09-16,"point",NA,1.29510255336961
2021-01-04,"R_t","AT",2020-09-16,"quantile",0.025,1.26496442025952
2021-01-04,"R_t","AT",2020-09-16,"quantile",0.975,1.32440351611553
2021-01-04,"R_t","AT",2020-09-17,"point",NA,1.28924236082043
2021-01-04,"R_t","AT",2020-09-17,"quantile",0.025,1.26077856843868
2021-01-04,"R_t","AT",2020-09-17,"quantile",0.975,1.31770615320218
2021-01-04,"R_t","AT",2020-09-18,"point",NA,1.31728756802009
2021-01-04,"R_t","AT",2020-09-18,"quantile",0.025,1.28882377563834
2021-01-04,"R_t","AT",2020-09-18,"quantile",0.975,1.34533277521976
2021-01-04,"R_t","AT",2020-09-19,"point",NA,1.28212641272499
2021-01-04,"R_t","AT",2020-09-19,"quantile",0.025,1.25491837588949
2021-01-04,"R_t","AT",2020-09-19,"quantile",0.975,1.3089158643784
2021-01-04,"R_t","AT",2020-09-20,"point",NA,1.21640853913771
2021-01-04,"R_t","AT",2020-09-20,"quantile",0.025,1.19087484303056
2021-01-04,"R_t","AT",2020-09-20,"quantile",0.975,1.24152365006279
2021-01-04,"R_t","AT",2020-09-21,"point",NA,1.15613227291754
2021-01-04,"R_t","AT",2020-09-21,"quantile",0.025,1.13143574717455
2021-01-04,"R_t","AT",2020-09-21,"quantile",0.975,1.17957304311427
2021-01-04,"R_t","AT",2020-09-22,"point",NA,1.10966931770615
2021-01-04,"R_t","AT",2020-09-22,"quantile",0.025,1.0866471326915
2021-01-04,"R_t","AT",2020-09-22,"quantile",0.975,1.1326915027208
2021-01-04,"R_t","AT",2020-09-23,"point",NA,1.09878610297195
2021-01-04,"R_t","AT",2020-09-23,"quantile",0.025,1.0757639179573
2021-01-04,"R_t","AT",2020-09-23,"quantile",0.975,1.12097111762244
2021-01-04,"R_t","AT",2020-09-24,"point",NA,1.03850983675178
2021-01-04,"R_t","AT",2020-09-24,"quantile",0.025,1.01674340728338
2021-01-04,"R_t","AT",2020-09-24,"quantile",0.975,1.06027626622018
2021-01-04,"R_t","AT",2020-09-25,"point",NA,1.06069485140226
2021-01-04,"R_t","AT",2020-09-25,"quantile",0.025,1.03850983675178
2021-01-04,"R_t","AT",2020-09-25,"quantile",0.975,1.08204269568857
2021-01-04,"R_t","AT",2020-09-26,"point",NA,1.06571787358727
2021-01-04,"R_t","AT",2020-09-26,"quantile",0.025,1.04353285893679
2021-01-04,"R_t","AT",2020-09-26,"quantile",0.975,1.08706571787359
2021-01-04,"R_t","AT",2020-09-27,"point",NA,1.02092925910423
2021-01-04,"R_t","AT",2020-09-27,"quantile",0.025,0.999581414817915
2021-01-04,"R_t","AT",2020-09-27,"quantile",0.975,1.04143993302637
2021-01-04,"R_t","AT",2020-09-28,"point",NA,1.01213897028045
2021-01-04,"R_t","AT",2020-09-28,"quantile",0.025,0.991209711176224
2021-01-04,"R_t","AT",2020-09-28,"quantile",0.975,1.0326496442026
2021-01-04,"R_t","AT",2020-09-29,"point",NA,0.994558392632901
2021-01-04,"R_t","AT",2020-09-29,"quantile",0.025,0.974047718710758
2021-01-04,"R_t","AT",2020-09-29,"quantile",0.975,1.01506906655504
2021-01-04,"R_t","AT",2020-09-30,"point",NA,0.997907074089577
2021-01-04,"R_t","AT",2020-09-30,"quantile",0.025,0.97697781498535
2021-01-04,"R_t","AT",2020-09-30,"quantile",0.975,1.01799916282964
2021-01-04,"R_t","AT",2020-10-01,"point",NA,0.988279614901633
2021-01-04,"R_t","AT",2020-10-01,"quantile",0.025,0.967350355797405
2021-01-04,"R_t","AT",2020-10-01,"quantile",0.975,1.00837170364169
2021-01-04,"R_t","AT",2020-10-02,"point",NA,1.02804520719967
2021-01-04,"R_t","AT",2020-10-02,"quantile",0.025,1.00669736291335
2021-01-04,"R_t","AT",2020-10-02,"quantile",0.975,1.04855588112181
2021-01-04,"R_t","AT",2020-10-03,"point",NA,1.05399748848891
2021-01-04,"R_t","AT",2020-10-03,"quantile",0.025,1.0326496442026
2021-01-04,"R_t","AT",2020-10-03,"quantile",0.975,1.07492674759314
2021-01-04,"R_t","AT",2020-10-04,"point",NA,1.06446211804102
2021-01-04,"R_t","AT",2020-10-04,"quantile",0.025,1.04311427375471
2021-01-04,"R_t","AT",2020-10-04,"quantile",0.975,1.08539137714525
2021-01-04,"R_t","AT",2020-10-05,"point",NA,1.0757639179573
2021-01-04,"R_t","AT",2020-10-05,"quantile",0.025,1.05441607367099
2021-01-04,"R_t","AT",2020-10-05,"quantile",0.975,1.09669317706153
2021-01-04,"R_t","AT",2020-10-06,"point",NA,1.09083298451235
2021-01-04,"R_t","AT",2020-10-06,"quantile",0.025,1.06906655504395
2021-01-04,"R_t","AT",2020-10-06,"quantile",0.975,1.11134365843449
2021-01-04,"R_t","AT",2020-10-07,"point",NA,1.13687735454165
2021-01-04,"R_t","AT",2020-10-07,"quantile",0.025,1.11511092507325
2021-01-04,"R_t","AT",2020-10-07,"quantile",0.975,1.15780661364588
2021-01-04,"R_t","AT",2020-10-08,"point",NA,1.14734198409376
2021-01-04,"R_t","AT",2020-10-08,"quantile",0.025,1.12599413980745
2021-01-04,"R_t","AT",2020-10-08,"quantile",0.975,1.16868982838008
2021-01-04,"R_t","AT",2020-10-09,"point",NA,1.18375889493512
2021-01-04,"R_t","AT",2020-10-09,"quantile",0.025,1.16199246546672
2021-01-04,"R_t","AT",2020-10-09,"quantile",0.975,1.20468815403935
2021-01-04,"R_t","AT",2020-10-10,"point",NA,1.18920050230222
2021-01-04,"R_t","AT",2020-10-10,"quantile",0.025,1.16785265801591
2021-01-04,"R_t","AT",2020-10-10,"quantile",0.975,1.21012976140645
2021-01-04,"R_t","AT",2020-10-11,"point",NA,1.1544579321892
2021-01-04,"R_t","AT",2020-10-11,"quantile",0.025,1.13352867308497
2021-01-04,"R_t","AT",2020-10-11,"quantile",0.975,1.17455002092926
2021-01-04,"R_t","AT",2020-10-12,"point",NA,1.14817915445793
2021-01-04,"R_t","AT",2020-10-12,"quantile",0.025,1.12808706571787
2021-01-04,"R_t","AT",2020-10-12,"quantile",0.975,1.16785265801591
2021-01-04,"R_t","AT",2020-10-13,"point",NA,1.15027208036836
2021-01-04,"R_t","AT",2020-10-13,"quantile",0.025,1.1301799916283
2021-01-04,"R_t","AT",2020-10-13,"quantile",0.975,1.16952699874424
2021-01-04,"R_t","AT",2020-10-14,"point",NA,1.16785265801591
2021-01-04,"R_t","AT",2020-10-14,"quantile",0.025,1.14817915445793
2021-01-04,"R_t","AT",2020-10-14,"quantile",0.975,1.18668899120971
2021-01-04,"R_t","AT",2020-10-15,"point",NA,1.1707827542905
2021-01-04,"R_t","AT",2020-10-15,"quantile",0.025,1.15110925073252
2021-01-04,"R_t","AT",2020-10-15,"quantile",0.975,1.1896190874843
2021-01-04,"R_t","AT",2020-10-16,"point",NA,1.21347844286312
2021-01-04,"R_t","AT",2020-10-16,"quantile",0.025,1.19422352448723
2021-01-04,"R_t","AT",2020-10-16,"quantile",0.975,1.23273336123901
2021-01-04,"R_t","AT",2020-10-17,"point",NA,1.22017580577648
2021-01-04,"R_t","AT",2020-10-17,"quantile",0.025,1.20092088740059
2021-01-04,"R_t","AT",2020-10-17,"quantile",0.975,1.2385935537882
2021-01-04,"R_t","AT",2020-10-18,"point",NA,1.18794474675596
2021-01-04,"R_t","AT",2020-10-18,"quantile",0.025,1.16952699874424
2021-01-04,"R_t","AT",2020-10-18,"quantile",0.975,1.2059439095856
2021-01-04,"R_t","AT",2020-10-19,"point",NA,1.17371285056509
2021-01-04,"R_t","AT",2020-10-19,"quantile",0.025,1.15571368773545
2021-01-04,"R_t","AT",2020-10-19,"quantile",0.975,1.19087484303056
2021-01-04,"R_t","AT",2020-10-20,"point",NA,1.17538719129343
2021-01-04,"R_t","AT",2020-10-20,"quantile",0.025,1.15738802846379
2021-01-04,"R_t","AT",2020-10-20,"quantile",0.975,1.19213059857681
2021-01-04,"R_t","AT",2020-10-21,"point",NA,1.2302218501465
2021-01-04,"R_t","AT",2020-10-21,"quantile",0.025,1.21222268731687
2021-01-04,"R_t","AT",2020-10-21,"quantile",0.975,1.24738384261197
2021-01-04,"R_t","AT",2020-10-22,"point",NA,1.30138133110088
2021-01-04,"R_t","AT",2020-10-22,"quantile",0.025,1.28338216827124
2021-01-04,"R_t","AT",2020-10-22,"quantile",0.975,1.31854332356635
2021-01-04,"R_t","AT",2020-10-23,"point",NA,1.37254081205525
2021-01-04,"R_t","AT",2020-10-23,"quantile",0.025,1.3549602344077
2021-01-04,"R_t","AT",2020-10-23,"quantile",0.975,1.3901213897028
2021-01-04,"R_t","AT",2020-10-24,"point",NA,1.40477187107576
2021-01-04,"R_t","AT",2020-10-24,"quantile",0.025,1.38719129342821
2021-01-04,"R_t","AT",2020-10-24,"quantile",0.975,1.42151527835915
2021-01-04,"R_t","AT",2020-10-25,"point",NA,1.37212222687317
2021-01-04,"R_t","AT",2020-10-25,"quantile",0.025,1.35537881958979
2021-01-04,"R_t","AT",2020-10-25,"quantile",0.975,1.38802846379238
2021-01-04,"R_t","AT",2020-10-26,"point",NA,1.33905399748849
2021-01-04,"R_t","AT",2020-10-26,"quantile",0.025,1.32314776056928
2021-01-04,"R_t","AT",2020-10-26,"quantile",0.975,1.35412306404353
2021-01-04,"R_t","AT",2020-10-27,"point",NA,1.37379656760151
2021-01-04,"R_t","AT",2020-10-27,"quantile",0.025,1.35789033068229
2021-01-04,"R_t","AT",2020-10-27,"quantile",0.975,1.38844704897447
2021-01-04,"R_t","AT",2020-10-28,"point",NA,1.39723733779824
2021-01-04,"R_t","AT",2020-10-28,"quantile",0.025,1.38174968606111
2021-01-04,"R_t","AT",2020-10-28,"quantile",0.975,1.41146923398912
2021-01-04,"R_t","AT",2020-10-29,"point",NA,1.41858518208455
2021-01-04,"R_t","AT",2020-10-29,"quantile",0.025,1.40393470071159
2021-01-04,"R_t","AT",2020-10-29,"quantile",0.975,1.43281707827543
2021-01-04,"R_t","AT",2020-10-30,"point",NA,1.45835077438259
2021-01-04,"R_t","AT",2020-10-30,"quantile",0.025,1.44411887819171
2021-01-04,"R_t","AT",2020-10-30,"quantile",0.975,1.47216408539138
2021-01-04,"R_t","AT",2020-10-31,"point",NA,1.45458350774383
2021-01-04,"R_t","AT",2020-10-31,"quantile",0.025,1.44077019673504
2021-01-04,"R_t","AT",2020-10-31,"quantile",0.975,1.46755964838845
2021-01-04,"R_t","AT",2020-11-01,"point",NA,1.41565508580996
2021-01-04,"R_t","AT",2020-11-01,"quantile",0.025,1.40267894516534
2021-01-04,"R_t","AT",2020-11-01,"quantile",0.975,1.42779405609041
2021-01-04,"R_t","AT",2020-11-02,"point",NA,1.38467978233571
2021-01-04,"R_t","AT",2020-11-02,"quantile",0.025,1.37212222687317
2021-01-04,"R_t","AT",2020-11-02,"quantile",0.975,1.39598158225199
2021-01-04,"R_t","AT",2020-11-03,"point",NA,1.36751778987024
2021-01-04,"R_t","AT",2020-11-03,"quantile",0.025,1.35579740477187
2021-01-04,"R_t","AT",2020-11-03,"quantile",0.975,1.37881958978652
2021-01-04,"R_t","AT",2020-11-04,"point",NA,1.3549602344077
2021-01-04,"R_t","AT",2020-11-04,"quantile",0.025,1.34365843449142
2021-01-04,"R_t","AT",2020-11-04,"quantile",0.975,1.36542486395982
2021-01-04,"R_t","AT",2020-11-05,"point",NA,1.33528673084973
2021-01-04,"R_t","AT",2020-11-05,"quantile",0.025,1.32440351611553
2021-01-04,"R_t","AT",2020-11-05,"quantile",0.975,1.34533277521976
2021-01-04,"R_t","AT",2020-11-06,"point",NA,1.34616994558393
2021-01-04,"R_t","AT",2020-11-06,"quantile",0.025,1.33570531603181
2021-01-04,"R_t","AT",2020-11-06,"quantile",0.975,1.35579740477187
2021-01-04,"R_t","AT",2020-11-07,"point",NA,1.30807869401423
2021-01-04,"R_t","AT",2020-11-07,"quantile",0.025,1.2980326496442
2021-01-04,"R_t","AT",2020-11-07,"quantile",0.975,1.31770615320218
2021-01-04,"R_t","AT",2020-11-08,"point",NA,1.27542904981164
2021-01-04,"R_t","AT",2020-11-08,"quantile",0.025,1.26580159062369
2021-01-04,"R_t","AT",2020-11-08,"quantile",0.975,1.28380075345333
2021-01-04,"R_t","AT",2020-11-09,"point",NA,1.22938467978234
2021-01-04,"R_t","AT",2020-11-09,"quantile",0.025,1.22017580577648
2021-01-04,"R_t","AT",2020-11-09,"quantile",0.975,1.23775638342403
2021-01-04,"R_t","AT",2020-11-10,"point",NA,1.21012976140645
2021-01-04,"R_t","AT",2020-11-10,"quantile",0.025,1.20133947258267
2021-01-04,"R_t","AT",2020-11-10,"quantile",0.975,1.21808287986605
2021-01-04,"R_t","AT",2020-11-11,"point",NA,1.21347844286312
2021-01-04,"R_t","AT",2020-11-11,"quantile",0.025,1.20510673922143
2021-01-04,"R_t","AT",2020-11-11,"quantile",0.975,1.22143156132273
2021-01-04,"R_t","AT",2020-11-12,"point",NA,1.1950606948514
2021-01-04,"R_t","AT",2020-11-12,"quantile",0.025,1.18668899120971
2021-01-04,"R_t","AT",2020-11-12,"quantile",0.975,1.20259522812892
2021-01-04,"R_t","AT",2020-11-13,"point",NA,1.17371285056509
2021-01-04,"R_t","AT",2020-11-13,"quantile",0.025,1.16575973210548
2021-01-04,"R_t","AT",2020-11-13,"quantile",0.975,1.18124738384261
2021-01-04,"R_t","AT",2020-11-14,"point",NA,1.13604018417748
2021-01-04,"R_t","AT",2020-11-14,"quantile",0.025,1.12808706571787
2021-01-04,"R_t","AT",2020-11-14,"quantile",0.975,1.14315613227292
2021-01-04,"R_t","AT",2020-11-15,"point",NA,1.08999581414818
2021-01-04,"R_t","AT",2020-11-15,"quantile",0.025,1.08246128087066
2021-01-04,"R_t","AT",2020-11-15,"quantile",0.975,1.09669317706153
2021-01-04,"R_t","AT",2020-11-16,"point",NA,1.0569275847635
2021-01-04,"R_t","AT",2020-11-16,"quantile",0.025,1.04939305148598
2021-01-04,"R_t","AT",2020-11-16,"quantile",0.975,1.06362494767685
2021-01-04,"R_t","AT",2020-11-17,"point",NA,1.04185851820846
2021-01-04,"R_t","AT",2020-11-17,"quantile",0.025,1.03432398493093
2021-01-04,"R_t","AT",2020-11-17,"quantile",0.975,1.04813729593972
2021-01-04,"R_t","AT",2020-11-18,"point",NA,1.0217664294684
2021-01-04,"R_t","AT",2020-11-18,"quantile",0.025,1.01465048137296
2021-01-04,"R_t","AT",2020-11-18,"quantile",0.975,1.02804520719967
2021-01-04,"R_t","AT",2020-11-19,"point",NA,0.995814148179154
2021-01-04,"R_t","AT",2020-11-19,"quantile",0.025,0.988698200083717
2021-01-04,"R_t","AT",2020-11-19,"quantile",0.975,1.00209292591042
2021-01-04,"R_t","AT",2020-11-20,"point",NA,1.00502302218501
2021-01-04,"R_t","AT",2020-11-20,"quantile",0.025,0.997907074089577
2021-01-04,"R_t","AT",2020-11-20,"quantile",0.975,1.01172038509837
2021-01-04,"R_t","AT",2020-11-21,"point",NA,0.997069903725408
2021-01-04,"R_t","AT",2020-11-21,"quantile",0.025,0.989953955629971
2021-01-04,"R_t","AT",2020-11-21,"quantile",0.975,1.00334868145668
2021-01-04,"R_t","AT",2020-11-22,"point",NA,0.952281289242361
2021-01-04,"R_t","AT",2020-11-22,"quantile",0.025,0.946002511511092
2021-01-04,"R_t","AT",2020-11-22,"quantile",0.975,0.958978652155714
2021-01-04,"R_t","AT",2020-11-23,"point",NA,0.923398911678527
2021-01-04,"R_t","AT",2020-11-23,"quantile",0.025,0.916701548765174
2021-01-04,"R_t","AT",2020-11-23,"quantile",0.975,0.929677689409795
2021-01-04,"R_t","AT",2020-11-24,"point",NA,0.892842193386354
2021-01-04,"R_t","AT",2020-11-24,"quantile",0.025,0.886144830473001
2021-01-04,"R_t","AT",2020-11-24,"quantile",0.975,0.899120971117622
2021-01-04,"R_t","AT",2020-11-25,"point",NA,0.874424445374634
2021-01-04,"R_t","AT",2020-11-25,"quantile",0.025,0.868145667643365
2021-01-04,"R_t","AT",2020-11-25,"quantile",0.975,0.880703223105902
2021-01-04,"R_t","AT",2020-11-26,"point",NA,0.871494349100042
2021-01-04,"R_t","AT",2020-11-26,"quantile",0.025,0.865215571368774
2021-01-04,"R_t","AT",2020-11-26,"quantile",0.975,0.87777312683131
2021-01-04,"R_t","AT",2020-11-27,"point",NA,0.884889074926748
2021-01-04,"R_t","AT",2020-11-27,"quantile",0.025,0.878610297195479
2021-01-04,"R_t","AT",2020-11-27,"quantile",0.975,0.8915864378401
2021-01-04,"R_t","AT",2020-11-28,"point",NA,0.898702385935538
2021-01-04,"R_t","AT",2020-11-28,"quantile",0.025,0.89242360820427
2021-01-04,"R_t","AT",2020-11-28,"quantile",0.975,0.905399748848891
2021-01-04,"R_t","AT",2020-11-29,"point",NA,0.874424445374634
2021-01-04,"R_t","AT",2020-11-29,"quantile",0.025,0.867727082461281
2021-01-04,"R_t","AT",2020-11-29,"quantile",0.975,0.881121808287987
2021-01-04,"R_t","AT",2020-11-30,"point",NA,0.841356215989954
2021-01-04,"R_t","AT",2020-11-30,"quantile",0.025,0.834658853076601
2021-01-04,"R_t","AT",2020-11-30,"quantile",0.975,0.848053578903307
2021-01-04,"R_t","AT",2020-12-01,"point",NA,0.832565927166178
2021-01-04,"R_t","AT",2020-12-01,"quantile",0.025,0.825449979070741
2021-01-04,"R_t","AT",2020-12-01,"quantile",0.975,0.839263290079531
2021-01-04,"R_t","AT",2020-12-02,"point",NA,0.817915445793219
2021-01-04,"R_t","AT",2020-12-02,"quantile",0.025,0.811218082879866
2021-01-04,"R_t","AT",2020-12-02,"quantile",0.975,0.824612808706572
2021-01-04,"R_t","AT",2020-12-03,"point",NA,0.80786940142319
2021-01-04,"R_t","AT",2020-12-03,"quantile",0.025,0.801172038509837
2021-01-04,"R_t","AT",2020-12-03,"quantile",0.975,0.814985349518627
2021-01-04,"R_t","AT",2020-12-04,"point",NA,0.818334030975303
2021-01-04,"R_t","AT",2020-12-04,"quantile",0.025,0.811218082879866
2021-01-04,"R_t","AT",2020-12-04,"quantile",0.975,0.825449979070741
2021-01-04,"R_t","AT",2020-12-05,"point",NA,0.861866889912097
2021-01-04,"R_t","AT",2020-12-05,"quantile",0.025,0.85475094181666
2021-01-04,"R_t","AT",2020-12-05,"quantile",0.975,0.869401423189619
2021-01-04,"R_t","AT",2020-12-06,"point",NA,0.853076601088322
2021-01-04,"R_t","AT",2020-12-06,"quantile",0.025,0.8455420678108
2021-01-04,"R_t","AT",2020-12-06,"quantile",0.975,0.860611134365843
2021-01-04,"R_t","AT",2020-12-07,"point",NA,0.827124319799079
2021-01-04,"R_t","AT",2020-12-07,"quantile",0.025,0.819589786521557
2021-01-04,"R_t","AT",2020-12-07,"quantile",0.975,0.834658853076601
2021-01-04,"R_t","AT",2020-12-08,"point",NA,0.807450816241105
2021-01-04,"R_t","AT",2020-12-08,"quantile",0.025,0.799916282963583
2021-01-04,"R_t","AT",2020-12-08,"quantile",0.975,0.814985349518627
2021-01-04,"R_t","AT",2020-12-09,"point",NA,0.791963164503977
2021-01-04,"R_t","AT",2020-12-09,"quantile",0.025,0.784428631226455
2021-01-04,"R_t","AT",2020-12-09,"quantile",0.975,0.799497697781498
2021-01-04,"R_t","AT",2020-12-10,"point",NA,0.805776475512767
2021-01-04,"R_t","AT",2020-12-10,"quantile",0.025,0.79782335705316
2021-01-04,"R_t","AT",2020-12-10,"quantile",0.975,0.813729593972373
2021-01-04,"R_t","AT",2020-12-11,"point",NA,0.825449979070741
2021-01-04,"R_t","AT",2020-12-11,"quantile",0.025,0.817496860611134
2021-01-04,"R_t","AT",2020-12-11,"quantile",0.975,0.833821682712432
2021-01-04,"R_t","AT",2020-12-12,"point",NA,0.868982838007535
2021-01-04,"R_t","AT",2020-12-12,"quantile",0.025,0.860192549183759
2021-01-04,"R_t","AT",2020-12-12,"quantile",0.975,0.877354541649226
2021-01-04,"R_t","AT",2020-12-13,"point",NA,0.883214734198409
2021-01-04,"R_t","AT",2020-12-13,"quantile",0.025,0.874424445374634
2021-01-04,"R_t","AT",2020-12-13,"quantile",0.975,0.892005023022185
2021-01-04,"R_t","AT",2020-12-14,"point",NA,0.884889074926748
2021-01-04,"R_t","AT",2020-12-14,"quantile",0.025,0.875680200920887
2021-01-04,"R_t","AT",2020-12-14,"quantile",0.975,0.893679363750523
2021-01-04,"R_t","AT",2020-12-15,"point",NA,0.890749267475931
2021-01-04,"R_t","AT",2020-12-15,"quantile",0.025,0.881540393470071
2021-01-04,"R_t","AT",2020-12-15,"quantile",0.975,0.899958141481792
2021-01-04,"R_t","AT",2020-12-16,"point",NA,0.883214734198409
2021-01-04,"R_t","AT",2020-12-16,"quantile",0.025,0.874424445374634
2021-01-04,"R_t","AT",2020-12-16,"quantile",0.975,0.892842193386354
2021-01-04,"R_t","AT",2020-12-17,"point",NA,0.865215571368774
2021-01-04,"R_t","AT",2020-12-17,"quantile",0.025,0.856006697362913
2021-01-04,"R_t","AT",2020-12-17,"quantile",0.975,0.874424445374634
2021-01-04,"R_t","AT",2020-12-18,"point",NA,0.871075763917957
2021-01-04,"R_t","AT",2020-12-18,"quantile",0.025,0.861866889912097
2021-01-04,"R_t","AT",2020-12-18,"quantile",0.975,0.880703223105902
2021-01-04,"R_t","AT",2020-12-19,"point",NA,0.881958978652156
2021-01-04,"R_t","AT",2020-12-19,"quantile",0.025,0.872331519464211
2021-01-04,"R_t","AT",2020-12-19,"quantile",0.975,0.8915864378401
2021-01-04,"R_t","AT",2020-12-20,"point",NA,0.875261615738803
2021-01-04,"R_t","AT",2020-12-20,"quantile",0.025,0.865634156550858
2021-01-04,"R_t","AT",2020-12-20,"quantile",0.975,0.885307660108832
2021-01-04,"R_t","AT",2020-12-21,"point",NA,0.88237756383424
2021-01-04,"R_t","AT",2020-12-21,"quantile",0.025,0.872331519464211
2021-01-04,"R_t","AT",2020-12-21,"quantile",0.975,0.89242360820427
2021-01-04,"R_t","AT",2020-12-22,"point",NA,0.909167015487652
2021-01-04,"R_t","AT",2020-12-22,"quantile",0.025,0.899120971117622
2021-01-04,"R_t","AT",2020-12-22,"quantile",0.975,0.919213059857681
2021-01-04,"R_t","AT",2020-12-23,"point",NA,0.925910422771034
2021-01-04,"R_t","AT",2020-12-23,"quantile",0.025,0.91544579321892
2021-01-04,"R_t","AT",2020-12-23,"quantile",0.975,0.936375052323148
2021-01-04,"R_t","AT",2020-12-24,"point",NA,0.91544579321892
2021-01-04,"R_t","AT",2020-12-24,"quantile",0.025,0.904981163666806
2021-01-04,"R_t","AT",2020-12-24,"quantile",0.975,0.925910422771034
2021-01-04,"R_t","AT",2020-12-25,"point",NA,0.890749267475931
2021-01-04,"R_t","AT",2020-12-25,"quantile",0.025,0.880284637923818
2021-01-04,"R_t","AT",2020-12-25,"quantile",0.975,0.901213897028045
2021-01-04,"R_t","AT",2020-12-26,"point",NA,0.867727082461281
2021-01-04,"R_t","AT",2020-12-26,"quantile",0.025,0.857262452909167
2021-01-04,"R_t","AT",2020-12-26,"quantile",0.975,0.878191712013395
2021-01-04,"R_t","AT",2020-12-27,"point",NA,0.855588112180829
2021-01-04,"R_t","AT",2020-12-27,"quantile",0.025,0.8455420678108
2021-01-04,"R_t","AT",2020-12-27,"quantile",0.975,0.866471326915027
2021-01-04,"R_t","AT",2020-12-28,"point",NA,0.858099623273336
2021-01-04,"R_t","AT",2020-12-28,"quantile",0.025,0.847634993721222
2021-01-04,"R_t","AT",2020-12-28,"quantile",0.975,0.868982838007535
2021-01-04,"R_t","AT",2020-12-29,"point",NA,0.907911259941398
2021-01-04,"R_t","AT",2020-12-29,"quantile",0.025,0.896609460025115
2021-01-04,"R_t","AT",2020-12-29,"quantile",0.975,0.918794474675596
2021-01-04,"R_t","AT",2020-12-30,"point",NA,0.965676015069067
2021-01-04,"R_t","AT",2020-12-30,"quantile",0.025,0.953537044788614
2021-01-04,"R_t","AT",2020-12-30,"quantile",0.975,0.97697781498535
2021-01-04,"R_t","AT",2020-12-31,"point",NA,0.967768940979489
2021-01-04,"R_t","AT",2020-12-31,"quantile",0.025,0.955629970699037
2021-01-04,"R_t","AT",2020-12-31,"quantile",0.975,0.979070740895772
2021-01-04,"R_t","AT",2021-01-01,"point",NA,0.962745918794475
2021-01-04,"R_t","AT",2021-01-01,"quantile",0.025,0.951025533696107
2021-01-04,"R_t","AT",2021-01-01,"quantile",0.975,0.974466303892842
2021-01-04,"R_t","AT",2021-01-02,"point",NA,0.967768940979489
2021-01-04,"R_t","AT",2021-01-02,"quantile",0.025,0.955629970699037
2021-01-04,"R_t","AT",2021-01-02,"quantile",0.975,0.979070740895772
