country,region,source,data_type,estimate_type,date,median_R_mean,median_R_highHPD,median_R_lowHPD,countryIso3
Austria,AUT,OWID,Confirmed cases,Cori_slidingWindow,2020-02-29,3.8218287999953335,4.492057122944241,3.205069530061391,AUT
Austria,AUT,OWID,Confirmed cases,Cori_slidingWindow,2020-03-01,3.6299529534469466,4.178583260500533,3.119442319623691,AUT
Austria,AUT,OWID,Confirmed cases,Cori_slidingWindow,2020-03-02,3.427062788375314,3.878211447829208,3.003452550473595,AUT
Austria,AUT,OWID,Confirmed cases,Cori_slidingWindow,2020-03-03,3.226989497685623,3.600415339912692,2.8737436537964216,AUT
Austria,AUT,OWID,Confirmed cases,Cori_slidingWindow,2020-03-04,3.057464578753013,3.382329352463169,2.732599805042858,AUT
Austria,AUT,OWID,Confirmed cases,Cori_slidingWindow,2020-03-05,2.9273649017492405,3.2240444376090407,2.63068536588944,AUT
Austria,AUT,OWID,Confirmed cases,Cori_slidingWindow,2020-03-06,2.8214752960432787,3.1030982055170875,2.53985238656947,AUT
Austria,AUT,OWID,Confirmed cases,Cori_slidingWindow,2020-03-07,2.7157309821654647,2.990024433441319,2.4414375308896106,AUT
Austria,AUT,OWID,Confirmed cases,Cori_slidingWindow,2020-03-08,2.6005420714229763,2.855080948905592,2.3460031939403607,AUT
Austria,AUT,OWID,Confirmed cases,Cori_slidingWindow,2020-03-09,2.482494304086315,2.7153584621263978,2.2496301460462327,AUT
Austria,AUT,OWID,Confirmed cases,Cori_slidingWindow,2020-03-10,2.353190360907311,2.567419305676205,2.1389614161384167,AUT
Austria,AUT,OWID,Confirmed cases,Cori_slidingWindow,2020-03-11,2.2051046108705554,2.394970622555614,2.015238599185497,AUT
Austria,AUT,OWID,Confirmed cases,Cori_slidingWindow,2020-03-12,2.0496641260466726,2.2156437963371878,1.8836844557561576,AUT
Austria,AUT,OWID,Confirmed cases,Cori_slidingWindow,2020-03-13,1.8978450360507173,2.049655555038965,1.7460345170624698,AUT
Austria,AUT,OWID,Confirmed cases,Cori_slidingWindow,2020-03-14,1.7505592785051796,1.891829178521324,1.6092893784890352,AUT
Austria,AUT,OWID,Confirmed cases,Cori_slidingWindow,2020-03-15,1.6048292963211852,1.7350932051129748,1.4745653875293956,AUT
Austria,AUT,OWID,Confirmed cases,Cori_slidingWindow,2020-03-16,1.464094090064702,1.5848909254960255,1.3432972546333788,AUT
Austria,AUT,OWID,Confirmed cases,Cori_slidingWindow,2020-03-17,1.3330543638853047,1.444475740413938,1.2216329873566716,AUT
Austria,AUT,OWID,Confirmed cases,Cori_slidingWindow,2020-03-18,1.208648467154852,1.3093036034751235,1.1079933308345806,AUT
Austria,AUT,OWID,Confirmed cases,Cori_slidingWindow,2020-03-19,1.0899911930283357,1.1823033938010763,0.9976789922555944,AUT
Austria,AUT,OWID,Confirmed cases,Cori_slidingWindow,2020-03-20,0.980786767140477,1.0698523239766813,0.8917212103042726,AUT
Austria,AUT,OWID,Confirmed cases,Cori_slidingWindow,2020-03-21,0.8832435642369725,0.9714668362286364,0.7950202922453087,AUT
Austria,AUT,OWID,Confirmed cases,Cori_slidingWindow,2020-03-22,0.7992195251024893,0.8869397505060626,0.711499299698916,AUT
Austria,AUT,OWID,Confirmed cases,Cori_slidingWindow,2020-03-23,0.730065136645043,0.8172892013416031,0.642841071948483,AUT
Austria,AUT,OWID,Confirmed cases,Cori_slidingWindow,2020-03-24,0.6765701348080284,0.7624450614438909,0.5906952081721659,AUT
Austria,AUT,OWID,Confirmed cases,Cori_slidingWindow,2020-03-25,0.6358331237869509,0.7203395788959953,0.5513266686779065,AUT
Austria,AUT,OWID,Confirmed cases,Cori_slidingWindow,2020-03-26,0.6037541369214958,0.689004243313245,0.5185040305297467,AUT
Austria,AUT,OWID,Confirmed cases,Cori_slidingWindow,2020-03-27,0.5802404170517931,0.667517550386803,0.4929632837167831,AUT
Austria,AUT,OWID,Confirmed cases,Cori_slidingWindow,2020-03-28,0.5671575163325423,0.6540778612938221,0.4802371713712625,AUT
Austria,AUT,OWID,Confirmed cases,Cori_slidingWindow,2020-03-29,0.5633301690089735,0.6466238504108204,0.4800364876071265,AUT
Austria,AUT,OWID,Confirmed cases,Cori_slidingWindow,2020-03-30,0.5656054204535805,0.6435766033565555,0.4876342375506055,AUT
Austria,AUT,OWID,Confirmed cases,Cori_slidingWindow,2020-03-31,0.571211453829792,0.6441170124905775,0.4983058951690065,AUT
Austria,AUT,OWID,Confirmed cases,Cori_slidingWindow,2020-04-01,0.5803441981524626,0.6499564029621262,0.5107319933427991,AUT
Austria,AUT,OWID,Confirmed cases,Cori_slidingWindow,2020-04-02,0.593202929971347,0.6632284400758438,0.5231774198668503,AUT
Austria,AUT,OWID,Confirmed cases,Cori_slidingWindow,2020-04-03,0.604483198681219,0.6781728076662067,0.5307935896962314,AUT
Austria,AUT,OWID,Confirmed cases,Cori_slidingWindow,2020-04-04,0.6068976192137424,0.6839068845866526,0.5298883538408322,AUT
Austria,AUT,OWID,Confirmed cases,Cori_slidingWindow,2020-04-05,0.5988593494880688,0.677622846310862,0.5200958526652757,AUT
Austria,AUT,OWID,Confirmed cases,Cori_slidingWindow,2020-04-06,0.5844384397902939,0.6638774630608618,0.5049994165197259,AUT
Austria,AUT,OWID,Confirmed cases,Cori_slidingWindow,2020-04-07,0.5695564152196053,0.6486198814226672,0.4904929490165434,AUT
Austria,AUT,OWID,Confirmed cases,Cori_slidingWindow,2020-04-08,0.5579586209296957,0.6362132518083672,0.4797039900510242,AUT
Austria,AUT,OWID,Confirmed cases,Cori_slidingWindow,2020-04-09,0.5542668536178577,0.6326767079878236,0.4758569992478916,AUT
Austria,AUT,OWID,Confirmed cases,Cori_slidingWindow,2020-04-10,0.5618369618717008,0.6416798024433822,0.4819941213000195,AUT
Austria,AUT,OWID,Confirmed cases,Cori_slidingWindow,2020-04-11,0.5812613709658984,0.6639329669858265,0.4987701750697872,AUT
Austria,AUT,OWID,Confirmed cases,Cori_slidingWindow,2020-04-12,0.611580890764956,0.701407628143761,0.5270495229116504,AUT
Austria,AUT,OWID,Confirmed cases,Cori_slidingWindow,2020-04-13,0.6494612553685397,0.7473037868393878,0.5583964717837261,AUT
Austria,AUT,OWID,Confirmed cases,Cori_slidingWindow,2020-04-14,0.6910175929933168,0.7972787499268584,0.5922597030248542,AUT
Austria,AUT,OWID,Confirmed cases,Cori_slidingWindow,2020-04-15,0.7345514235344109,0.8492935193780891,0.6280308646041395,AUT
Austria,AUT,OWID,Confirmed cases,Cori_slidingWindow,2020-04-16,0.7798461513420066,0.9029205408261224,0.6656750660636812,AUT
Austria,AUT,OWID,Confirmed cases,Cori_slidingWindow,2020-04-17,0.8227888383324135,0.9535778005287484,0.7015248383434614,AUT
Austria,AUT,OWID,Confirmed cases,Cori_slidingWindow,2020-04-18,0.8539247415019012,0.9909570140809588,0.7269606148885814,AUT
Austria,AUT,OWID,Confirmed cases,Cori_slidingWindow,2020-04-19,0.8687163644860849,1.0100950727566422,0.7378617634982467,AUT
Austria,AUT,OWID,Confirmed cases,Cori_slidingWindow,2020-04-20,0.8713250230052069,1.0155336881203012,0.7380201679908788,AUT
Austria,AUT,OWID,Confirmed cases,Cori_slidingWindow,2020-04-21,0.8643813835146855,1.0102993698570073,0.7297008288593807,AUT
Austria,AUT,OWID,Confirmed cases,Cori_slidingWindow,2020-04-22,0.8502463964042812,0.9971519121002222,0.7149004902812258,AUT
Austria,AUT,OWID,Confirmed cases,Cori_slidingWindow,2020-04-23,0.8341202478036843,0.9818924889116828,0.6982481221868909,AUT
Austria,AUT,OWID,Confirmed cases,Cori_slidingWindow,2020-04-24,0.8228672894458278,0.9721156848396107,0.6859017361907601,AUT
Austria,AUT,OWID,Confirmed cases,Cori_slidingWindow,2020-04-25,0.8197524300335802,0.9714824904736354,0.6807450946051516,AUT
Austria,AUT,OWID,Confirmed cases,Cori_slidingWindow,2020-04-26,0.8252767610858122,0.9805651574715314,0.6832082938114402,AUT
Austria,AUT,OWID,Confirmed cases,Cori_slidingWindow,2020-04-27,0.8437677989644613,1.004017766799925,0.6972772165414484,AUT
Austria,AUT,OWID,Confirmed cases,Cori_slidingWindow,2020-04-28,0.8799386916215274,1.0468473221716774,0.7273445399635382,AUT
Austria,AUT,OWID,Confirmed cases,Cori_slidingWindow,2020-04-29,0.933813204525944,1.108822120129516,0.7736482627922971,AUT
Austria,AUT,OWID,Confirmed cases,Cori_slidingWindow,2020-04-30,1.001603817865986,1.185389959109263,0.833105511343303,AUT
Austria,AUT,OWID,Confirmed cases,Cori_slidingWindow,2020-05-01,1.0720423500673426,1.263777340093821,0.8958838626069067,AUT
Austria,AUT,OWID,Confirmed cases,Cori_slidingWindow,2020-05-02,1.1303980711830317,1.327579529130232,0.9488698126641016,AUT
Austria,AUT,OWID,Confirmed cases,Cori_slidingWindow,2020-05-03,1.16627996188595,1.3654370133413594,0.982624556794013,AUT
Austria,AUT,OWID,Confirmed cases,Cori_slidingWindow,2020-05-04,1.17741291744843,1.3751756897370775,0.9948092732538816,AUT
Austria,AUT,OWID,Confirmed cases,Cori_slidingWindow,2020-05-05,1.1665262697473822,1.3602911577748982,0.9874614306601956,AUT
Austria,AUT,OWID,Confirmed cases,Cori_slidingWindow,2020-05-06,1.1370747052694892,1.3250954325874382,0.9632584945034636,AUT
Austria,AUT,OWID,Confirmed cases,Cori_slidingWindow,2020-05-07,1.0966068879334756,1.2782010900587266,0.928750307516378,AUT
Austria,AUT,OWID,Confirmed cases,Cori_slidingWindow,2020-05-08,1.052035179864755,1.2273851258031494,0.8900307863902094,AUT
Austria,AUT,OWID,Confirmed cases,Cori_slidingWindow,2020-05-09,1.0026702581239142,1.17207118864022,0.8463250958577421,AUT
Austria,AUT,OWID,Confirmed cases,Cori_slidingWindow,2020-05-10,0.9474265336545304,1.1111235634270071,0.7966104472770112,AUT
Austria,AUT,OWID,Confirmed cases,Cori_slidingWindow,2020-05-11,0.8910147600891365,1.049634162495117,0.7452263803523774,AUT
Austria,AUT,OWID,Confirmed cases,Cori_slidingWindow,2020-05-12,0.8404229419824575,0.9952168142501764,0.6985501061761925,AUT
Austria,AUT,OWID,Confirmed cases,Cori_slidingWindow,2020-05-13,0.8001784500174597,0.952863774528656,0.6606595874166024,AUT
Austria,AUT,OWID,Confirmed cases,Cori_slidingWindow,2020-05-14,0.770856127059695,0.9232453068554431,0.6320416576393334,AUT
Austria,AUT,OWID,Confirmed cases,Cori_slidingWindow,2020-05-15,0.7533526058500888,0.907334979263456,0.6135122123303297,AUT
Austria,AUT,OWID,Confirmed cases,Cori_slidingWindow,2020-05-16,0.7470522067329181,0.9044169926994918,0.6045430271414273,AUT
Austria,AUT,OWID,Confirmed cases,Cori_slidingWindow,2020-05-17,0.7488779269592665,0.9110222823762671,0.6024282697381907,AUT
Austria,AUT,OWID,Confirmed cases,Cori_slidingWindow,2020-05-18,0.7564868666645076,0.9244339884183772,0.6051704400363163,AUT
Austria,AUT,OWID,Confirmed cases,Cori_slidingWindow,2020-05-19,0.7696852874898763,0.9442937950236344,0.6127091416978633,AUT
Austria,AUT,OWID,Confirmed cases,Cori_slidingWindow,2020-05-20,0.7924990279017722,0.9749415503481424,0.6287264626377026,AUT
Austria,AUT,OWID,Confirmed cases,Cori_slidingWindow,2020-05-21,0.8288950119361517,1.0206602056934746,0.6568415877311967,AUT
Austria,AUT,OWID,Confirmed cases,Cori_slidingWindow,2020-05-22,0.8776213867893069,1.0798420519984369,0.6961115071172527,AUT
Austria,AUT,OWID,Confirmed cases,Cori_slidingWindow,2020-05-23,0.9290573683423946,1.141437528284435,0.738272806271024,AUT
Austria,AUT,OWID,Confirmed cases,Cori_slidingWindow,2020-05-24,0.9730231856037288,1.1937358698933582,0.7745963301281297,AUT
Austria,AUT,OWID,Confirmed cases,Cori_slidingWindow,2020-05-25,1.006851162498472,1.2335253759050533,0.8029092010037521,AUT
Austria,AUT,OWID,Confirmed cases,Cori_slidingWindow,2020-05-26,1.030486240622499,1.26078471530458,0.8231302395226294,AUT
Austria,AUT,OWID,Confirmed cases,Cori_slidingWindow,2020-05-27,1.0419180047161958,1.2735409230781447,0.8332588416924185,AUT
Austria,AUT,OWID,Confirmed cases,Cori_slidingWindow,2020-05-28,1.0416139936622957,1.2726262996224489,0.8334561467590444,AUT
Austria,AUT,OWID,Confirmed cases,Cori_slidingWindow,2020-05-29,1.0386243144535137,1.268365342965941,0.8315574836093751,AUT
Austria,AUT,OWID,Confirmed cases,Cori_slidingWindow,2020-05-30,1.040606503837469,1.269503918049231,0.8341857197844289,AUT
Austria,AUT,OWID,Confirmed cases,Cori_slidingWindow,2020-05-31,1.041811614907603,1.2698301180317342,0.8360818544085404,AUT
Austria,AUT,OWID,Confirmed cases,Cori_slidingWindow,2020-06-01,1.033712144663771,1.259906282207211,0.8296238305641,AUT
Austria,AUT,OWID,Confirmed cases,Cori_slidingWindow,2020-06-02,1.0183898849171775,1.242007796528212,0.8166952152291952,AUT
Austria,AUT,OWID,Confirmed cases,Cori_slidingWindow,2020-06-03,1.0047815966276177,1.2261165717075744,0.8052090421810566,AUT
Austria,AUT,OWID,Confirmed cases,Cori_slidingWindow,2020-06-04,0.9975617228854724,1.2175624811082049,0.799215104561029,AUT
Austria,AUT,OWID,Confirmed cases,Cori_slidingWindow,2020-06-05,0.9951372707924604,1.2146360570774188,0.7972461412719917,AUT
Austria,AUT,OWID,Confirmed cases,Cori_slidingWindow,2020-06-06,0.9992579823796656,1.2191819407730742,0.8009403730222624,AUT
Austria,AUT,OWID,Confirmed cases,Cori_slidingWindow,2020-06-07,1.0116118601035933,1.2329244770220311,0.8119239494508391,AUT
Austria,AUT,OWID,Confirmed cases,Cori_slidingWindow,2020-06-08,1.0298041922414705,1.2530537322104127,0.8281886876949349,AUT
Austria,AUT,OWID,Confirmed cases,Cori_slidingWindow,2020-06-09,1.049144126973787,1.274203022445228,0.8456865492715347,AUT
Austria,AUT,OWID,Confirmed cases,Cori_slidingWindow,2020-06-10,1.0722410280360242,1.2990796367315405,0.8669006421276428,AUT
Austria,AUT,OWID,Confirmed cases,Cori_slidingWindow,2020-06-11,1.1059544146690958,1.3351173284221305,0.898102528111883,AUT
Austria,AUT,OWID,Confirmed cases,Cori_slidingWindow,2020-06-12,1.1498714116102702,1.3817151043536893,0.9390565298865824,AUT
Austria,AUT,OWID,Confirmed cases,Cori_slidingWindow,2020-06-13,1.1987840021170946,1.4329196503102133,0.9852749136444772,AUT
Austria,AUT,OWID,Confirmed cases,Cori_slidingWindow,2020-06-14,1.2504639865835572,1.4860311731133318,1.0349724083537746,AUT
Austria,AUT,OWID,Confirmed cases,Cori_slidingWindow,2020-06-15,1.3067958886747395,1.5429242248968544,1.0900328787481268,AUT
Austria,AUT,OWID,Confirmed cases,Cori_slidingWindow,2020-06-16,1.3662681620693118,1.6018669711135949,1.14917420578802,AUT
Austria,AUT,OWID,Confirmed cases,Cori_slidingWindow,2020-06-17,1.4240739284149602,1.6576298479922231,1.208028850863286,AUT
Austria,AUT,OWID,Confirmed cases,Cori_slidingWindow,2020-06-18,1.4791768980296782,1.7091500562600614,1.265609738654176,AUT
Austria,AUT,OWID,Confirmed cases,Cori_slidingWindow,2020-06-19,1.5227049819290592,1.7470711219576125,1.313562219593758,AUT
Austria,AUT,OWID,Confirmed cases,Cori_slidingWindow,2020-06-20,1.5413098812593518,1.757460529051451,1.3391613362695811,AUT
Austria,AUT,OWID,Confirmed cases,Cori_slidingWindow,2020-06-21,1.5309012869932732,1.736509092552381,1.3380826142009707,AUT
Austria,AUT,OWID,Confirmed cases,Cori_slidingWindow,2020-06-22,1.4970428349254654,1.6907958673741623,1.3149287228664093,AUT
Austria,AUT,OWID,Confirmed cases,Cori_slidingWindow,2020-06-23,1.446909477539403,1.628517674963014,1.275899561073216,AUT
Austria,AUT,OWID,Confirmed cases,Cori_slidingWindow,2020-06-24,1.3838868188953173,1.5536330552375877,1.2238336056668535,AUT
Austria,AUT,OWID,Confirmed cases,Cori_slidingWindow,2020-06-25,1.3146869145882851,1.473417149555736,1.164886237873268,AUT
Austria,AUT,OWID,Confirmed cases,Cori_slidingWindow,2020-06-26,1.2470715590022603,1.3961140221530906,1.1063333250861371,AUT
Austria,AUT,OWID,Confirmed cases,Cori_slidingWindow,2020-06-27,1.1826901191150023,1.3234089524495347,1.0497787079613392,AUT
Austria,AUT,OWID,Confirmed cases,Cori_slidingWindow,2020-06-28,1.1248488821560827,1.2586798467692606,0.9984428792881316,AUT
Austria,AUT,OWID,Confirmed cases,Cori_slidingWindow,2020-06-29,1.0798259902372491,1.208432844798475,0.9583612327331964,AUT
Austria,AUT,OWID,Confirmed cases,Cori_slidingWindow,2020-06-30,1.0514411828588324,1.176573811158364,0.9332527952818072,AUT
Austria,AUT,OWID,Confirmed cases,Cori_slidingWindow,2020-07-01,1.0371109345907847,1.1602085940157818,0.9208273177053932,AUT
Austria,AUT,OWID,Confirmed cases,Cori_slidingWindow,2020-07-02,1.0317872806887851,1.1538041429344852,0.9165011878558568,AUT
Austria,AUT,OWID,Confirmed cases,Cori_slidingWindow,2020-07-03,1.0342984128667392,1.155932611732038,0.9193385598800056,AUT
Austria,AUT,OWID,Confirmed cases,Cori_slidingWindow,2020-07-04,1.0451569046636544,1.1669868807520407,0.9299562889080296,AUT
Austria,AUT,OWID,Confirmed cases,Cori_slidingWindow,2020-07-05,1.0607826669839486,1.1830656778949191,0.9450838451282534,AUT
Austria,AUT,OWID,Confirmed cases,Cori_slidingWindow,2020-07-06,1.0757519755634628,1.1983378159840357,0.9596947823448052,AUT
Austria,AUT,OWID,Confirmed cases,Cori_slidingWindow,2020-07-07,1.0869295347561283,1.2094250790805492,0.9708896293883912,AUT
Austria,AUT,OWID,Confirmed cases,Cori_slidingWindow,2020-07-08,1.0969373651658914,1.2190820737087662,0.9811566730303948,AUT
Austria,AUT,OWID,Confirmed cases,Cori_slidingWindow,2020-07-09,1.108241277544736,1.2299400952191932,0.9927999978158882,AUT
Austria,AUT,OWID,Confirmed cases,Cori_slidingWindow,2020-07-10,1.1168450913569512,1.2378202986961544,1.0003303016842506,AUT
Austria,AUT,OWID,Confirmed cases,Cori_slidingWindow,2020-07-11,1.1168305912772762,1.2365095970318478,0.9992057197170556,AUT
Austria,AUT,OWID,Confirmed cases,Cori_slidingWindow,2020-07-12,1.108011724935613,1.2258499693894054,0.9916567259674708,AUT
Austria,AUT,OWID,Confirmed cases,Cori_slidingWindow,2020-07-13,1.0951891933504616,1.210972858087494,0.9825505553216284,AUT
Austria,AUT,OWID,Confirmed cases,Cori_slidingWindow,2020-07-14,1.0815924520607545,1.195370761144267,0.9729037297255044,AUT
Austria,AUT,OWID,Confirmed cases,Cori_slidingWindow,2020-07-15,1.067093674347004,1.1789723557018772,0.9607196830336668,AUT
Austria,AUT,OWID,Confirmed cases,Cori_slidingWindow,2020-07-16,1.0531545439123398,1.16333424784751,0.9477701519732682,AUT
Austria,AUT,OWID,Confirmed cases,Cori_slidingWindow,2020-07-17,1.040170095039393,1.148872481797781,0.933218842461043,AUT
Austria,AUT,OWID,Confirmed cases,Cori_slidingWindow,2020-07-18,1.0252250241138825,1.134536854911642,0.9159131933161224,AUT
Austria,AUT,OWID,Confirmed cases,Cori_slidingWindow,2020-07-19,1.003894753308889,1.1145462039975629,0.8932433026202152,AUT
Austria,AUT,OWID,Confirmed cases,Cori_slidingWindow,2020-07-20,0.9775566891145284,1.0890714029985693,0.8660419752304876,AUT
Austria,AUT,OWID,Confirmed cases,Cori_slidingWindow,2020-07-21,0.9522655287642232,1.0637634584917062,0.8407675990367404,AUT
Austria,AUT,OWID,Confirmed cases,Cori_slidingWindow,2020-07-22,0.930882766788549,1.0399005376047945,0.8218649959723037,AUT
Austria,AUT,OWID,Confirmed cases,Cori_slidingWindow,2020-07-23,0.9138499161470603,1.0196593967934,0.8080404355007208,AUT
Austria,AUT,OWID,Confirmed cases,Cori_slidingWindow,2020-07-24,0.9018021686852268,1.006274919714789,0.7973294176556645,AUT
Austria,AUT,OWID,Confirmed cases,Cori_slidingWindow,2020-07-25,0.896071999959986,1.00028077547447,0.7918632244455018,AUT
Austria,AUT,OWID,Confirmed cases,Cori_slidingWindow,2020-07-26,0.8997961862875579,1.0040857347539172,0.7955066378211986,AUT
Austria,AUT,OWID,Confirmed cases,Cori_slidingWindow,2020-07-27,0.9182606652716988,1.0234362425922567,0.8131698133857025,AUT
Austria,AUT,OWID,Confirmed cases,Cori_slidingWindow,2020-07-28,0.9579998404100332,1.0665807910393372,0.8506430053202945,AUT
Austria,AUT,OWID,Confirmed cases,Cori_slidingWindow,2020-07-29,1.0218900101819528,1.1350325617921866,0.909486137855094,AUT
Austria,AUT,OWID,Confirmed cases,Cori_slidingWindow,2020-07-30,1.1067220486341505,1.2268998410080076,0.9865442562602932,AUT
Austria,AUT,OWID,Confirmed cases,Cori_slidingWindow,2020-07-31,1.205957243188375,1.335732780545391,1.0761817058313592,AUT
Austria,AUT,OWID,Confirmed cases,Cori_slidingWindow,2020-08-01,1.3046103756354808,1.443684291005801,1.1655364602651606,AUT
Austria,AUT,OWID,Confirmed cases,Cori_slidingWindow,2020-08-02,1.3869795816762451,1.5316157409495383,1.242343422402952,AUT
Austria,AUT,OWID,Confirmed cases,Cori_slidingWindow,2020-08-03,1.4482292937062264,1.5946994512567876,1.3017591361556653,AUT
Austria,AUT,OWID,Confirmed cases,Cori_slidingWindow,2020-08-04,1.4903758747273277,1.635497539724353,1.3452542097303024,AUT
Austria,AUT,OWID,Confirmed cases,Cori_slidingWindow,2020-08-05,1.5127876022474334,1.6509943405658103,1.3745808639290562,AUT
Austria,AUT,OWID,Confirmed cases,Cori_slidingWindow,2020-08-06,1.5125222853009257,1.640277107341165,1.384767463260686,AUT
Austria,AUT,OWID,Confirmed cases,Cori_slidingWindow,2020-08-07,1.4877442834514634,1.6076206157027235,1.367867951200203,AUT
Austria,AUT,OWID,Confirmed cases,Cori_slidingWindow,2020-08-08,1.4410365177858602,1.5565795843078265,1.325493451263894,AUT
Austria,AUT,OWID,Confirmed cases,Cori_slidingWindow,2020-08-09,1.3771876040641642,1.4915457108743744,1.262829497253954,AUT
Austria,AUT,OWID,Confirmed cases,Cori_slidingWindow,2020-08-10,1.3065438482609442,1.4229461846030678,1.1901415119188206,AUT
Austria,AUT,OWID,Confirmed cases,Cori_slidingWindow,2020-08-11,1.2397547834630418,1.3574850860898753,1.1220244808362083,AUT
Austria,AUT,OWID,Confirmed cases,Cori_slidingWindow,2020-08-12,1.1811774465863976,1.2979170629636276,1.0644378302091675,AUT
Austria,AUT,OWID,Confirmed cases,Cori_slidingWindow,2020-08-13,1.1309326158443755,1.2469261849285969,1.0149390467601542,AUT
Austria,AUT,OWID,Confirmed cases,Cori_slidingWindow,2020-08-14,1.0879234032217937,1.2040517072130332,0.9717950992305542,AUT
Austria,AUT,OWID,Confirmed cases,Cori_slidingWindow,2020-08-15,1.0509041486931885,1.1667114943064598,0.9350968030799166,AUT
Austria,AUT,OWID,Confirmed cases,Cori_slidingWindow,2020-08-16,1.0194192832170472,1.1341748452709677,0.9046637211631268,AUT
Austria,AUT,OWID,Confirmed cases,Cori_slidingWindow,2020-08-17,0.9949154666829568,1.1069466405217474,0.8828842928441661,AUT
Austria,AUT,OWID,Confirmed cases,Cori_slidingWindow,2020-08-18,0.9804986167953008,1.087633172956811,0.8733640606337905,AUT
Austria,AUT,OWID,Confirmed cases,Cori_slidingWindow,2020-08-19,0.9777200185336808,1.0805658735413275,0.874874163526034,AUT
Austria,AUT,OWID,Confirmed cases,Cori_slidingWindow,2020-08-20,0.9848462876851644,1.0862000382182149,0.883492537152114,AUT
Austria,AUT,OWID,Confirmed cases,Cori_slidingWindow,2020-08-21,0.999113431170367,1.1007673673937128,0.897459494947021,AUT
Austria,AUT,OWID,Confirmed cases,Cori_slidingWindow,2020-08-22,1.0174795775958323,1.1215288959427396,0.913430259248925,AUT
Austria,AUT,OWID,Confirmed cases,Cori_slidingWindow,2020-08-23,1.0419528356168752,1.1521712129847124,0.9317344582490382,AUT
Austria,AUT,OWID,Confirmed cases,Cori_slidingWindow,2020-08-24,1.0779605208521572,1.1953842326396082,0.9605368090647062,AUT
Austria,AUT,OWID,Confirmed cases,Cori_slidingWindow,2020-08-25,1.128401912724088,1.252102679964911,1.0047011454832646,AUT
Austria,AUT,OWID,Confirmed cases,Cori_slidingWindow,2020-08-26,1.1889786178868629,1.3196108629738057,1.0583463727999198,AUT
Austria,AUT,OWID,Confirmed cases,Cori_slidingWindow,2020-08-27,1.2516889571713146,1.391284051434726,1.1120938629079031,AUT
Austria,AUT,OWID,Confirmed cases,Cori_slidingWindow,2020-08-28,1.31131947442482,1.462038138444932,1.160600810404708,AUT
Austria,AUT,OWID,Confirmed cases,Cori_slidingWindow,2020-08-29,1.3604207701836144,1.5210398665078957,1.1998016738593331,AUT
Austria,AUT,OWID,Confirmed cases,Cori_slidingWindow,2020-08-30,1.392083732678898,1.554896724923726,1.22927074043407,AUT
Austria,AUT,OWID,Confirmed cases,Cori_slidingWindow,2020-08-31,1.4071511984164302,1.5638329116307257,1.250469485202135,AUT
Austria,AUT,OWID,Confirmed cases,Cori_slidingWindow,2020-09-01,1.4124289920913915,1.5583318424708277,1.2665261417119555,AUT
Austria,AUT,OWID,Confirmed cases,Cori_slidingWindow,2020-09-02,1.4112189999836036,1.5431937759830674,1.2792442239841395,AUT
Austria,AUT,OWID,Confirmed cases,Cori_slidingWindow,2020-09-03,1.4001966078861596,1.5180963084928347,1.2822969072794843,AUT
Austria,AUT,OWID,Confirmed cases,Cori_slidingWindow,2020-09-04,1.374259380643431,1.4843158739131264,1.2642028873737354,AUT
Austria,AUT,OWID,Confirmed cases,Cori_slidingWindow,2020-09-05,1.3332711891386282,1.4414557072647642,1.225086671012492,AUT
Austria,AUT,OWID,Confirmed cases,Cori_slidingWindow,2020-09-06,1.2810960382767087,1.3905589385022257,1.171633138051192,AUT
Austria,AUT,OWID,Confirmed cases,Cori_slidingWindow,2020-09-07,1.225074670563509,1.3377650175212596,1.1123843236057582,AUT
Austria,AUT,OWID,Confirmed cases,Cori_slidingWindow,2020-09-08,1.1718543543423885,1.286414502338006,1.057294206346771,AUT
Austria,AUT,OWID,Confirmed cases,Cori_slidingWindow,2020-09-09,1.1247859791528134,1.2390495212913788,1.010522437014248,AUT
Austria,AUT,OWID,Confirmed cases,Cori_slidingWindow,2020-09-10,1.0851956413255366,1.199912025191358,0.9704792574597152,AUT
Austria,AUT,OWID,Confirmed cases,Cori_slidingWindow,2020-09-11,1.052604405529982,1.1693066094397897,0.935902201620174,AUT
Austria,AUT,OWID,Confirmed cases,Cori_slidingWindow,2020-09-12,1.02454750818311,1.1431431726505503,0.9059518437156692,AUT
Austria,AUT,OWID,Confirmed cases,Cori_slidingWindow,2020-09-13,0.9992071763974884,1.1185294755290347,0.879884877265942,AUT
Austria,AUT,OWID,Confirmed cases,Cori_slidingWindow,2020-09-14,0.9779487171540991,1.095236543313307,0.8606608909948915,AUT
Austria,AUT,OWID,Confirmed cases,Cori_slidingWindow,2020-09-15,0.9642166591499902,1.0763317470143576,0.8521015712856227,AUT
Austria,AUT,OWID,Confirmed cases,Cori_slidingWindow,2020-09-16,0.9609197385689332,1.06820849565279,0.8536309814850767,AUT
Austria,AUT,OWID,Confirmed cases,Cori_slidingWindow,2020-09-17,0.9680571724380592,1.0744105004759934,0.8617038444001254,AUT
Austria,AUT,OWID,Confirmed cases,Cori_slidingWindow,2020-09-18,0.9839107901479752,1.093328898945532,0.8744926813504187,AUT
Austria,AUT,OWID,Confirmed cases,Cori_slidingWindow,2020-09-19,1.005340254256134,1.1202635780331038,0.8904169304791641,AUT
Austria,AUT,OWID,Confirmed cases,Cori_slidingWindow,2020-09-20,1.030060038329731,1.1500387240743295,0.910081352585132,AUT
Austria,AUT,OWID,Confirmed cases,Cori_slidingWindow,2020-09-21,1.0577238206673958,1.1803078740979809,0.9351397672368106,AUT
Austria,AUT,OWID,Confirmed cases,Cori_slidingWindow,2020-09-22,1.088269996480515,1.2113763579177126,0.9651636350433171,AUT
Austria,AUT,OWID,Confirmed cases,Cori_slidingWindow,2020-09-23,1.120215466391459,1.242036097212989,0.9983948355699293,AUT
Austria,AUT,OWID,Confirmed cases,Cori_slidingWindow,2020-09-24,1.151483718129216,1.2707333539569825,1.0322340823014498,AUT
Austria,AUT,OWID,Confirmed cases,Cori_slidingWindow,2020-09-25,1.1777840868467262,1.295331431806534,1.0602367418869183,AUT
Austria,AUT,OWID,Confirmed cases,Cori_slidingWindow,2020-09-26,1.1946403630501987,1.3123358698488758,1.0769448562515216,AUT
Austria,AUT,OWID,Confirmed cases,Cori_slidingWindow,2020-09-27,1.20052781409439,1.3207836436869946,1.0802719845017854,AUT
Austria,AUT,OWID,Confirmed cases,Cori_slidingWindow,2020-09-28,1.199577516418853,1.3245399989444004,1.0746150338933054,AUT
Austria,AUT,OWID,Confirmed cases,Cori_slidingWindow,2020-09-29,1.1973010881601316,1.3249700281140329,1.0696321482062303,AUT
Austria,AUT,OWID,Confirmed cases,Cori_slidingWindow,2020-09-30,1.1954693254267736,1.321641040187062,1.069297610666485,AUT
Austria,AUT,OWID,Confirmed cases,Cori_slidingWindow,2020-10-01,1.1935376245239817,1.3159663021468753,1.0711089469010882,AUT
Austria,AUT,OWID,Confirmed cases,Cori_slidingWindow,2020-10-02,1.1911495726823234,1.308568528209238,1.0737306171554089,AUT
Austria,AUT,OWID,Confirmed cases,Cori_slidingWindow,2020-10-03,1.1882270415538734,1.299950196901101,1.0765038862066458,AUT
Austria,AUT,OWID,Confirmed cases,Cori_slidingWindow,2020-10-04,1.186873812798212,1.294459163188496,1.0792884624079282,AUT
Austria,AUT,OWID,Confirmed cases,Cori_slidingWindow,2020-10-05,1.1911140968791665,1.295807692597104,1.0864205011612285,AUT
Austria,AUT,OWID,Confirmed cases,Cori_slidingWindow,2020-10-06,1.2046530679331735,1.3078824137406684,1.1014237221256786,AUT
Austria,AUT,OWID,Confirmed cases,Cori_slidingWindow,2020-10-07,1.229480572209235,1.3353673345882533,1.1235938098302167,AUT
Austria,AUT,OWID,Confirmed cases,Cori_slidingWindow,2020-10-08,1.2647518893547096,1.3768250509994555,1.1526787277099635,AUT
Austria,AUT,OWID,Confirmed cases,Cori_slidingWindow,2020-10-09,1.3075482472099524,1.4270880090403633,1.1880084853795416,AUT
Austria,AUT,OWID,Confirmed cases,Cori_slidingWindow,2020-10-10,1.351686258535717,1.480798279856078,1.222574237215356,AUT
Austria,AUT,OWID,Confirmed cases,Cori_slidingWindow,2020-10-11,1.3905662346725414,1.5275744195662049,1.253558049778878,AUT
Austria,AUT,OWID,Confirmed cases,Cori_slidingWindow,2020-10-12,1.4223199437520726,1.5574024426777526,1.2872374448263926,AUT
Austria,AUT,OWID,Confirmed cases,Cori_slidingWindow,2020-10-13,1.4495368961147086,1.5751800255394697,1.3238937666899475,AUT
Austria,AUT,OWID,Confirmed cases,Cori_slidingWindow,2020-10-14,1.4759531418695997,1.5958388905628385,1.3560673931763605,AUT
Austria,AUT,OWID,Confirmed cases,Cori_slidingWindow,2020-10-15,1.501000886361123,1.6249631785757253,1.3770385941465209,AUT
Austria,AUT,OWID,Confirmed cases,Cori_slidingWindow,2020-10-16,1.5202560682221358,1.658416254600394,1.3820958818438775,AUT
Austria,AUT,OWID,Confirmed cases,Cori_slidingWindow,2020-10-17,1.5271869552725972,1.6819668198104982,1.372407090734696,AUT
Austria,AUT,OWID,Confirmed cases,Cori_slidingWindow,2020-10-18,1.5197206956142455,1.6813994493101907,1.3580419419183007,AUT
Austria,AUT,OWID,Confirmed cases,Cori_slidingWindow,2020-10-19,1.5018830018059262,1.659887922632876,1.3438780809789763,AUT
Austria,AUT,OWID,Confirmed cases,Cori_slidingWindow,2020-10-20,1.480873583534706,1.6298422361225309,1.3319049309468811,AUT
Austria,AUT,OWID,Confirmed cases,Cori_slidingWindow,2020-10-21,1.461093966323076,1.598294213407272,1.32389371923888,AUT
Austria,AUT,OWID,Confirmed cases,Cori_slidingWindow,2020-10-22,1.4428549338215504,1.5699953179222317,1.315714549720869,AUT
Austria,AUT,OWID,Confirmed cases,Cori_slidingWindow,2020-10-23,1.4220978114905445,1.5470889069660398,1.297106716015049,AUT
Austria,AUT,OWID,Confirmed cases,Cori_slidingWindow,2020-10-24,1.3950535058901787,1.522822209001761,1.2672848027785968,AUT
Austria,AUT,OWID,Confirmed cases,Cori_slidingWindow,2020-10-25,1.3614825901509595,1.4929804189889624,1.229984761312957,AUT
Austria,AUT,OWID,Confirmed cases,Cori_slidingWindow,2020-10-26,1.3260046123398952,1.4605880279849048,1.1914211966948856,AUT
Austria,AUT,OWID,Confirmed cases,Cori_slidingWindow,2020-10-27,1.2937880427682478,1.42726591443839,1.1603101710981056,AUT
Austria,AUT,OWID,Confirmed cases,Cori_slidingWindow,2020-10-28,1.2665725808677553,1.3945590342326308,1.1385861275028797,AUT
Austria,AUT,OWID,Confirmed cases,Cori_slidingWindow,2020-10-29,1.2409059706401016,1.3634174636219951,1.118394477658208,AUT
Austria,AUT,OWID,Confirmed cases,Cori_slidingWindow,2020-10-30,1.2119015193178309,1.3308220938306663,1.0929809448049952,AUT
Austria,AUT,OWID,Confirmed cases,Cori_slidingWindow,2020-10-31,1.1773794049732402,1.293182265274882,1.0615765446715983,AUT
Austria,AUT,OWID,Confirmed cases,Cori_slidingWindow,2020-11-01,1.1387631021962532,1.251932419641661,1.0255937847508454,AUT
Austria,AUT,OWID,Confirmed cases,Cori_slidingWindow,2020-11-02,1.0991103654341647,1.2094254222364484,0.988795308631881,AUT
Austria,AUT,OWID,Confirmed cases,Cori_slidingWindow,2020-11-03,1.0608210668706253,1.1671554249242668,0.9544867088169836,AUT
Austria,AUT,OWID,Confirmed cases,Cori_slidingWindow,2020-11-04,1.026768241845176,1.1294482816631457,0.9240882020272064,AUT
Austria,AUT,OWID,Confirmed cases,Cori_slidingWindow,2020-11-05,0.9982358736850634,1.0989207982584923,0.8975509491116342,AUT
Austria,AUT,OWID,Confirmed cases,Cori_slidingWindow,2020-11-06,0.9728905658741326,1.0723584084774302,0.873422723270835,AUT
Austria,AUT,OWID,Confirmed cases,Cori_slidingWindow,2020-11-07,0.9467125887015632,1.0451667639042117,0.8482584134989151,AUT
Austria,AUT,OWID,Confirmed cases,Cori_slidingWindow,2020-11-08,0.9184842661680598,1.0155543900259412,0.8214141423101784,AUT
Austria,AUT,OWID,Confirmed cases,Cori_slidingWindow,2020-11-09,0.8904962779685466,0.98517415187122,0.795818404065873,AUT
Austria,AUT,OWID,Confirmed cases,Cori_slidingWindow,2020-11-10,0.8665115391324105,0.9588196944958984,0.7742033837689226,AUT
Austria,AUT,OWID,Confirmed cases,Cori_slidingWindow,2020-11-11,0.848538433992929,0.9395688336901296,0.7575080342957285,AUT
Austria,AUT,OWID,Confirmed cases,Cori_slidingWindow,2020-11-12,0.837068526473928,0.9277668628042072,0.746370190143649,AUT
Austria,AUT,OWID,Confirmed cases,Cori_slidingWindow,2020-11-13,0.8303908144000374,0.9218611767094118,0.7389204520906629,AUT
Austria,AUT,OWID,Confirmed cases,Cori_slidingWindow,2020-11-14,0.8256099573717359,0.9194471426755912,0.7317727720678807,AUT
Austria,AUT,OWID,Confirmed cases,Cori_slidingWindow,2020-11-15,0.8199598158079008,0.916086487807196,0.7238331438086055,AUT
Austria,AUT,OWID,Confirmed cases,Cori_slidingWindow,2020-11-16,0.8123938967523054,0.9087334823746892,0.7160543111299216,AUT
Austria,AUT,OWID,Confirmed cases,Cori_slidingWindow,2020-11-17,0.80426013143339,0.8984841686709076,0.7100360941958724,AUT
Austria,AUT,OWID,Confirmed cases,Cori_slidingWindow,2020-11-18,0.7982532082942543,0.8889412999267136,0.707565116661795,AUT
Austria,AUT,OWID,Confirmed cases,Cori_slidingWindow,2020-11-19,0.7965587354786222,0.8839585143051437,0.7091589566521007,AUT
Austria,AUT,OWID,Confirmed cases,Cori_slidingWindow,2020-11-20,0.7985950011582783,0.8846414611076028,0.7125485412089538,AUT
Austria,AUT,OWID,Confirmed cases,Cori_slidingWindow,2020-11-21,0.8013535738099496,0.8877463370455475,0.7149608105743518,AUT
Austria,AUT,OWID,Confirmed cases,Cori_slidingWindow,2020-11-22,0.8012381521633397,0.8886511079587124,0.713825196367967,AUT
Austria,AUT,OWID,Confirmed cases,Cori_slidingWindow,2020-11-23,0.7977416779902461,0.886255190125233,0.7092281658552592,AUT
Austria,AUT,OWID,Confirmed cases,Cori_slidingWindow,2020-11-24,0.7938289239063269,0.8830991453686957,0.704558702443958,AUT
Austria,AUT,OWID,Confirmed cases,Cori_slidingWindow,2020-11-25,0.7943800594987827,0.8849351623537944,0.7038249566437709,AUT
Austria,AUT,OWID,Confirmed cases,Cori_slidingWindow,2020-11-26,0.8021156771961392,0.895901170358856,0.7083301840334224,AUT
Austria,AUT,OWID,Confirmed cases,Cori_slidingWindow,2020-11-27,0.8167961306684336,0.914613089904168,0.7189791714326992,AUT
Austria,AUT,OWID,Confirmed cases,Cori_slidingWindow,2020-11-28,0.8351311691858133,0.934704570426634,0.7355577679449927,AUT
Austria,AUT,OWID,Confirmed cases,Cori_slidingWindow,2020-11-29,0.8524866889577191,0.9512239860873032,0.7537493918281348,AUT
Austria,AUT,OWID,Confirmed cases,Cori_slidingWindow,2020-11-30,0.8661459310664673,0.9622055644215488,0.7700862977113858,AUT
Austria,AUT,OWID,Confirmed cases,Cori_slidingWindow,2020-12-01,0.8775605207628867,0.970922921474211,0.7841981200515624,AUT
Austria,AUT,OWID,Confirmed cases,Cori_slidingWindow,2020-12-02,0.888780384279004,0.9824281010974054,0.7951326674606025,AUT
Austria,AUT,OWID,Confirmed cases,Cori_slidingWindow,2020-12-03,0.8984135254773414,0.9963944006829488,0.800432650271734,AUT
Austria,AUT,OWID,Confirmed cases,Cori_slidingWindow,2020-12-04,0.9035084176072172,1.0067515346476927,0.8002653005667414,AUT
Austria,AUT,OWID,Confirmed cases,Cori_slidingWindow,2020-12-05,0.9041895533127003,1.0102001220413943,0.7981789845840065,AUT
Austria,AUT,OWID,Confirmed cases,Cori_slidingWindow,2020-12-06,0.9027936137134948,1.0078960036628,0.7976912237641899,AUT
Austria,AUT,OWID,Confirmed cases,Cori_slidingWindow,2020-12-07,0.8983100835881789,0.9986291123099804,0.7979910548663774,AUT
Austria,AUT,OWID,Confirmed cases,Cori_slidingWindow,2020-12-08,0.8894202219844484,0.9837025910086276,0.7951378529602692,AUT
Austria,AUT,OWID,Confirmed cases,Cori_slidingWindow,2020-12-09,0.8779867461172494,0.9689053405494842,0.7870681516850145,AUT
Austria,AUT,OWID,Confirmed cases,Cori_slidingWindow,2020-12-10,0.8673324410054495,0.9590074518059166,0.7756574302049823,AUT
Austria,AUT,OWID,Confirmed cases,Cori_slidingWindow,2020-12-11,0.8589195934759797,0.9542368617037644,0.7636023252481948,AUT
Austria,AUT,OWID,Confirmed cases,Cori_slidingWindow,2020-12-12,0.8527695012527405,0.9528520342605576,0.7526869682449234,AUT
Austria,AUT,OWID,Confirmed cases,Cori_slidingWindow,2020-12-13,0.8512838161597316,0.955011917759595,0.7475557145598681,AUT
Austria,AUT,OWID,Confirmed cases,Cori_slidingWindow,2020-12-14,0.85849789287994,0.9633170489744518,0.7536787367854283,AUT
Austria,AUT,OWID,Confirmed cases,Cori_slidingWindow,2020-12-15,0.8764522596976833,0.97985301418533,0.7730515052100366,AUT
Austria,AUT,OWID,Confirmed cases,Cori_slidingWindow,2020-12-16,0.9039504961645776,1.0045490863371849,0.80335190599197,AUT
Austria,AUT,OWID,Confirmed cases,Cori_slidingWindow,2020-12-17,0.9351155811038496,1.0328836475436258,0.8373475146640733,AUT
Austria,AUT,OWID,Confirmed cases,Cori_slidingWindow,2020-12-18,0.9632653890032372,1.0589279145615735,0.8676028634449007,AUT
Austria,AUT,OWID,Confirmed cases,Cori_slidingWindow,2020-12-19,0.9848798839549624,1.0788958359140703,0.8908639319958545,AUT
Austria,AUT,OWID,Confirmed cases,Cori_slidingWindow,2020-12-20,1.0015396105943313,1.0949774406434845,0.908101780545178,AUT
Austria,AUT,OWID,Confirmed cases,Cori_slidingWindow,2020-12-21,1.0167114949800844,1.111180399224596,0.9222425907355728,AUT
Austria,AUT,OWID,Confirmed cases,Cori_slidingWindow,2020-12-22,1.0324438577206765,1.129187543060901,0.935700172380452,AUT
Austria,AUT,OWID,Confirmed cases,Cori_slidingWindow,2020-12-23,1.048565816698931,1.148390804613307,0.9487408287845546,AUT
Austria,AUT,OWID,Confirmed cases,Cori_slidingWindow,2020-12-24,1.0626101962202852,1.165739359159507,0.9594810332810632,AUT
Austria,AUT,OWID,Confirmed cases,Cori_slidingWindow,2020-12-25,1.070248700031181,1.1759061948761278,0.9645912051862348,AUT
Austria,AUT,OWID,Confirmed cases,Cori_slidingWindow,2020-12-26,1.0672362627728529,1.1743053552351956,0.9601671703105096,AUT
Austria,AUT,OWID,Confirmed cases,Cori_slidingWindow,2020-12-27,1.0540704201393138,1.1605769342289465,0.9475639060496814,AUT
Austria,AUT,OWID,Confirmed cases,Cori_slidingWindow,2020-12-28,1.0365391796200272,1.1398252565088889,0.9332531027311656,AUT
Austria,AUT,OWID,Confirmed cases,Cori_slidingWindow,2020-12-29,1.0223827777455594,1.1207093186542576,0.9240562368368612,AUT
Austria,AUT,OWID,Confirmed cases,Cori_slidingWindow,2020-12-30,1.014094134377547,1.1065635947289272,0.9216246740261668,AUT
Austria,AUT,OWID,Confirmed cases,Cori_slidingWindow,2020-12-31,1.008015457963495,1.095162177041565,0.9208687388854252,AUT
Austria,AUT,OWID,Confirmed cases,Cori_slidingWindow,2021-01-01,0.9973039098153758,1.0829922581946998,0.9116155614360516,AUT
Austria,AUT,OWID,Confirmed cases,Cori_slidingWindow,2021-01-02,0.9786827024693632,1.0672978683805463,0.8900675365581799,AUT
Austria,AUT,OWID,Confirmed cases,Cori_slidingWindow,2021-01-03,0.9535180456727744,1.0460752741538453,0.8609608171917034,AUT
Austria,AUT,OWID,Confirmed cases,Cori_slidingWindow,2021-01-04,0.9278588902950202,1.0233161721041442,0.8324016084858963,AUT
Austria,AUT,OWID,Confirmed cases,Cori_slidingWindow,2021-01-05,0.907304918955709,1.004015698410078,0.8105941395013402,AUT
Austria,AUT,OWID,Confirmed cases,Cori_slidingWindow,2021-01-06,0.8939524439778008,0.9904311899811166,0.7974736979744851,AUT
Austria,AUT,OWID,Confirmed cases,Cori_slidingWindow,2021-01-07,0.8866796735749127,0.9837266933088308,0.7896326538409948,AUT
Austria,AUT,OWID,Confirmed cases,Cori_slidingWindow,2021-01-08,0.8832387864586203,0.9831733200476868,0.7833042528695539,AUT
Austria,AUT,OWID,Confirmed cases,Cori_slidingWindow,2021-01-09,0.8811176985936078,0.9839394602286298,0.7782959369585858,AUT
Austria,AUT,OWID,Confirmed cases,Cori_slidingWindow,2021-01-10,0.8772777190778428,0.9809713548504267,0.7735840833052589,AUT
Austria,AUT,OWID,Confirmed cases,Cori_slidingWindow,2021-01-11,0.8712107379066151,0.9737684000358277,0.7686530757774025,AUT
Austria,AUT,OWID,Confirmed cases,Cori_slidingWindow,2021-01-12,0.8673134518216753,0.9673741535583102,0.7672527500850403,AUT
Austria,AUT,OWID,Confirmed cases,Cori_slidingWindow,2021-01-13,0.8713863310587988,0.9700261817088132,0.7727464804087844,AUT
Austria,AUT,OWID,Confirmed cases,Cori_slidingWindow,2021-01-14,0.8839634534477475,0.9841623291508852,0.7837645777446097,AUT
Austria,AUT,OWID,Confirmed cases,Cori_slidingWindow,2021-01-15,0.9000511631737214,1.0025628292659412,0.7975394970815015,AUT
Austria,AUT,OWID,Confirmed cases,Cori_slidingWindow,2021-01-16,0.9134826412895856,1.0166066934591702,0.8103585891200008,AUT
Austria,AUT,OWID,Confirmed cases,Cori_slidingWindow,2021-01-17,0.9224264595188516,1.0246444897012832,0.82020842933642,AUT
Austria,AUT,OWID,Confirmed cases,Cori_slidingWindow,2021-01-18,0.9279399819438712,1.0288300681199511,0.827049895767791,AUT
Austria,AUT,OWID,Confirmed cases,Cori_slidingWindow,2021-01-19,0.9323292650999412,1.0335278694765369,0.8311306607233452,AUT
Austria,AUT,OWID,Confirmed cases,Cori_slidingWindow,2021-01-20,0.9371382915850908,1.0408743971616654,0.8334021860085162,AUT
Austria,AUT,OWID,Confirmed cases,Cori_slidingWindow,2021-01-21,0.94365268485173,1.0512405485309342,0.8360648211725258,AUT
Austria,AUT,OWID,Confirmed cases,Cori_slidingWindow,2021-01-22,0.9515555748186408,1.064462581262423,0.8386485683748581,AUT
Austria,AUT,OWID,Confirmed cases,Cori_slidingWindow,2021-01-23,0.9590691183250418,1.078082032688429,0.8400562039616546,AUT
Austria,AUT,OWID,Confirmed cases,Cori_slidingWindow,2021-01-24,0.9644715206057716,1.0882074567939894,0.8407355844175536,AUT
Austria,AUT,OWID,Confirmed cases,Cori_slidingWindow,2021-01-25,0.9685614601276212,1.0944494638030449,0.8426734564521975,AUT
Austria,AUT,OWID,Confirmed cases,Cori_slidingWindow,2021-01-26,0.974084175525174,1.0982838316225578,0.8498845194277902,AUT
Austria,AUT,OWID,Confirmed cases,Cori_slidingWindow,2021-01-27,0.9828584347590704,1.1014598320257196,0.864257037492421,AUT
Austria,AUT,OWID,Confirmed cases,Cori_slidingWindow,2021-01-28,0.994013466471754,1.1072925654183603,0.880734367525148,AUT
Austria,AUT,OWID,Confirmed cases,Cori_slidingWindow,2021-01-29,1.0050472143619753,1.1166882245993983,0.8934062041245521,AUT
Austria,AUT,OWID,Confirmed cases,Cori_slidingWindow,2021-01-30,1.014137356390955,1.1256815966306708,0.9025931161512392,AUT
Austria,AUT,OWID,Confirmed cases,Cori_slidingWindow,2021-01-31,1.0216277161626772,1.132532748878602,0.9107226834467524,AUT
Austria,AUT,OWID,Confirmed cases,Cori_slidingWindow,2021-02-01,1.029698632673879,1.1387830115152302,0.920614253832528,AUT
Austria,AUT,OWID,Confirmed cases,Cori_slidingWindow,2021-02-02,1.040772781681968,1.1463060519773556,0.9352395113865802,AUT
Austria,AUT,OWID,Confirmed cases,Cori_slidingWindow,2021-02-03,1.056065039590501,1.1579962323392217,0.9541338468417802,AUT
Austria,AUT,OWID,Confirmed cases,Cori_slidingWindow,2021-02-04,1.0744797306173115,1.1758181997281087,0.9731412615065144,AUT
Austria,AUT,OWID,Confirmed cases,Cori_slidingWindow,2021-02-05,1.093321970960769,1.198923990355826,0.9877199515657122,AUT
Austria,AUT,OWID,Confirmed cases,Cori_slidingWindow,2021-02-06,1.108553837265298,1.2220576498023077,0.9950500247282882,AUT
Austria,AUT,OWID,Confirmed cases,Cori_slidingWindow,2021-02-07,1.1180014142321344,1.238505098395995,0.9974977300682736,AUT
Austria,AUT,OWID,Confirmed cases,Cori_slidingWindow,2021-02-08,1.123080974508619,1.2474721239160844,0.9986898251011536,AUT
Austria,AUT,OWID,Confirmed cases,Cori_slidingWindow,2021-02-09,1.1282423960079395,1.2541038185449511,1.002380973470928,AUT
Austria,AUT,OWID,Confirmed cases,Cori_slidingWindow,2021-02-10,1.13624207495789,1.2606686057800207,1.011815544135759,AUT
Austria,AUT,OWID,Confirmed cases,Cori_slidingWindow,2021-02-11,1.1459984646469374,1.2662838694113236,1.0257130598825512,AUT
Austria,AUT,OWID,Confirmed cases,Cori_slidingWindow,2021-02-12,1.1529049664701667,1.269483825362159,1.0363261075781744,AUT
Austria,AUT,OWID,Confirmed cases,Cori_slidingWindow,2021-02-13,1.1532899974693636,1.2678822833787569,1.0386977115599705,AUT
Austria,AUT,OWID,Confirmed cases,Cori_slidingWindow,2021-02-14,1.1467639874114404,1.2605579829710885,1.0329699918517925,AUT
Austria,AUT,OWID,Confirmed cases,Cori_slidingWindow,2021-02-15,1.1366576831016926,1.2513946064200447,1.0219207597833404,AUT
Austria,AUT,OWID,Confirmed cases,Cori_slidingWindow,2021-02-16,1.1270005169116817,1.2428878804403067,1.0111131533830562,AUT
Austria,AUT,OWID,Confirmed cases,Cori_slidingWindow,2021-02-17,1.120182505155075,1.2362449304536982,1.0041200798564511,AUT
Austria,AUT,OWID,Confirmed cases,Cori_slidingWindow,2021-02-18,1.1158857369239434,1.2315531770797823,1.0002182967681044,AUT
Austria,AUT,OWID,Confirmed cases,Cori_slidingWindow,2021-02-19,1.112236863899527,1.2263072655484306,0.9981664622506234,AUT
Austria,AUT,OWID,Confirmed cases,Cori_slidingWindow,2021-02-20,1.107564894384435,1.2189818654886684,0.9961479232802014,AUT
Austria,AUT,OWID,Confirmed cases,Cori_slidingWindow,2021-02-21,1.1022970164634125,1.2118629625842476,0.9927310703425768,AUT
Austria,AUT,OWID,Confirmed cases,Cori_slidingWindow,2021-02-22,1.0981302594437297,1.207645423353087,0.9886150955343722,AUT
Austria,AUT,OWID,Confirmed cases,Cori_slidingWindow,2021-02-23,1.0958213962045844,1.2080414535085906,0.9836013389005782,AUT
Austria,AUT,OWID,Confirmed cases,Cori_slidingWindow,2021-02-24,1.095161492381971,1.2134226161980142,0.976900368565928,AUT
Austria,AUT,OWID,Confirmed cases,Cori_slidingWindow,2021-02-25,1.0956470885169085,1.2213853273884123,0.9699088496454044,AUT
Austria,AUT,OWID,Confirmed cases,Cori_slidingWindow,2021-02-26,1.0968237718973133,1.22923567038251,0.9644118734121164,AUT
Austria,AUT,OWID,Confirmed cases,Cori_slidingWindow,2021-02-27,1.098148601579645,1.2354994316100658,0.9607977715492236,AUT
Austria,AUT,OWID,Confirmed cases,Cori_slidingWindow,2021-02-28,1.0992780840116143,1.239767362270271,0.9587888057529576,AUT
Austria,AUT,OWID,Confirmed cases,Cori_slidingWindow,2021-03-01,1.1004355504368173,1.2429308644662964,0.9579402364073382,AUT
Austria,AUT,OWID,Confirmed cases,Cori_step,2020-02-27,2.855775656663825,3.051528031764472,2.660023281563179,AUT
Austria,AUT,OWID,Confirmed cases,Cori_step,2020-02-28,2.855775656663825,3.051528031764472,2.660023281563179,AUT
Austria,AUT,OWID,Confirmed cases,Cori_step,2020-02-29,2.855775656663825,3.051528031764472,2.660023281563179,AUT
Austria,AUT,OWID,Confirmed cases,Cori_step,2020-03-01,2.855775656663825,3.051528031764472,2.660023281563179,AUT
Austria,AUT,OWID,Confirmed cases,Cori_step,2020-03-02,2.855775656663825,3.051528031764472,2.660023281563179,AUT
Austria,AUT,OWID,Confirmed cases,Cori_step,2020-03-03,2.855775656663825,3.051528031764472,2.660023281563179,AUT
Austria,AUT,OWID,Confirmed cases,Cori_step,2020-03-04,2.855775656663825,3.051528031764472,2.660023281563179,AUT
Austria,AUT,OWID,Confirmed cases,Cori_step,2020-03-05,2.855775656663825,3.051528031764472,2.660023281563179,AUT
Austria,AUT,OWID,Confirmed cases,Cori_step,2020-03-06,2.855775656663825,3.051528031764472,2.660023281563179,AUT
Austria,AUT,OWID,Confirmed cases,Cori_step,2020-03-07,2.855775656663825,3.051528031764472,2.660023281563179,AUT
Austria,AUT,OWID,Confirmed cases,Cori_step,2020-03-08,2.855775656663825,3.051528031764472,2.660023281563179,AUT
Austria,AUT,OWID,Confirmed cases,Cori_step,2020-03-09,2.3014839504570266,2.513859569932007,2.089108330982046,AUT
Austria,AUT,OWID,Confirmed cases,Cori_step,2020-03-10,2.3014839504570266,2.513859569932007,2.089108330982046,AUT
Austria,AUT,OWID,Confirmed cases,Cori_step,2020-03-11,2.0622888431238247,2.2335382519149545,1.8924163727793235,AUT
Austria,AUT,OWID,Confirmed cases,Cori_step,2020-03-12,1.9123130308472545,2.069861115540184,1.7547649461543249,AUT
Austria,AUT,OWID,Confirmed cases,Cori_step,2020-03-13,1.6048292963211852,1.7350932051129748,1.4745653875293956,AUT
Austria,AUT,OWID,Confirmed cases,Cori_step,2020-03-14,1.6048292963211852,1.7350932051129748,1.4745653875293956,AUT
Austria,AUT,OWID,Confirmed cases,Cori_step,2020-03-15,1.6048292963211852,1.7350932051129748,1.4745653875293956,AUT
Austria,AUT,OWID,Confirmed cases,Cori_step,2020-03-16,0.7580215471297264,0.7839653226534853,0.7320777716059674,AUT
Austria,AUT,OWID,Confirmed cases,Cori_step,2020-03-17,0.7580215471297264,0.7839653226534853,0.7320777716059674,AUT
Austria,AUT,OWID,Confirmed cases,Cori_step,2020-03-18,0.7580215471297264,0.7839653226534853,0.7320777716059674,AUT
Austria,AUT,OWID,Confirmed cases,Cori_step,2020-03-19,0.7580215471297264,0.7839653226534853,0.7320777716059674,AUT
Austria,AUT,OWID,Confirmed cases,Cori_step,2020-03-20,0.7580215471297264,0.7839653226534853,0.7320777716059674,AUT
Austria,AUT,OWID,Confirmed cases,Cori_step,2020-03-21,0.7580215471297264,0.7839653226534853,0.7320777716059674,AUT
Austria,AUT,OWID,Confirmed cases,Cori_step,2020-03-22,0.7580215471297264,0.7839653226534853,0.7320777716059674,AUT
Austria,AUT,OWID,Confirmed cases,Cori_step,2020-03-23,0.7580215471297264,0.7839653226534853,0.7320777716059674,AUT
Austria,AUT,OWID,Confirmed cases,Cori_step,2020-03-24,0.7580215471297264,0.7839653226534853,0.7320777716059674,AUT
Austria,AUT,OWID,Confirmed cases,Cori_step,2020-03-25,0.7580215471297264,0.7839653226534853,0.7320777716059674,AUT
Austria,AUT,OWID,Confirmed cases,Cori_step,2020-03-26,0.7580215471297264,0.7839653226534853,0.7320777716059674,AUT
Austria,AUT,OWID,Confirmed cases,Cori_step,2020-03-27,0.7580215471297264,0.7839653226534853,0.7320777716059674,AUT
Austria,AUT,OWID,Confirmed cases,Cori_step,2020-03-28,0.7580215471297264,0.7839653226534853,0.7320777716059674,AUT
Austria,AUT,OWID,Confirmed cases,Cori_step,2020-03-29,0.7580215471297264,0.7839653226534853,0.7320777716059674,AUT
Austria,AUT,OWID,Confirmed cases,Cori_step,2020-03-30,0.7580215471297264,0.7839653226534853,0.7320777716059674,AUT
Austria,AUT,OWID,Confirmed cases,Cori_step,2020-03-31,0.7580215471297264,0.7839653226534853,0.7320777716059674,AUT
Austria,AUT,OWID,Confirmed cases,Cori_step,2020-04-01,0.7580215471297264,0.7839653226534853,0.7320777716059674,AUT
Austria,AUT,OWID,Confirmed cases,Cori_step,2020-04-02,0.7580215471297264,0.7839653226534853,0.7320777716059674,AUT
Austria,AUT,OWID,Confirmed cases,Cori_step,2020-04-03,0.7580215471297264,0.7839653226534853,0.7320777716059674,AUT
Austria,AUT,OWID,Confirmed cases,Cori_step,2020-04-04,0.7580215471297264,0.7839653226534853,0.7320777716059674,AUT
Austria,AUT,OWID,Confirmed cases,Cori_step,2020-04-05,0.7580215471297264,0.7839653226534853,0.7320777716059674,AUT
Austria,AUT,OWID,Confirmed cases,Cori_step,2020-04-06,0.7580215471297264,0.7839653226534853,0.7320777716059674,AUT
Austria,AUT,OWID,Confirmed cases,Cori_step,2020-04-07,0.7580215471297264,0.7839653226534853,0.7320777716059674,AUT
Austria,AUT,OWID,Confirmed cases,Cori_step,2020-04-08,0.7580215471297264,0.7839653226534853,0.7320777716059674,AUT
Austria,AUT,OWID,Confirmed cases,Cori_step,2020-04-09,0.7580215471297264,0.7839653226534853,0.7320777716059674,AUT
Austria,AUT,OWID,Confirmed cases,Cori_step,2020-04-10,0.7580215471297264,0.7839653226534853,0.7320777716059674,AUT
Austria,AUT,OWID,Confirmed cases,Cori_step,2020-04-11,0.7580215471297264,0.7839653226534853,0.7320777716059674,AUT
Austria,AUT,OWID,Confirmed cases,Cori_step,2020-04-12,0.7580215471297264,0.7839653226534853,0.7320777716059674,AUT
Austria,AUT,OWID,Confirmed cases,Cori_step,2020-04-13,0.7580215471297264,0.7839653226534853,0.7320777716059674,AUT
Austria,AUT,OWID,Confirmed cases,Cori_step,2020-04-14,0.8292842098588922,0.9066463462157448,0.7522785902950283,AUT
Austria,AUT,OWID,Confirmed cases,Cori_step,2020-04-15,0.8292842098588922,0.9066463462157448,0.7522785902950283,AUT
Austria,AUT,OWID,Confirmed cases,Cori_step,2020-04-16,0.8292842098588922,0.9066463462157448,0.7522785902950283,AUT
Austria,AUT,OWID,Confirmed cases,Cori_step,2020-04-17,0.8292842098588922,0.9066463462157448,0.7522785902950283,AUT
Austria,AUT,OWID,Confirmed cases,Cori_step,2020-04-18,0.8292842098588922,0.9066463462157448,0.7522785902950283,AUT
Austria,AUT,OWID,Confirmed cases,Cori_step,2020-04-19,0.8292842098588922,0.9066463462157448,0.7522785902950283,AUT
Austria,AUT,OWID,Confirmed cases,Cori_step,2020-04-20,0.8292842098588922,0.9066463462157448,0.7522785902950283,AUT
Austria,AUT,OWID,Confirmed cases,Cori_step,2020-04-21,0.8292842098588922,0.9066463462157448,0.7522785902950283,AUT
Austria,AUT,OWID,Confirmed cases,Cori_step,2020-04-22,0.8292842098588922,0.9066463462157448,0.7522785902950283,AUT
Austria,AUT,OWID,Confirmed cases,Cori_step,2020-04-23,0.8907713584155735,0.9905252067583742,0.7962430665713075,AUT
Austria,AUT,OWID,Confirmed cases,Cori_step,2020-04-24,0.8907713584155735,0.9905252067583742,0.7962430665713075,AUT
Austria,AUT,OWID,Confirmed cases,Cori_step,2020-04-25,0.8907713584155735,0.9905252067583742,0.7962430665713075,AUT
Austria,AUT,OWID,Confirmed cases,Cori_step,2020-04-26,0.8907713584155735,0.9905252067583742,0.7962430665713075,AUT
Austria,AUT,OWID,Confirmed cases,Cori_step,2020-04-27,0.8907713584155735,0.9905252067583742,0.7962430665713075,AUT
Austria,AUT,OWID,Confirmed cases,Cori_step,2020-04-28,0.8907713584155735,0.9905252067583742,0.7962430665713075,AUT
Austria,AUT,OWID,Confirmed cases,Cori_step,2020-04-29,0.8907713584155735,0.9905252067583742,0.7962430665713075,AUT
Austria,AUT,OWID,Confirmed cases,Cori_step,2020-04-30,0.8907713584155735,0.9905252067583742,0.7962430665713075,AUT
Austria,AUT,OWID,Confirmed cases,Cori_step,2020-05-01,1.140623616413169,1.493968138048383,0.8344026784976434,AUT
Austria,AUT,OWID,Confirmed cases,Cori_step,2020-05-02,1.0677344668061983,1.1700912618449215,0.970001311050363,AUT
Austria,AUT,OWID,Confirmed cases,Cori_step,2020-05-03,1.0677344668061983,1.1700912618449215,0.970001311050363,AUT
Austria,AUT,OWID,Confirmed cases,Cori_step,2020-05-04,1.0677344668061983,1.1700912618449215,0.970001311050363,AUT
Austria,AUT,OWID,Confirmed cases,Cori_step,2020-05-05,1.0677344668061983,1.1700912618449215,0.970001311050363,AUT
Austria,AUT,OWID,Confirmed cases,Cori_step,2020-05-06,1.0677344668061983,1.1700912618449215,0.970001311050363,AUT
Austria,AUT,OWID,Confirmed cases,Cori_step,2020-05-07,1.0677344668061983,1.1700912618449215,0.970001311050363,AUT
Austria,AUT,OWID,Confirmed cases,Cori_step,2020-05-08,1.0677344668061983,1.1700912618449215,0.970001311050363,AUT
Austria,AUT,OWID,Confirmed cases,Cori_step,2020-05-09,1.0677344668061983,1.1700912618449215,0.970001311050363,AUT
Austria,AUT,OWID,Confirmed cases,Cori_step,2020-05-10,1.0677344668061983,1.1700912618449215,0.970001311050363,AUT
Austria,AUT,OWID,Confirmed cases,Cori_step,2020-05-11,0.8539640679257452,0.9272723307036396,0.7836348211454727,AUT
Austria,AUT,OWID,Confirmed cases,Cori_step,2020-05-12,0.8539640679257452,0.9272723307036396,0.7836348211454727,AUT
Austria,AUT,OWID,Confirmed cases,Cori_step,2020-05-13,0.8539640679257452,0.9272723307036396,0.7836348211454727,AUT
Austria,AUT,OWID,Confirmed cases,Cori_step,2020-05-14,0.8539640679257452,0.9272723307036396,0.7836348211454727,AUT
Austria,AUT,OWID,Confirmed cases,Cori_step,2020-05-15,0.8539640679257452,0.9272723307036396,0.7836348211454727,AUT
Austria,AUT,OWID,Confirmed cases,Cori_step,2020-05-16,0.8539640679257452,0.9272723307036396,0.7836348211454727,AUT
Austria,AUT,OWID,Confirmed cases,Cori_step,2020-05-17,0.8539640679257452,0.9272723307036396,0.7836348211454727,AUT
Austria,AUT,OWID,Confirmed cases,Cori_step,2020-05-18,0.8539640679257452,0.9272723307036396,0.7836348211454727,AUT
Austria,AUT,OWID,Confirmed cases,Cori_step,2020-05-19,0.8539640679257452,0.9272723307036396,0.7836348211454727,AUT
Austria,AUT,OWID,Confirmed cases,Cori_step,2020-05-20,0.8539640679257452,0.9272723307036396,0.7836348211454727,AUT
Austria,AUT,OWID,Confirmed cases,Cori_step,2020-05-21,0.8539640679257452,0.9272723307036396,0.7836348211454727,AUT
Austria,AUT,OWID,Confirmed cases,Cori_step,2020-05-22,0.8539640679257452,0.9272723307036396,0.7836348211454727,AUT
Austria,AUT,OWID,Confirmed cases,Cori_step,2020-05-23,0.8539640679257452,0.9272723307036396,0.7836348211454727,AUT
Austria,AUT,OWID,Confirmed cases,Cori_step,2020-05-24,0.8539640679257452,0.9272723307036396,0.7836348211454727,AUT
Austria,AUT,OWID,Confirmed cases,Cori_step,2020-05-25,0.8539640679257452,0.9272723307036396,0.7836348211454727,AUT
Austria,AUT,OWID,Confirmed cases,Cori_step,2020-05-26,0.8539640679257452,0.9272723307036396,0.7836348211454727,AUT
Austria,AUT,OWID,Confirmed cases,Cori_step,2020-05-27,0.8539640679257452,0.9272723307036396,0.7836348211454727,AUT
Austria,AUT,OWID,Confirmed cases,Cori_step,2020-05-28,0.8539640679257452,0.9272723307036396,0.7836348211454727,AUT
Austria,AUT,OWID,Confirmed cases,Cori_step,2020-05-29,1.0284531437429325,1.2013799023715566,0.8687948379980109,AUT
Austria,AUT,OWID,Confirmed cases,Cori_step,2020-05-30,1.0284531437429325,1.2013799023715566,0.8687948379980109,AUT
Austria,AUT,OWID,Confirmed cases,Cori_step,2020-05-31,1.0284531437429325,1.2013799023715566,0.8687948379980109,AUT
Austria,AUT,OWID,Confirmed cases,Cori_step,2020-06-01,1.0284531437429325,1.2013799023715566,0.8687948379980109,AUT
Austria,AUT,OWID,Confirmed cases,Cori_step,2020-06-02,1.0284531437429325,1.2013799023715566,0.8687948379980109,AUT
Austria,AUT,OWID,Confirmed cases,Cori_step,2020-06-03,0.99679121657349,1.390221657279604,0.6680822615214546,AUT
Austria,AUT,OWID,Confirmed cases,Cori_step,2020-06-04,1.171449865208769,1.2169681330325277,1.1267874802326838,AUT
Austria,AUT,OWID,Confirmed cases,Cori_step,2020-06-05,1.171449865208769,1.2169681330325277,1.1267874802326838,AUT
Austria,AUT,OWID,Confirmed cases,Cori_step,2020-06-06,1.171449865208769,1.2169681330325277,1.1267874802326838,AUT
Austria,AUT,OWID,Confirmed cases,Cori_step,2020-06-07,1.171449865208769,1.2169681330325277,1.1267874802326838,AUT
Austria,AUT,OWID,Confirmed cases,Cori_step,2020-06-08,1.171449865208769,1.2169681330325277,1.1267874802326838,AUT
Austria,AUT,OWID,Confirmed cases,Cori_step,2020-06-09,1.171449865208769,1.2169681330325277,1.1267874802326838,AUT
Austria,AUT,OWID,Confirmed cases,Cori_step,2020-06-10,1.171449865208769,1.2169681330325277,1.1267874802326838,AUT
Austria,AUT,OWID,Confirmed cases,Cori_step,2020-06-11,1.171449865208769,1.2169681330325277,1.1267874802326838,AUT
Austria,AUT,OWID,Confirmed cases,Cori_step,2020-06-12,1.171449865208769,1.2169681330325277,1.1267874802326838,AUT
Austria,AUT,OWID,Confirmed cases,Cori_step,2020-06-13,1.171449865208769,1.2169681330325277,1.1267874802326838,AUT
Austria,AUT,OWID,Confirmed cases,Cori_step,2020-06-14,1.171449865208769,1.2169681330325277,1.1267874802326838,AUT
Austria,AUT,OWID,Confirmed cases,Cori_step,2020-06-15,1.171449865208769,1.2169681330325277,1.1267874802326838,AUT
Austria,AUT,OWID,Confirmed cases,Cori_step,2020-06-16,1.171449865208769,1.2169681330325277,1.1267874802326838,AUT
Austria,AUT,OWID,Confirmed cases,Cori_step,2020-06-17,1.171449865208769,1.2169681330325277,1.1267874802326838,AUT
Austria,AUT,OWID,Confirmed cases,Cori_step,2020-06-18,1.171449865208769,1.2169681330325277,1.1267874802326838,AUT
Austria,AUT,OWID,Confirmed cases,Cori_step,2020-06-19,1.171449865208769,1.2169681330325277,1.1267874802326838,AUT
Austria,AUT,OWID,Confirmed cases,Cori_step,2020-06-20,1.171449865208769,1.2169681330325277,1.1267874802326838,AUT
Austria,AUT,OWID,Confirmed cases,Cori_step,2020-06-21,1.171449865208769,1.2169681330325277,1.1267874802326838,AUT
Austria,AUT,OWID,Confirmed cases,Cori_step,2020-06-22,1.171449865208769,1.2169681330325277,1.1267874802326838,AUT
Austria,AUT,OWID,Confirmed cases,Cori_step,2020-06-23,1.171449865208769,1.2169681330325277,1.1267874802326838,AUT
Austria,AUT,OWID,Confirmed cases,Cori_step,2020-06-24,1.171449865208769,1.2169681330325277,1.1267874802326838,AUT
Austria,AUT,OWID,Confirmed cases,Cori_step,2020-06-25,1.171449865208769,1.2169681330325277,1.1267874802326838,AUT
Austria,AUT,OWID,Confirmed cases,Cori_step,2020-06-26,1.171449865208769,1.2169681330325277,1.1267874802326838,AUT
Austria,AUT,OWID,Confirmed cases,Cori_step,2020-06-27,1.171449865208769,1.2169681330325277,1.1267874802326838,AUT
Austria,AUT,OWID,Confirmed cases,Cori_step,2020-06-28,1.171449865208769,1.2169681330325277,1.1267874802326838,AUT
Austria,AUT,OWID,Confirmed cases,Cori_step,2020-06-29,1.171449865208769,1.2169681330325277,1.1267874802326838,AUT
Austria,AUT,OWID,Confirmed cases,Cori_step,2020-06-30,1.171449865208769,1.2169681330325277,1.1267874802326838,AUT
Austria,AUT,OWID,Confirmed cases,Cori_step,2020-07-01,1.171449865208769,1.2169681330325277,1.1267874802326838,AUT
Austria,AUT,OWID,Confirmed cases,Cori_step,2020-07-02,1.171449865208769,1.2169681330325277,1.1267874802326838,AUT
Austria,AUT,OWID,Confirmed cases,Cori_step,2020-07-03,1.171449865208769,1.2169681330325277,1.1267874802326838,AUT
Austria,AUT,OWID,Confirmed cases,Cori_step,2020-07-04,1.171449865208769,1.2169681330325277,1.1267874802326838,AUT
Austria,AUT,OWID,Confirmed cases,Cori_step,2020-07-05,1.171449865208769,1.2169681330325277,1.1267874802326838,AUT
Austria,AUT,OWID,Confirmed cases,Cori_step,2020-07-06,1.171449865208769,1.2169681330325277,1.1267874802326838,AUT
Austria,AUT,OWID,Confirmed cases,Cori_step,2020-07-07,1.171449865208769,1.2169681330325277,1.1267874802326838,AUT
Austria,AUT,OWID,Confirmed cases,Cori_step,2020-07-08,1.171449865208769,1.2169681330325277,1.1267874802326838,AUT
Austria,AUT,OWID,Confirmed cases,Cori_step,2020-07-09,1.171449865208769,1.2169681330325277,1.1267874802326838,AUT
Austria,AUT,OWID,Confirmed cases,Cori_step,2020-07-10,1.1995778614311008,1.2326969655440208,1.1664587573181808,AUT
Austria,AUT,OWID,Confirmed cases,Cori_step,2020-07-11,1.1995778614311008,1.2326969655440208,1.1664587573181808,AUT
Austria,AUT,OWID,Confirmed cases,Cori_step,2020-07-12,1.1995778614311008,1.2326969655440208,1.1664587573181808,AUT
Austria,AUT,OWID,Confirmed cases,Cori_step,2020-07-13,1.1995778614311008,1.2326969655440208,1.1664587573181808,AUT
Austria,AUT,OWID,Confirmed cases,Cori_step,2020-07-14,1.1995778614311008,1.2326969655440208,1.1664587573181808,AUT
Austria,AUT,OWID,Confirmed cases,Cori_step,2020-07-15,1.1995778614311008,1.2326969655440208,1.1664587573181808,AUT
Austria,AUT,OWID,Confirmed cases,Cori_step,2020-07-16,1.1995778614311008,1.2326969655440208,1.1664587573181808,AUT
Austria,AUT,OWID,Confirmed cases,Cori_step,2020-07-17,1.1995778614311008,1.2326969655440208,1.1664587573181808,AUT
Austria,AUT,OWID,Confirmed cases,Cori_step,2020-07-18,1.1995778614311008,1.2326969655440208,1.1664587573181808,AUT
Austria,AUT,OWID,Confirmed cases,Cori_step,2020-07-19,1.1995778614311008,1.2326969655440208,1.1664587573181808,AUT
Austria,AUT,OWID,Confirmed cases,Cori_step,2020-07-20,1.1995778614311008,1.2326969655440208,1.1664587573181808,AUT
Austria,AUT,OWID,Confirmed cases,Cori_step,2020-07-21,1.1995778614311008,1.2326969655440208,1.1664587573181808,AUT
Austria,AUT,OWID,Confirmed cases,Cori_step,2020-07-22,1.1995778614311008,1.2326969655440208,1.1664587573181808,AUT
Austria,AUT,OWID,Confirmed cases,Cori_step,2020-07-23,1.1995778614311008,1.2326969655440208,1.1664587573181808,AUT
Austria,AUT,OWID,Confirmed cases,Cori_step,2020-07-24,1.1995778614311008,1.2326969655440208,1.1664587573181808,AUT
Austria,AUT,OWID,Confirmed cases,Cori_step,2020-07-25,1.1995778614311008,1.2326969655440208,1.1664587573181808,AUT
Austria,AUT,OWID,Confirmed cases,Cori_step,2020-07-26,1.1995778614311008,1.2326969655440208,1.1664587573181808,AUT
Austria,AUT,OWID,Confirmed cases,Cori_step,2020-07-27,1.1995778614311008,1.2326969655440208,1.1664587573181808,AUT
Austria,AUT,OWID,Confirmed cases,Cori_step,2020-07-28,1.1995778614311008,1.2326969655440208,1.1664587573181808,AUT
Austria,AUT,OWID,Confirmed cases,Cori_step,2020-07-29,1.1995778614311008,1.2326969655440208,1.1664587573181808,AUT
Austria,AUT,OWID,Confirmed cases,Cori_step,2020-07-30,1.1995778614311008,1.2326969655440208,1.1664587573181808,AUT
Austria,AUT,OWID,Confirmed cases,Cori_step,2020-07-31,1.1995778614311008,1.2326969655440208,1.1664587573181808,AUT
Austria,AUT,OWID,Confirmed cases,Cori_step,2020-08-01,1.1995778614311008,1.2326969655440208,1.1664587573181808,AUT
Austria,AUT,OWID,Confirmed cases,Cori_step,2020-08-02,1.1995778614311008,1.2326969655440208,1.1664587573181808,AUT
Austria,AUT,OWID,Confirmed cases,Cori_step,2020-08-03,1.1995778614311008,1.2326969655440208,1.1664587573181808,AUT
Austria,AUT,OWID,Confirmed cases,Cori_step,2020-08-04,1.1995778614311008,1.2326969655440208,1.1664587573181808,AUT
Austria,AUT,OWID,Confirmed cases,Cori_step,2020-08-05,1.1995778614311008,1.2326969655440208,1.1664587573181808,AUT
Austria,AUT,OWID,Confirmed cases,Cori_step,2020-08-06,1.1995778614311008,1.2326969655440208,1.1664587573181808,AUT
Austria,AUT,OWID,Confirmed cases,Cori_step,2020-08-07,1.1995778614311008,1.2326969655440208,1.1664587573181808,AUT
Austria,AUT,OWID,Confirmed cases,Cori_step,2020-08-08,1.1995778614311008,1.2326969655440208,1.1664587573181808,AUT
Austria,AUT,OWID,Confirmed cases,Cori_step,2020-08-09,1.1995778614311008,1.2326969655440208,1.1664587573181808,AUT
Austria,AUT,OWID,Confirmed cases,Cori_step,2020-08-10,1.1995778614311008,1.2326969655440208,1.1664587573181808,AUT
Austria,AUT,OWID,Confirmed cases,Cori_step,2020-08-11,1.1995778614311008,1.2326969655440208,1.1664587573181808,AUT
Austria,AUT,OWID,Confirmed cases,Cori_step,2020-08-12,1.1995778614311008,1.2326969655440208,1.1664587573181808,AUT
Austria,AUT,OWID,Confirmed cases,Cori_step,2020-08-13,1.1995778614311008,1.2326969655440208,1.1664587573181808,AUT
Austria,AUT,OWID,Confirmed cases,Cori_step,2020-08-14,1.1995778614311008,1.2326969655440208,1.1664587573181808,AUT
Austria,AUT,OWID,Confirmed cases,Cori_step,2020-08-15,1.1995778614311008,1.2326969655440208,1.1664587573181808,AUT
Austria,AUT,OWID,Confirmed cases,Cori_step,2020-08-16,1.1995778614311008,1.2326969655440208,1.1664587573181808,AUT
Austria,AUT,OWID,Confirmed cases,Cori_step,2020-08-17,1.1995778614311008,1.2326969655440208,1.1664587573181808,AUT
Austria,AUT,OWID,Confirmed cases,Cori_step,2020-08-18,1.1995778614311008,1.2326969655440208,1.1664587573181808,AUT
Austria,AUT,OWID,Confirmed cases,Cori_step,2020-08-19,1.1995778614311008,1.2326969655440208,1.1664587573181808,AUT
Austria,AUT,OWID,Confirmed cases,Cori_step,2020-08-20,1.1995778614311008,1.2326969655440208,1.1664587573181808,AUT
Austria,AUT,OWID,Confirmed cases,Cori_step,2020-08-21,1.1995778614311008,1.2326969655440208,1.1664587573181808,AUT
Austria,AUT,OWID,Confirmed cases,Cori_step,2020-08-22,1.1995778614311008,1.2326969655440208,1.1664587573181808,AUT
Austria,AUT,OWID,Confirmed cases,Cori_step,2020-08-23,1.1995778614311008,1.2326969655440208,1.1664587573181808,AUT
Austria,AUT,OWID,Confirmed cases,Cori_step,2020-08-24,1.1995778614311008,1.2326969655440208,1.1664587573181808,AUT
Austria,AUT,OWID,Confirmed cases,Cori_step,2020-08-25,1.1995778614311008,1.2326969655440208,1.1664587573181808,AUT
Austria,AUT,OWID,Confirmed cases,Cori_step,2020-08-26,1.1995778614311008,1.2326969655440208,1.1664587573181808,AUT
Austria,AUT,OWID,Confirmed cases,Cori_step,2020-08-27,1.1995778614311008,1.2326969655440208,1.1664587573181808,AUT
Austria,AUT,OWID,Confirmed cases,Cori_step,2020-08-28,1.1995778614311008,1.2326969655440208,1.1664587573181808,AUT
Austria,AUT,OWID,Confirmed cases,Cori_step,2020-08-29,1.1995778614311008,1.2326969655440208,1.1664587573181808,AUT
Austria,AUT,OWID,Confirmed cases,Cori_step,2020-08-30,1.1995778614311008,1.2326969655440208,1.1664587573181808,AUT
Austria,AUT,OWID,Confirmed cases,Cori_step,2020-08-31,1.1995778614311008,1.2326969655440208,1.1664587573181808,AUT
Austria,AUT,OWID,Confirmed cases,Cori_step,2020-09-01,1.1995778614311008,1.2326969655440208,1.1664587573181808,AUT
Austria,AUT,OWID,Confirmed cases,Cori_step,2020-09-02,1.1995778614311008,1.2326969655440208,1.1664587573181808,AUT
Austria,AUT,OWID,Confirmed cases,Cori_step,2020-09-03,1.1995778614311008,1.2326969655440208,1.1664587573181808,AUT
Austria,AUT,OWID,Confirmed cases,Cori_step,2020-09-04,1.1995778614311008,1.2326969655440208,1.1664587573181808,AUT
Austria,AUT,OWID,Confirmed cases,Cori_step,2020-09-05,1.1995778614311008,1.2326969655440208,1.1664587573181808,AUT
Austria,AUT,OWID,Confirmed cases,Cori_step,2020-09-06,1.043205357414338,1.1290726818465358,0.9573380329821404,AUT
Austria,AUT,OWID,Confirmed cases,Cori_step,2020-09-07,1.043205357414338,1.1290726818465358,0.9573380329821404,AUT
Austria,AUT,OWID,Confirmed cases,Cori_step,2020-09-08,1.043205357414338,1.1290726818465358,0.9573380329821404,AUT
Austria,AUT,OWID,Confirmed cases,Cori_step,2020-09-09,1.043205357414338,1.1290726818465358,0.9573380329821404,AUT
Austria,AUT,OWID,Confirmed cases,Cori_step,2020-09-10,1.043205357414338,1.1290726818465358,0.9573380329821404,AUT
Austria,AUT,OWID,Confirmed cases,Cori_step,2020-09-11,1.043205357414338,1.1290726818465358,0.9573380329821404,AUT
Austria,AUT,OWID,Confirmed cases,Cori_step,2020-09-12,1.043205357414338,1.1290726818465358,0.9573380329821404,AUT
Austria,AUT,OWID,Confirmed cases,Cori_step,2020-09-13,1.043205357414338,1.1290726818465358,0.9573380329821404,AUT
Austria,AUT,OWID,Confirmed cases,Cori_step,2020-09-14,1.043205357414338,1.1290726818465358,0.9573380329821404,AUT
Austria,AUT,OWID,Confirmed cases,Cori_step,2020-09-15,1.043205357414338,1.1290726818465358,0.9573380329821404,AUT
Austria,AUT,OWID,Confirmed cases,Cori_step,2020-09-16,1.043205357414338,1.1290726818465358,0.9573380329821404,AUT
Austria,AUT,OWID,Confirmed cases,Cori_step,2020-09-17,1.121499916717822,1.208327777011527,1.0346720564241172,AUT
Austria,AUT,OWID,Confirmed cases,Cori_step,2020-09-18,1.121499916717822,1.208327777011527,1.0346720564241172,AUT
Austria,AUT,OWID,Confirmed cases,Cori_step,2020-09-19,1.121499916717822,1.208327777011527,1.0346720564241172,AUT
Austria,AUT,OWID,Confirmed cases,Cori_step,2020-09-20,1.121499916717822,1.208327777011527,1.0346720564241172,AUT
Austria,AUT,OWID,Confirmed cases,Cori_step,2020-09-21,1.121499916717822,1.208327777011527,1.0346720564241172,AUT
Austria,AUT,OWID,Confirmed cases,Cori_step,2020-09-22,1.121499916717822,1.208327777011527,1.0346720564241172,AUT
Austria,AUT,OWID,Confirmed cases,Cori_step,2020-09-23,1.121499916717822,1.208327777011527,1.0346720564241172,AUT
Austria,AUT,OWID,Confirmed cases,Cori_step,2020-09-24,1.121499916717822,1.208327777011527,1.0346720564241172,AUT
Austria,AUT,OWID,Confirmed cases,Cori_step,2020-09-25,1.121499916717822,1.208327777011527,1.0346720564241172,AUT
Austria,AUT,OWID,Confirmed cases,Cori_step,2020-09-26,1.121499916717822,1.208327777011527,1.0346720564241172,AUT
Austria,AUT,OWID,Confirmed cases,Cori_step,2020-09-27,1.121499916717822,1.208327777011527,1.0346720564241172,AUT
Austria,AUT,OWID,Confirmed cases,Cori_step,2020-09-28,1.121499916717822,1.208327777011527,1.0346720564241172,AUT
Austria,AUT,OWID,Confirmed cases,Cori_step,2020-09-29,1.2834671990383928,1.3565756821168364,1.2103587159599491,AUT
Austria,AUT,OWID,Confirmed cases,Cori_step,2020-09-30,1.2834671990383928,1.3565756821168364,1.2103587159599491,AUT
Austria,AUT,OWID,Confirmed cases,Cori_step,2020-10-01,1.2834671990383928,1.3565756821168364,1.2103587159599491,AUT
Austria,AUT,OWID,Confirmed cases,Cori_step,2020-10-02,1.2834671990383928,1.3565756821168364,1.2103587159599491,AUT
Austria,AUT,OWID,Confirmed cases,Cori_step,2020-10-03,1.2834671990383928,1.3565756821168364,1.2103587159599491,AUT
Austria,AUT,OWID,Confirmed cases,Cori_step,2020-10-04,1.2834671990383928,1.3565756821168364,1.2103587159599491,AUT
Austria,AUT,OWID,Confirmed cases,Cori_step,2020-10-05,1.2834671990383928,1.3565756821168364,1.2103587159599491,AUT
Austria,AUT,OWID,Confirmed cases,Cori_step,2020-10-06,1.2834671990383928,1.3565756821168364,1.2103587159599491,AUT
Austria,AUT,OWID,Confirmed cases,Cori_step,2020-10-07,1.2834671990383928,1.3565756821168364,1.2103587159599491,AUT
Austria,AUT,OWID,Confirmed cases,Cori_step,2020-10-08,1.2834671990383928,1.3565756821168364,1.2103587159599491,AUT
Austria,AUT,OWID,Confirmed cases,Cori_step,2020-10-09,1.2834671990383928,1.3565756821168364,1.2103587159599491,AUT
Austria,AUT,OWID,Confirmed cases,Cori_step,2020-10-10,1.2834671990383928,1.3565756821168364,1.2103587159599491,AUT
Austria,AUT,OWID,Confirmed cases,Cori_step,2020-10-11,1.2834671990383928,1.3565756821168364,1.2103587159599491,AUT
Austria,AUT,OWID,Confirmed cases,Cori_step,2020-10-12,1.2834671990383928,1.3565756821168364,1.2103587159599491,AUT
Austria,AUT,OWID,Confirmed cases,Cori_step,2020-10-13,1.5101002959817875,1.6391065741502588,1.3810940178133166,AUT
Austria,AUT,OWID,Confirmed cases,Cori_step,2020-10-14,1.5101002959817875,1.6391065741502588,1.3810940178133166,AUT
Austria,AUT,OWID,Confirmed cases,Cori_step,2020-10-15,1.5101002959817875,1.6391065741502588,1.3810940178133166,AUT
Austria,AUT,OWID,Confirmed cases,Cori_step,2020-10-16,1.5101002959817875,1.6391065741502588,1.3810940178133166,AUT
Austria,AUT,OWID,Confirmed cases,Cori_step,2020-10-17,1.4684407633714185,1.59721803175095,1.3396634949918864,AUT
Austria,AUT,OWID,Confirmed cases,Cori_step,2020-10-18,1.4684407633714185,1.59721803175095,1.3396634949918864,AUT
Austria,AUT,OWID,Confirmed cases,Cori_step,2020-10-19,1.4684407633714185,1.59721803175095,1.3396634949918864,AUT
Austria,AUT,OWID,Confirmed cases,Cori_step,2020-10-20,1.4684407633714185,1.59721803175095,1.3396634949918864,AUT
Austria,AUT,OWID,Confirmed cases,Cori_step,2020-10-21,1.4684407633714185,1.59721803175095,1.3396634949918864,AUT
Austria,AUT,OWID,Confirmed cases,Cori_step,2020-10-22,1.4684407633714185,1.59721803175095,1.3396634949918864,AUT
Austria,AUT,OWID,Confirmed cases,Cori_step,2020-10-23,1.3424763756407585,1.4729289695300187,1.2120237817514985,AUT
Austria,AUT,OWID,Confirmed cases,Cori_step,2020-10-24,1.3424763756407585,1.4729289695300187,1.2120237817514985,AUT
Austria,AUT,OWID,Confirmed cases,Cori_step,2020-10-25,1.3424763756407585,1.4729289695300187,1.2120237817514985,AUT
Austria,AUT,OWID,Confirmed cases,Cori_step,2020-10-26,1.3424763756407585,1.4729289695300187,1.2120237817514985,AUT
Austria,AUT,OWID,Confirmed cases,Cori_step,2020-10-27,1.1862379608304077,1.293904334555294,1.0785715871055213,AUT
Austria,AUT,OWID,Confirmed cases,Cori_step,2020-10-28,1.1862379608304077,1.293904334555294,1.0785715871055213,AUT
Austria,AUT,OWID,Confirmed cases,Cori_step,2020-10-29,1.1862379608304077,1.293904334555294,1.0785715871055213,AUT
Austria,AUT,OWID,Confirmed cases,Cori_step,2020-10-30,1.1862379608304077,1.293904334555294,1.0785715871055213,AUT
Austria,AUT,OWID,Confirmed cases,Cori_step,2020-10-31,1.1862379608304077,1.293904334555294,1.0785715871055213,AUT
Austria,AUT,OWID,Confirmed cases,Cori_step,2020-11-01,1.1862379608304077,1.293904334555294,1.0785715871055213,AUT
Austria,AUT,OWID,Confirmed cases,Cori_step,2020-11-02,0.9011189668774054,0.957048101634917,0.8451898321198938,AUT
Austria,AUT,OWID,Confirmed cases,Cori_step,2020-11-03,0.9011189668774054,0.957048101634917,0.8451898321198938,AUT
Austria,AUT,OWID,Confirmed cases,Cori_step,2020-11-04,0.9011189668774054,0.957048101634917,0.8451898321198938,AUT
Austria,AUT,OWID,Confirmed cases,Cori_step,2020-11-05,0.9011189668774054,0.957048101634917,0.8451898321198938,AUT
Austria,AUT,OWID,Confirmed cases,Cori_step,2020-11-06,0.9011189668774054,0.957048101634917,0.8451898321198938,AUT
Austria,AUT,OWID,Confirmed cases,Cori_step,2020-11-07,0.9011189668774054,0.957048101634917,0.8451898321198938,AUT
Austria,AUT,OWID,Confirmed cases,Cori_step,2020-11-08,0.9011189668774054,0.957048101634917,0.8451898321198938,AUT
Austria,AUT,OWID,Confirmed cases,Cori_step,2020-11-09,0.9011189668774054,0.957048101634917,0.8451898321198938,AUT
Austria,AUT,OWID,Confirmed cases,Cori_step,2020-11-10,0.9011189668774054,0.957048101634917,0.8451898321198938,AUT
Austria,AUT,OWID,Confirmed cases,Cori_step,2020-11-11,0.9011189668774054,0.957048101634917,0.8451898321198938,AUT
Austria,AUT,OWID,Confirmed cases,Cori_step,2020-11-12,0.9011189668774054,0.957048101634917,0.8451898321198938,AUT
Austria,AUT,OWID,Confirmed cases,Cori_step,2020-11-13,0.9011189668774054,0.957048101634917,0.8451898321198938,AUT
Austria,AUT,OWID,Confirmed cases,Cori_step,2020-11-14,0.9011189668774054,0.957048101634917,0.8451898321198938,AUT
Austria,AUT,OWID,Confirmed cases,Cori_step,2020-11-15,0.9011189668774054,0.957048101634917,0.8451898321198938,AUT
Austria,AUT,OWID,Confirmed cases,Cori_step,2020-11-16,0.9011189668774054,0.957048101634917,0.8451898321198938,AUT
Austria,AUT,OWID,Confirmed cases,Cori_step,2020-11-17,0.8321984139909762,0.874078732269109,0.7903180957128433,AUT
Austria,AUT,OWID,Confirmed cases,Cori_step,2020-11-18,0.8321984139909762,0.874078732269109,0.7903180957128433,AUT
Austria,AUT,OWID,Confirmed cases,Cori_step,2020-11-19,0.8321984139909762,0.874078732269109,0.7903180957128433,AUT
Austria,AUT,OWID,Confirmed cases,Cori_step,2020-11-20,0.8321984139909762,0.874078732269109,0.7903180957128433,AUT
Austria,AUT,OWID,Confirmed cases,Cori_step,2020-11-21,0.8321984139909762,0.874078732269109,0.7903180957128433,AUT
Austria,AUT,OWID,Confirmed cases,Cori_step,2020-11-22,0.8321984139909762,0.874078732269109,0.7903180957128433,AUT
Austria,AUT,OWID,Confirmed cases,Cori_step,2020-11-23,0.8321984139909762,0.874078732269109,0.7903180957128433,AUT
Austria,AUT,OWID,Confirmed cases,Cori_step,2020-11-24,0.8321984139909762,0.874078732269109,0.7903180957128433,AUT
Austria,AUT,OWID,Confirmed cases,Cori_step,2020-11-25,0.8321984139909762,0.874078732269109,0.7903180957128433,AUT
Austria,AUT,OWID,Confirmed cases,Cori_step,2020-11-26,0.8321984139909762,0.874078732269109,0.7903180957128433,AUT
Austria,AUT,OWID,Confirmed cases,Cori_step,2020-11-27,0.8321984139909762,0.874078732269109,0.7903180957128433,AUT
Austria,AUT,OWID,Confirmed cases,Cori_step,2020-11-28,0.8321984139909762,0.874078732269109,0.7903180957128433,AUT
Austria,AUT,OWID,Confirmed cases,Cori_step,2020-11-29,0.8321984139909762,0.874078732269109,0.7903180957128433,AUT
Austria,AUT,OWID,Confirmed cases,Cori_step,2020-11-30,0.8321984139909762,0.874078732269109,0.7903180957128433,AUT
Austria,AUT,OWID,Confirmed cases,Cori_step,2020-12-01,0.8321984139909762,0.874078732269109,0.7903180957128433,AUT
Austria,AUT,OWID,Confirmed cases,Cori_step,2020-12-02,0.8321984139909762,0.874078732269109,0.7903180957128433,AUT
Austria,AUT,OWID,Confirmed cases,Cori_step,2020-12-03,0.8321984139909762,0.874078732269109,0.7903180957128433,AUT
Austria,AUT,OWID,Confirmed cases,Cori_step,2020-12-04,0.8321984139909762,0.874078732269109,0.7903180957128433,AUT
Austria,AUT,OWID,Confirmed cases,Cori_step,2020-12-05,0.8321984139909762,0.874078732269109,0.7903180957128433,AUT
Austria,AUT,OWID,Confirmed cases,Cori_step,2020-12-06,0.8321984139909762,0.874078732269109,0.7903180957128433,AUT
Austria,AUT,OWID,Confirmed cases,Cori_step,2020-12-07,0.941112352336201,0.992595261209434,0.8896294434629682,AUT
Austria,AUT,OWID,Confirmed cases,Cori_step,2020-12-08,0.941112352336201,0.992595261209434,0.8896294434629682,AUT
Austria,AUT,OWID,Confirmed cases,Cori_step,2020-12-09,0.941112352336201,0.992595261209434,0.8896294434629682,AUT
Austria,AUT,OWID,Confirmed cases,Cori_step,2020-12-10,0.941112352336201,0.992595261209434,0.8896294434629682,AUT
Austria,AUT,OWID,Confirmed cases,Cori_step,2020-12-11,0.941112352336201,0.992595261209434,0.8896294434629682,AUT
Austria,AUT,OWID,Confirmed cases,Cori_step,2020-12-12,0.941112352336201,0.992595261209434,0.8896294434629682,AUT
Austria,AUT,OWID,Confirmed cases,Cori_step,2020-12-13,0.941112352336201,0.992595261209434,0.8896294434629682,AUT
Austria,AUT,OWID,Confirmed cases,Cori_step,2020-12-14,0.941112352336201,0.992595261209434,0.8896294434629682,AUT
Austria,AUT,OWID,Confirmed cases,Cori_step,2020-12-15,0.941112352336201,0.992595261209434,0.8896294434629682,AUT
Austria,AUT,OWID,Confirmed cases,Cori_step,2020-12-16,0.941112352336201,0.992595261209434,0.8896294434629682,AUT
Austria,AUT,OWID,Confirmed cases,Cori_step,2020-12-17,0.941112352336201,0.992595261209434,0.8896294434629682,AUT
Austria,AUT,OWID,Confirmed cases,Cori_step,2020-12-18,0.941112352336201,0.992595261209434,0.8896294434629682,AUT
Austria,AUT,OWID,Confirmed cases,Cori_step,2020-12-19,0.941112352336201,0.992595261209434,0.8896294434629682,AUT
Austria,AUT,OWID,Confirmed cases,Cori_step,2020-12-20,0.941112352336201,0.992595261209434,0.8896294434629682,AUT
Austria,AUT,OWID,Confirmed cases,Cori_step,2020-12-21,0.941112352336201,0.992595261209434,0.8896294434629682,AUT
Austria,AUT,OWID,Confirmed cases,Cori_step,2020-12-22,0.941112352336201,0.992595261209434,0.8896294434629682,AUT
Austria,AUT,OWID,Confirmed cases,Cori_step,2020-12-23,0.941112352336201,0.992595261209434,0.8896294434629682,AUT
Austria,AUT,OWID,Confirmed cases,Cori_step,2020-12-24,0.941112352336201,0.992595261209434,0.8896294434629682,AUT
Austria,AUT,OWID,Confirmed cases,Cori_step,2020-12-25,0.941112352336201,0.992595261209434,0.8896294434629682,AUT
Austria,AUT,OWID,Confirmed cases,Cori_step,2020-12-26,0.967443424993964,0.9867391881275284,0.9481476618603992,AUT
Austria,AUT,OWID,Confirmed cases,Cori_step,2020-12-27,0.967443424993964,0.9867391881275284,0.9481476618603992,AUT
Austria,AUT,OWID,Confirmed cases,Cori_step,2020-12-28,0.967443424993964,0.9867391881275284,0.9481476618603992,AUT
Austria,AUT,OWID,Confirmed cases,Cori_step,2020-12-29,0.967443424993964,0.9867391881275284,0.9481476618603992,AUT
Austria,AUT,OWID,Confirmed cases,Cori_step,2020-12-30,0.967443424993964,0.9867391881275284,0.9481476618603992,AUT
Austria,AUT,OWID,Confirmed cases,Cori_step,2020-12-31,0.967443424993964,0.9867391881275284,0.9481476618603992,AUT
Austria,AUT,OWID,Confirmed cases,Cori_step,2021-01-01,0.967443424993964,0.9867391881275284,0.9481476618603992,AUT
Austria,AUT,OWID,Confirmed cases,Cori_step,2021-01-02,0.967443424993964,0.9867391881275284,0.9481476618603992,AUT
Austria,AUT,OWID,Confirmed cases,Cori_step,2021-01-03,0.967443424993964,0.9867391881275284,0.9481476618603992,AUT
Austria,AUT,OWID,Confirmed cases,Cori_step,2021-01-04,0.967443424993964,0.9867391881275284,0.9481476618603992,AUT
Austria,AUT,OWID,Confirmed cases,Cori_step,2021-01-05,0.967443424993964,0.9867391881275284,0.9481476618603992,AUT
Austria,AUT,OWID,Confirmed cases,Cori_step,2021-01-06,0.967443424993964,0.9867391881275284,0.9481476618603992,AUT
Austria,AUT,OWID,Confirmed cases,Cori_step,2021-01-07,0.967443424993964,0.9867391881275284,0.9481476618603992,AUT
Austria,AUT,OWID,Confirmed cases,Cori_step,2021-01-08,0.967443424993964,0.9867391881275284,0.9481476618603992,AUT
Austria,AUT,OWID,Confirmed cases,Cori_step,2021-01-09,0.967443424993964,0.9867391881275284,0.9481476618603992,AUT
Austria,AUT,OWID,Confirmed cases,Cori_step,2021-01-10,0.967443424993964,0.9867391881275284,0.9481476618603992,AUT
Austria,AUT,OWID,Confirmed cases,Cori_step,2021-01-11,0.967443424993964,0.9867391881275284,0.9481476618603992,AUT
Austria,AUT,OWID,Confirmed cases,Cori_step,2021-01-12,0.967443424993964,0.9867391881275284,0.9481476618603992,AUT
Austria,AUT,OWID,Confirmed cases,Cori_step,2021-01-13,0.967443424993964,0.9867391881275284,0.9481476618603992,AUT
Austria,AUT,OWID,Confirmed cases,Cori_step,2021-01-14,0.967443424993964,0.9867391881275284,0.9481476618603992,AUT
Austria,AUT,OWID,Confirmed cases,Cori_step,2021-01-15,0.967443424993964,0.9867391881275284,0.9481476618603992,AUT
Austria,AUT,OWID,Confirmed cases,Cori_step,2021-01-16,0.967443424993964,0.9867391881275284,0.9481476618603992,AUT
Austria,AUT,OWID,Confirmed cases,Cori_step,2021-01-17,0.967443424993964,0.9867391881275284,0.9481476618603992,AUT
Austria,AUT,OWID,Confirmed cases,Cori_step,2021-01-18,0.967443424993964,0.9867391881275284,0.9481476618603992,AUT
Austria,AUT,OWID,Confirmed cases,Cori_step,2021-01-19,0.967443424993964,0.9867391881275284,0.9481476618603992,AUT
Austria,AUT,OWID,Confirmed cases,Cori_step,2021-01-20,0.967443424993964,0.9867391881275284,0.9481476618603992,AUT
Austria,AUT,OWID,Confirmed cases,Cori_step,2021-01-21,0.967443424993964,0.9867391881275284,0.9481476618603992,AUT
Austria,AUT,OWID,Confirmed cases,Cori_step,2021-01-22,0.967443424993964,0.9867391881275284,0.9481476618603992,AUT
Austria,AUT,OWID,Confirmed cases,Cori_step,2021-01-23,0.967443424993964,0.9867391881275284,0.9481476618603992,AUT
Austria,AUT,OWID,Confirmed cases,Cori_step,2021-01-24,0.967443424993964,0.9867391881275284,0.9481476618603992,AUT
Austria,AUT,OWID,Confirmed cases,Cori_step,2021-01-25,0.967443424993964,0.9867391881275284,0.9481476618603992,AUT
Austria,AUT,OWID,Confirmed cases,Cori_step,2021-01-26,0.967443424993964,0.9867391881275284,0.9481476618603992,AUT
Austria,AUT,OWID,Confirmed cases,Cori_step,2021-01-27,0.967443424993964,0.9867391881275284,0.9481476618603992,AUT
Austria,AUT,OWID,Confirmed cases,Cori_step,2021-01-28,0.967443424993964,0.9867391881275284,0.9481476618603992,AUT
Austria,AUT,OWID,Confirmed cases,Cori_step,2021-01-29,0.967443424993964,0.9867391881275284,0.9481476618603992,AUT
Austria,AUT,OWID,Confirmed cases,Cori_step,2021-01-30,0.967443424993964,0.9867391881275284,0.9481476618603992,AUT
Austria,AUT,OWID,Confirmed cases,Cori_step,2021-01-31,0.967443424993964,0.9867391881275284,0.9481476618603992,AUT
Austria,AUT,OWID,Confirmed cases,Cori_step,2021-02-01,0.967443424993964,0.9867391881275284,0.9481476618603992,AUT
Austria,AUT,OWID,Confirmed cases,Cori_step,2021-02-02,0.967443424993964,0.9867391881275284,0.9481476618603992,AUT
Austria,AUT,OWID,Confirmed cases,Cori_step,2021-02-03,0.967443424993964,0.9867391881275284,0.9481476618603992,AUT
Austria,AUT,OWID,Confirmed cases,Cori_step,2021-02-04,0.967443424993964,0.9867391881275284,0.9481476618603992,AUT
Austria,AUT,OWID,Confirmed cases,Cori_step,2021-02-05,0.967443424993964,0.9867391881275284,0.9481476618603992,AUT
Austria,AUT,OWID,Confirmed cases,Cori_step,2021-02-06,0.967443424993964,0.9867391881275284,0.9481476618603992,AUT
Austria,AUT,OWID,Confirmed cases,Cori_step,2021-02-07,0.967443424993964,0.9867391881275284,0.9481476618603992,AUT
Austria,AUT,OWID,Confirmed cases,Cori_step,2021-02-08,1.1412780474194164,1.2611174185751686,1.0214386762636642,AUT
Austria,AUT,OWID,Confirmed cases,Cori_step,2021-02-09,1.1412780474194164,1.2611174185751686,1.0214386762636642,AUT
Austria,AUT,OWID,Confirmed cases,Cori_step,2021-02-10,1.1412780474194164,1.2611174185751686,1.0214386762636642,AUT
Austria,AUT,OWID,Confirmed cases,Cori_step,2021-02-11,1.1412780474194164,1.2611174185751686,1.0214386762636642,AUT
Austria,AUT,OWID,Confirmed cases,Cori_step,2021-02-12,1.1467639874114404,1.2605579829710885,1.0329699918517925,AUT
Austria,AUT,OWID,Confirmed cases,Cori_step,2021-02-13,1.1467639874114404,1.2605579829710885,1.0329699918517925,AUT
Austria,AUT,OWID,Confirmed cases,Cori_step,2021-02-14,1.1467639874114404,1.2605579829710885,1.0329699918517925,AUT
Austria,AUT,OWID,Confirmed cases,Cori_step,2021-02-15,1.1090157700199776,1.2020671379266783,1.015964402113277,AUT
Austria,AUT,OWID,Confirmed cases,Cori_step,2021-02-16,1.1090157700199776,1.2020671379266783,1.015964402113277,AUT
Austria,AUT,OWID,Confirmed cases,Cori_step,2021-02-17,1.1090157700199776,1.2020671379266783,1.015964402113277,AUT
Austria,AUT,OWID,Confirmed cases,Cori_step,2021-02-18,1.1090157700199776,1.2020671379266783,1.015964402113277,AUT
Austria,AUT,OWID,Confirmed cases,Cori_step,2021-02-19,1.1090157700199776,1.2020671379266783,1.015964402113277,AUT
Austria,AUT,OWID,Confirmed cases,Cori_step,2021-02-20,1.1090157700199776,1.2020671379266783,1.015964402113277,AUT
Austria,AUT,OWID,Confirmed cases,Cori_step,2021-02-21,1.1090157700199776,1.2020671379266783,1.015964402113277,AUT
Austria,AUT,OWID,Confirmed cases,Cori_step,2021-02-22,1.1090157700199776,1.2020671379266783,1.015964402113277,AUT
Austria,AUT,OWID,Confirmed cases,Cori_step,2021-02-23,1.0981600536452054,1.2310463435837646,0.9652737637066462,AUT
Austria,AUT,OWID,Confirmed cases,Cori_step,2021-02-24,1.0981600536452054,1.2310463435837646,0.9652737637066462,AUT
Austria,AUT,OWID,Confirmed cases,Cori_step,2021-02-25,1.0981600536452054,1.2310463435837646,0.9652737637066462,AUT
Austria,AUT,OWID,Confirmed cases,Cori_step,2021-02-26,1.0981600536452054,1.2310463435837646,0.9652737637066462,AUT
Austria,AUT,OWID,Confirmed cases,Cori_step,2021-02-27,1.0981600536452054,1.2310463435837646,0.9652737637066462,AUT
Austria,AUT,OWID,Confirmed cases,Cori_step,2021-02-28,1.0981600536452054,1.2310463435837646,0.9652737637066462,AUT
Austria,AUT,OWID,Confirmed cases,Cori_step,2021-03-01,1.0981600536452054,1.2310463435837646,0.9652737637066462,AUT
