country,date,R_low,R_mean,R_high,observed
Austria,2020-03-07,2.53551444084407,2.76066824629093,2.99526268230519,Observed
Austria,2020-03-08,2.42464709313855,2.61826362264583,2.81921148233105,Observed
Austria,2020-03-09,2.3287203366671,2.49687909749519,2.67081680283261,Observed
Austria,2020-03-10,2.24510537922671,2.3924616064206,2.54443520437186,Observed
Austria,2020-03-11,2.16919602189494,2.29927440183978,2.43308692099568,Observed
Austria,2020-03-12,2.09511845076926,2.21056897439134,2.32907218739898,Observed
Austria,2020-03-13,2.01723991530208,2.12007662163543,2.22543394664874,Observed
Austria,2020-03-14,1.93184063088074,2.02365716673033,2.11757538950017,Observed
Austria,2020-03-15,1.83727758450135,1.91940094875967,2.00329464854255,Observed
Austria,2020-03-16,1.73369302087494,1.80727907957918,1.88237311337236,Observed
Austria,2020-03-17,1.62303401609674,1.68912963467655,1.75652589877837,Observed
Austria,2020-03-18,1.50848307775028,1.5680583632874,1.62877126269586,Observed
Austria,2020-03-19,1.39352118970703,1.44747726987452,1.50244384747719,Observed
Austria,2020-03-20,1.28161958176374,1.33079209578984,1.38087731113123,Observed
Austria,2020-03-21,1.1754601821752,1.22061281461524,1.26660450425337,Observed
Austria,2020-03-22,1.07676043333229,1.11857982508865,1.16118477619723,Observed
Austria,2020-03-23,0.986880988402947,1.0259863507522,1.06584088737444,Observed
Austria,2020-03-24,0.906800997581133,0.94375511741927,0.981436931371553,Observed
Austria,2020-03-25,0.837149374164734,0.87246997102855,0.908510153038451,Observed
Austria,2020-03-26,0.778268445204156,0.812439124881092,0.847333644926943,Observed
Austria,2020-03-27,0.730164322571521,0.763641953406487,0.797859430922912,Observed
Austria,2020-03-28,0.692603100826986,0.725823936564975,0.759812030796524,Observed
Austria,2020-03-29,0.665259802604193,0.698645549222756,0.732837169483544,Observed
Austria,2020-03-30,0.647568574148273,0.68152507148646,0.716337070678041,Observed
Austria,2020-03-31,0.638263003745291,0.673161708704899,0.708976229444312,Observed
Austria,2020-04-01,0.635217011595035,0.671365227366666,0.708499659647028,Observed
Austria,2020-04-02,0.635554865305178,0.673163967892554,0.711838875307539,Observed
Austria,2020-04-03,0.636119606377056,0.675286029369228,0.715605991156397,Observed
Austria,2020-04-04,0.634039246122104,0.674746406555765,0.716702153464201,Observed
Austria,2020-04-05,0.627214203711828,0.669356207515529,0.71284899248554,Observed
Austria,2020-04-06,0.614798151222618,0.658226097851426,0.703115075328086,Observed
Austria,2020-04-07,0.597505319155223,0.642091526430958,0.688259297801185,Observed
Austria,2020-04-08,0.577442558642858,0.623147198029242,0.670567782115895,Observed
Austria,2020-04-09,0.557456967022838,0.60437730110396,0.653166462679247,Observed
Austria,2020-04-10,0.540284894457634,0.588672344717937,0.639105277666881,Observed
Austria,2020-04-11,0.52806365810322,0.578314375553546,0.63081626127175,Observed
Austria,2020-04-12,0.522182423909005,0.574810367056284,0.629928756062013,Observed
Austria,2020-04-13,0.523438920966195,0.579043994603831,0.637415546614585,Observed
Austria,2020-04-14,0.532284316648562,0.591521784187711,0.653839559249277,Observed
Austria,2020-04-15,0.548627173789126,0.612156289915543,0.679115514960728,Observed
Austria,2020-04-16,0.571714325587582,0.640128708740933,0.712353582545556,Observed
Austria,2020-04-17,0.599908044120056,0.673645363027603,0.751594858019658,Observed
Austria,2020-04-18,0.630575106649916,0.709820694790803,0.793688822432792,Observed
Austria,2020-04-19,0.660257817841008,0.744871148397091,0.834511819477125,Observed
Austria,2020-04-20,0.684932273786193,0.774412254065754,0.86930581515636,Observed
Austria,2020-04-21,0.700967549998605,0.794503456171238,0.893812146488454,Observed
Austria,2020-04-22,0.706584845364239,0.803221998179349,0.905962847442279,Observed
Austria,2020-04-23,0.702646086845842,0.801515556033392,0.90679829908328,Observed
Austria,2020-04-24,0.692232605376297,0.792752016365041,0.899986581584556,Observed
Austria,2020-04-25,0.679566984340894,0.781553689653617,0.890566437498713,Observed
Austria,2020-04-26,0.668684927947757,0.772354066409425,0.883384707832531,Observed
Austria,2020-04-27,0.662916678592239,0.768818131011907,0.882452040560829,Observed
Austria,2020-04-28,0.665106085749217,0.774060174482278,0.891157212220664,Observed
Austria,2020-04-29,0.677347385724168,0.79034530692549,0.911932051121458,Observed
Austria,2020-04-30,0.700776122171188,0.818843627626841,0.945967753489518,Observed
Austria,2020-05-01,0.735134988583947,0.859142986656798,0.992674060176054,Observed
Austria,2020-05-02,0.778217635761978,0.908646722864557,1.04903221215192,Observed
Austria,2020-05-03,0.826213213525062,0.96297743172361,1.11006228961805,Observed
Austria,2020-05-04,0.874179363258217,1.01655180384227,1.16950753591851,Observed
Austria,2020-05-05,0.91638453548106,1.06302446871558,1.220388163743,Observed
Austria,2020-05-06,0.947450370160263,1.09657361453558,1.25643587099432,Observed
Austria,2020-05-07,0.963574372017951,1.11322836446834,1.27352688767515,Observed
Austria,2020-05-08,0.963272611665126,1.11163148968967,1.27046081679258,Observed
Austria,2020-05-09,0.947790521005368,1.09341498025222,1.24929396713047,Observed
Austria,2020-05-10,0.920341585580588,1.06231633977062,1.21432597923332,Observed
Austria,2020-05-11,0.884891517343273,1.02282826412498,1.17060952893453,Observed
Austria,2020-05-12,0.845524011711954,0.979501026707182,1.12318669184005,Observed
Austria,2020-05-13,0.805967925955289,0.936441872326595,1.07656052201655,Observed
Austria,2020-05-14,0.769255024602997,0.896964109101771,1.03433666857121,Observed
Austria,2020-05-15,0.737593085243554,0.863465581129437,0.999108452956239,Observed
Austria,2020-05-16,0.712408587922388,0.837483661410675,0.972525060123214,Observed
Austria,2020-05-17,0.694257405237817,0.819600276745029,0.955191384099887,Observed
Austria,2020-05-18,0.683018222232518,0.809647723004849,0.946886409402285,Observed
Austria,2020-05-19,0.678015151519598,0.806838013481557,0.946699531443013,Observed
Austria,2020-05-20,0.677908258130135,0.809641068038421,0.95289693748073,Observed
Austria,2020-05-21,0.681252455545069,0.816396390692173,0.963587086380816,Observed
Austria,2020-05-22,0.687258315506004,0.826157127397679,0.977649824284743,Observed
Austria,2020-05-23,0.696034063645982,0.838970675540277,0.995057353513624,Observed
Austria,2020-05-24,0.708714894687549,0.85602597909045,1.0170396440482,Observed
Austria,2020-05-25,0.726478951564784,0.87856180175915,1.04488308894707,Observed
Austria,2020-05-26,0.749408738699745,0.906590019770987,1.07851251623132,Observed
Austria,2020-05-27,0.776484255711974,0.938872403427438,1.11644993445468,Observed
Austria,2020-05-28,0.805519322682888,0.972864054265003,1.15576742528247,Observed
Austria,2020-05-29,0.832925059702613,1.00449067177372,1.19188368101804,Observed
Austria,2020-05-30,0.854431010662794,1.02898711411404,1.21952643491337,Observed
Austria,2020-05-31,0.866166796124852,1.04212269899204,1.23410713279825,Observed
Austria,2020-06-01,0.866326577702691,1.0420372126678,1.23373099462839,Observed
Austria,2020-06-02,0.856691761328341,1.03088645421185,1.22096284493064,Observed
Austria,2020-06-03,0.841712585046631,1.01378783908881,1.20162896305795,Observed
Austria,2020-06-04,0.826787233395683,0.996876675621925,1.18263954525455,Observed
Austria,2020-06-05,0.816578733412424,0.985412310172349,1.16987479680127,Observed
Austria,2020-06-06,0.813885375453946,0.982511215840985,1.16677622634299,Observed
Austria,2020-06-07,0.819849387383864,0.989372132282024,1.17458867401914,Observed
Austria,2020-06-08,0.834175716579225,1.00553359160025,1.19266068629688,Observed
Austria,2020-06-09,0.854798900964733,1.02853906928967,1.21811370696246,Observed
Austria,2020-06-10,0.878268582148502,1.05440310608151,1.2463952343138,Observed
Austria,2020-06-11,0.900592969101208,1.07858893096129,1.2723979266895,Observed
Austria,2020-06-12,0.918818474869705,1.09778336750904,1.29243637599811,Observed
Austria,2020-06-13,0.932687977613938,1.11172300211402,1.3062439981912,Observed
Austria,2020-06-14,0.944881471907834,1.12342446509722,1.31718960021008,Observed
Austria,2020-06-15,0.960053243869725,1.13806521779364,1.33099288667833,Observed
Austria,2020-06-16,0.98327486700652,1.16120878283993,1.35372187594117,Observed
Austria,2020-06-17,1.01795099135606,1.19648186539701,1.38922482205228,Observed
Austria,2020-06-18,1.06461097215353,1.24425853386541,1.43770630187864,Observed
Austria,2020-06-19,1.1207734318146,1.30157419266518,1.49569640450638,Observed
Austria,2020-06-20,1.18099499981369,1.36229072404006,1.55634239764314,Observed
Austria,2020-06-21,1.23781553662526,1.41824232617923,1.6107652365998,Observed
Austria,2020-06-22,1.2834103873953,1.46110027671524,1.65014280048028,Observed
Austria,2020-06-23,1.31116458185723,1.48407192041429,1.66753298813638,Observed
Austria,2020-06-24,1.31742130667863,1.48369601064754,1.65970911136412,Observed
Austria,2020-06-25,1.30216871667818,1.4604504419282,1.62767927179071,Observed
Austria,2020-06-26,1.26866901893863,1.41823667635428,1.57601818096124,Observed
Austria,2020-06-27,1.22226146408702,1.36303224914835,1.51136484306739,Observed
Austria,2020-06-28,1.16872678158515,1.30113692976181,1.44054987029752,Observed
Austria,2020-06-29,1.11339222960367,1.23824475921586,1.36963643079829,Observed
Austria,2020-06-30,1.06091185286577,1.17924821597494,1.30375125359997,Observed
Austria,2020-07-01,1.01525142713941,1.1282585911789,1.24714307094854,Observed
Austria,2020-07-02,0.979867053210671,1.08881997641453,1.20343366342666,Observed
Austria,2020-07-03,0.957443794982715,1.0636458981066,1.17535318073252,Observed
Austria,2020-07-04,0.94905186813963,1.05373014109501,1.16380560080999,Observed
Austria,2020-07-05,0.95364815901398,1.05781836582277,1.16731036031081,Observed
Austria,2020-07-06,0.967892199383334,1.07222130246109,1.18181340842046,Observed
Austria,2020-07-07,0.986622370357785,1.09133996891972,1.20126317702744,Observed
Austria,2020-07-08,1.00442743088509,1.10935330094479,1.21941686377515,Observed
Austria,2020-07-09,1.01705277018855,1.12172428892812,1.23144879386324,Observed
Austria,2020-07-10,1.02218457029764,1.12602958640152,1.23482619628274,Observed
Austria,2020-07-11,1.0198163734493,1.12232567654222,1.22967364217707,Observed
Austria,2020-07-12,1.01167910299241,1.11251888269612,1.21808051642121,Observed
Austria,2020-07-13,1.00046350444606,1.09951909684076,1.20318344316439,Observed
Austria,2020-07-14,0.98927023445928,1.08664268229546,1.18852020543842,Observed
Austria,2020-07-15,0.980611733531914,1.07655737373931,1.17691686121558,Observed
Austria,2020-07-16,0.975610986307754,1.07044214713899,1.16960861282616,Observed
Austria,2020-07-17,0.973849985377731,1.06783517689859,1.16608775463114,Observed
Austria,2020-07-18,0.973489331858995,1.0667725071962,1.16426246540073,Observed
Austria,2020-07-19,0.97214917389752,1.06472677204408,1.16145462209657,Observed
Austria,2020-07-20,0.967886317859123,1.05964385265758,1.1554972166458,Observed
Austria,2020-07-21,0.959374913982739,1.05013827246543,1.1449451104694,Observed
Austria,2020-07-22,0.946131461833272,1.03572574150295,1.12931499108718,Observed
Austria,2020-07-23,0.928448305787286,1.01674575515221,1.10899650788802,Observed
Austria,2020-07-24,0.907297134908898,0.9942523404496,1.08512959451736,Observed
Austria,2020-07-25,0.8846995572731,0.970396118646941,1.05999743376301,Observed
Austria,2020-07-26,0.863645998644426,0.948337327990098,1.03693312052613,Observed
Austria,2020-07-27,0.847620170849039,0.931745501781532,1.01979394280848,Observed
Austria,2020-07-28,0.840164147723433,0.924337770743317,1.01247212760059,Observed
Austria,2020-07-29,0.844123347810742,0.929076770961526,1.01804487968102,Observed
Austria,2020-07-30,0.861369416224642,0.947866408240141,1.03844239816093,Observed
Austria,2020-07-31,0.893302765189506,0.982068341917185,1.07497815509525,Observed
Austria,2020-08-01,0.94050013583578,1.032128008597,1.12795390835397,Observed
Austria,2020-08-02,1.00198661931848,1.09681660728176,1.19587274406251,Observed
Austria,2020-08-03,1.07436183512819,1.1723409098947,1.27453437037029,Observed
Austria,2020-08-04,1.15088879225128,1.2514451817141,1.35615289707756,Observed
Austria,2020-08-05,1.22266272176649,1.32470797362182,1.43078487353459,Observed
Austria,2020-08-06,1.28115211953127,1.3832526065317,1.48921173303866,Observed
Austria,2020-08-07,1.32036994561147,1.42101576695404,1.52530569723866,Observed
Austria,2020-08-08,1.33800400463876,1.43586981534823,1.53714079086932,Observed
Austria,2020-08-09,1.33505236050474,1.42916012878521,1.52642753042844,Observed
Austria,2020-08-10,1.31464034328186,1.4044045446009,1.49709116672557,Observed
Austria,2020-08-11,1.28125214739094,1.36645535408826,1.45436246536061,Observed
Austria,2020-08-12,1.23988355793992,1.32061232954701,1.40385113547123,Observed
Austria,2020-08-13,1.19491948158023,1.27147278771111,1.35036930302805,Observed
Austria,2020-08-14,1.14989964352853,1.22270748523599,1.29771863176552,Observed
Austria,2020-08-15,1.10752003497373,1.1770809120276,1.24873042647056,Observed
Austria,2020-08-16,1.06975952475224,1.13659744773439,1.20543207112712,Observed
Austria,2020-08-17,1.03813655702225,1.10277652792469,1.16934112211873,Observed
Austria,2020-08-18,1.0135561972017,1.07650097964323,1.14131516764466,Observed
Austria,2020-08-19,0.996066446311063,1.05776851835978,1.12129858935633,Observed
Austria,2020-08-20,0.985028515879515,1.04586874127753,1.10850632800462,Observed
Austria,2020-08-21,0.979419596140683,1.03969738691296,1.10174975352163,Observed
Austria,2020-08-22,0.978176547168408,1.03811320566858,1.0998068696157,Observed
Austria,2020-08-23,0.980560723714403,1.04031583974056,1.10181336801618,Observed
Austria,2020-08-24,0.986409329915688,1.04610506911875,1.10752980020947,Observed
Austria,2020-08-25,0.996360281620074,1.0561103946357,1.11757580595363,Observed
Austria,2020-08-26,1.01186689191603,1.07180162300065,1.13343642352762,Observed
Austria,2020-08-27,1.03482388725295,1.09509710907761,1.1570523162947,Observed
Austria,2020-08-28,1.06661264919548,1.12737421315651,1.18979520820259,Observed
Austria,2020-08-29,1.10704852637846,1.16838406934332,1.23135001194484,Observed
Austria,2020-08-30,1.15368170450581,1.21554098617632,1.27899297412215,Observed
Austria,2020-08-31,1.20201151642801,1.26416269153563,1.32785842773754,Observed
Austria,2020-09-01,1.24653870553312,1.30857546875959,1.37209754046233,Observed
Austria,2020-09-02,1.28204154418475,1.34344080286715,1.40625600109177,Observed
Austria,2020-09-03,1.30487598129529,1.36508871432706,1.42664050065528,Observed
Austria,2020-09-04,1.313509359824,1.37204800814205,1.43184493577216,Observed
Austria,2020-09-05,1.30835195476074,1.36484891119049,1.42252332242103,Observed
Austria,2020-09-06,1.2913672157632,1.34560111185125,1.40093493075991,Observed
Austria,2020-09-07,1.26538630327058,1.31727831826888,1.37019848797392,Observed
Austria,2020-09-08,1.23342386091518,1.28301402218726,1.33356785759551,Observed
Austria,2020-09-09,1.19829481949546,1.24571182672858,1.29403600938796,Observed
Austria,2020-09-10,1.16220623324668,1.20763437343046,1.25392124271566,Observed
Austria,2020-09-11,1.12654551194367,1.17019383210296,1.21466014375549,Observed
Austria,2020-09-12,1.09216597487342,1.13424891832262,1.17711625090389,Observed
Austria,2020-09-13,1.05969343715536,1.10042214710877,1.14190812536388,Observed
Austria,2020-09-14,1.02985883507542,1.0694419405972,1.1097610337597,Observed
Austria,2020-09-15,1.00369551611518,1.04234515466807,1.08171474276843,Observed
Austria,2020-09-16,0.982299997074954,1.02023338124581,1.05887534536093,Observed
Austria,2020-09-17,0.966601159188486,1.0040367714884,1.04217365897799,Observed
Austria,2020-09-18,0.957182787660296,0.994331982019965,1.03217852890902,Observed
Austria,2020-09-19,0.954228390373056,0.991285155975451,1.02903794873221,Observed
Austria,2020-09-20,0.957592538850316,0.994724524748267,1.03255293095893,Observed
Austria,2020-09-21,0.966830519016767,1.00417115932247,1.04220939239339,Observed
Austria,2020-09-22,0.981284432202128,1.01892770505156,1.05726957079015,Observed
Austria,2020-09-23,1.00012441137861,1.03812173436107,1.07681757097521,Observed
Austria,2020-09-24,1.02235740337605,1.06071629438113,1.09977173657776,Observed
Austria,2020-09-25,1.04682992626419,1.08551446379931,1.12489106041251,Observed
Austria,2020-09-26,1.07227417454018,1.11120810791179,1.15082663473778,Observed
Austria,2020-09-27,1.09740315590414,1.13647635369752,1.17622349612527,Observed
Austria,2020-09-28,1.12103612335818,1.1601142837982,1.19985259116562,Observed
Austria,2020-09-29,1.14224814877936,1.18118516706819,1.22076564568459,Observed
Austria,2020-09-30,1.1604912365125,1.19914251208712,1.23841811164492,Observed
Austria,2020-10-01,1.17564993619017,1.21388443792627,1.25272222800996,Observed
Austria,2020-10-02,1.18801177807543,1.22572085558874,1.26401087197867,Observed
Austria,2020-10-03,1.19816322078473,1.23526499112601,1.27292458777274,Observed
Austria,2020-10-04,1.20683305174392,1.24327214403317,1.28024565195091,Observed
Austria,2020-10-05,1.21471866134585,1.25046203378521,1.28671646592394,Observed
Austria,2020-10-06,1.22233246719551,1.2573626825216,1.29288089497093,Observed
Austria,2020-10-07,1.22989567444293,1.26420328998841,1.29897627508944,Observed
Austria,2020-10-08,1.23737917884735,1.27095696759196,1.30497800731953,Observed
Austria,2020-10-09,1.24443575491838,1.27727349140638,1.31053290826578,Observed
Austria,2020-10-10,1.25047651377199,1.28255824346176,1.31504066186146,Observed
Austria,2020-10-11,1.2548480127246,1.28615274882672,1.3178378045672,Observed
Austria,2020-10-12,1.25695975121784,1.28746433992149,1.31832956958671,Observed
Austria,2020-10-13,1.25650748026502,1.28619201296047,1.31621828922017,Observed
Austria,2020-10-14,1.25354135793279,1.282394488065,1.31157134844872,Observed
Austria,2020-10-15,1.24837360405183,1.27639552090103,1.30472413536505,Observed
Austria,2020-10-16,1.24148000515133,1.26868310355268,1.29617691992561,Observed
Austria,2020-10-17,1.23338468312024,1.25979220239715,1.28647555063327,Observed
Austria,2020-10-18,1.22457464623845,1.25021815060856,1.27612368695152,Predicted
Austria,2020-10-19,1.21547394365776,1.24039068546011,1.26555672427622,Predicted
Austria,2020-10-20,1.20640595392731,1.23063621987018,1.25510405652854,Predicted
Austria,2020-10-21,1.19759276307288,1.22117766089031,1.2449893432801,Predicted
Austria,2020-10-22,1.18779532803405,1.21076192992695,1.23394539413253,Predicted
Austria,2020-10-23,1.17399060068759,1.19633577008745,1.21888867000389,Predicted
Austria,2020-10-24,1.15319027496325,1.17488426542707,1.1967776092204,Predicted
Germany,2020-02-09,0.164730189394867,0.619556162593306,1.37007095846763,Observed
Germany,2020-02-10,0.135606115154071,0.592263866329639,1.37913495774771,Observed
Germany,2020-02-11,0.186621894488376,0.740592089258436,1.66923127482391,Observed
Germany,2020-02-12,0.435354206723518,1.26251131440669,2.52219483827457,Observed
Germany,2020-02-13,1.03662268461653,2.29222451747655,4.03752489066444,Observed
Germany,2020-02-14,1.95129848063237,3.61254224635613,5.776904468154,Observed
Germany,2020-02-15,2.74834936865736,4.52375018675421,6.73436401402464,Observed
Germany,2020-02-16,3.13516322335409,4.72943372836696,6.64622099517745,Observed
Germany,2020-02-17,3.27518150658185,4.60372692909674,6.15492419673131,Observed
Germany,2020-02-18,3.33871675484169,4.43029272847495,5.67389126966996,Observed
Germany,2020-02-19,3.33662863065099,4.23134758637766,5.23073280736579,Observed
Germany,2020-02-20,3.2361335935574,3.96453473977688,4.76576583421729,Observed
Germany,2020-02-21,3.04352759079618,3.63245254599696,4.27269304850689,Observed
Germany,2020-02-22,2.81491947315118,3.29204794743042,3.80598025921594,Observed
Germany,2020-02-23,2.60995839385565,3.00191365749548,3.42088831774665,Observed
Germany,2020-02-24,2.46122522128512,2.79035111610017,3.13983067829876,Observed
Germany,2020-02-25,2.37024362781918,2.65300208813196,2.95146335877129,Observed
Germany,2020-02-26,2.31473201650801,2.56178135523145,2.82117681132833,Observed
Germany,2020-02-27,2.2725684469551,2.49051141603864,2.71829058867051,Observed
Germany,2020-02-28,2.24289263772258,2.43659106663477,2.63819722871876,Observed
Germany,2020-02-29,2.24378844642301,2.41773547193055,2.59808396121066,Observed
Germany,2020-03-01,2.29503972692771,2.4534140516455,2.6169975823344,Observed
Germany,2020-03-02,2.40130892883231,2.54729836746468,2.69753498148576,Observed
Germany,2020-03-03,2.54329075079721,2.67847109259595,2.81710240624948,Observed
Germany,2020-03-04,2.68346807782373,2.80784992035479,2.93500996712502,Observed
Germany,2020-03-05,2.78228132448362,2.89502811722677,3.00998287002364,Observed
Germany,2020-03-06,2.81283451966429,2.91314903656829,3.01519657321631,Observed
Germany,2020-03-07,2.76898946319188,2.85672073761392,2.94580115924755,Observed
Germany,2020-03-08,2.6637482707779,2.73954511573338,2.81639047367752,Observed
Germany,2020-03-09,2.51976585315123,2.58487811946197,2.65080940232897,Observed
Germany,2020-03-10,2.36003551695126,2.41599995107652,2.47261106833534,Observed
Germany,2020-03-11,2.20255762591691,2.25093346796775,2.29982750535128,Observed
Germany,2020-03-12,2.05861847599877,2.10082368069049,2.14345119981739,Observed
Germany,2020-03-13,1.93349126219177,1.97072908950414,2.0083171644028,Observed
Germany,2020-03-14,1.82803719992795,1.86128237366122,1.89482297658188,Observed
Germany,2020-03-15,1.74003874819565,1.7700530311497,1.80032040787252,Observed
Germany,2020-03-16,1.66530659238656,1.69266692243026,1.72024709452106,Observed
Germany,2020-03-17,1.59900694083651,1.624140916438,1.64946817285604,Observed
Germany,2020-03-18,1.53687132238085,1.56009544515662,1.58349131517904,Observed
Germany,2020-03-19,1.47588539484871,1.49744028671917,1.51914927688554,Observed
Germany,2020-03-20,1.41474346842775,1.43482407578499,1.45504423130483,Observed
Germany,2020-03-21,1.35321031798619,1.37198434815437,1.39088592451248,Observed
Germany,2020-03-22,1.29152879020651,1.30914598912319,1.32688087764744,Observed
Germany,2020-03-23,1.23048932383549,1.24708832934445,1.26379700479176,Observed
Germany,2020-03-24,1.17133478269056,1.1870479875661,1.2028644367537,Observed
Germany,2020-03-25,1.11566867870255,1.13062592540635,1.14568138929864,Observed
Germany,2020-03-26,1.06492993405677,1.07925845941079,1.09368141060466,Observed
Germany,2020-03-27,1.01971371806501,1.03353337118067,1.0474447526678,Observed
Germany,2020-03-28,0.979613515993943,0.993030750480967,1.00653798187463,Observed
Germany,2020-03-29,0.943624821917567,0.95672950778313,0.969923312302135,Observed
Germany,2020-03-30,0.910748446200223,0.923615200851713,0.936570957985414,Observed
Germany,2020-03-31,0.880323860149187,0.893016131715111,0.905797988358271,Observed
Germany,2020-04-01,0.851973214285769,0.8645471044696,0.877211826619372,Observed
Germany,2020-04-02,0.825534813736265,0.83804217600461,0.85064227167084,Observed
Germany,2020-04-03,0.801078085060273,0.81356942156237,0.826156056750802,Observed
Germany,2020-04-04,0.779081626664892,0.791610255216024,0.804237434993403,Observed
Germany,2020-04-05,0.760482585992512,0.773109391126459,0.785838719469761,Observed
Germany,2020-04-06,0.74628319406809,0.759078191673387,0.771980435944498,Observed
Germany,2020-04-07,0.737140849411621,0.750180570421706,0.763333030651649,Observed
Germany,2020-04-08,0.733130130851539,0.746491706148722,0.759972270495289,Observed
Germany,2020-04-09,0.733676861924064,0.747430384302369,0.761309852268312,Observed
Germany,2020-04-10,0.737736205568936,0.751938175596241,0.766273665724592,Observed
Germany,2020-04-11,0.743960690797588,0.758649289203332,0.773479484764966,Observed
Germany,2020-04-12,0.750805551091268,0.765997677648321,0.781339858098768,Observed
Germany,2020-04-13,0.75675392814161,0.772445429422967,0.788295713539536,Observed
Germany,2020-04-14,0.76065290415545,0.776823319874675,0.793161450594695,Observed
Germany,2020-04-15,0.761964785586859,0.778585797264632,0.795383647169825,Observed
Germany,2020-04-16,0.760740522231813,0.777784775033411,0.795015231289912,Observed
Germany,2020-04-17,0.757405241489389,0.774852710973215,0.792496095898157,Observed
Germany,2020-04-18,0.75241429266647,0.770254005837489,0.788299831957327,Observed
Germany,2020-04-19,0.746165483931029,0.764395223036357,0.782841910687588,Observed
Germany,2020-04-20,0.7390743752765,0.75770074748033,0.776555697025208,Observed
Germany,2020-04-21,0.731607977356887,0.750646928319406,0.769927033834111,Observed
Germany,2020-04-22,0.724428044806514,0.743907468354022,0.76364172649791,Observed
Germany,2020-04-23,0.718585322896496,0.738550740134051,0.758785923457919,Observed
Germany,2020-04-24,0.715362995443138,0.735881537051184,0.756686155237778,Observed
Germany,2020-04-25,0.716078415967495,0.737239511170432,0.758704446338222,Observed
Germany,2020-04-26,0.721759031238444,0.743668900305255,0.765901800049646,Observed
Germany,2020-04-27,0.732588314269456,0.755353832226789,0.778462826834746,Observed
Germany,2020-04-28,0.747731957966839,0.771439409188128,0.795511690601633,Observed
Germany,2020-04-29,0.765237408484389,0.789928951052653,0.815007080473227,Observed
Germany,2020-04-30,0.782159589019621,0.807813326420176,0.83387523164719,Observed
Germany,2020-05-01,0.795358649797834,0.821885357537044,0.848841125335171,Observed
Germany,2020-05-02,0.802516964452391,0.829778525047358,0.857489068026967,Observed
Germany,2020-05-03,0.802951036903466,0.830796592584087,0.859110156158728,Observed
Germany,2020-05-04,0.798123041789812,0.826435643022682,0.855234819752001,Observed
Germany,2020-05-05,0.791129575797034,0.819863210987125,0.84910222076556,Observed
Germany,2020-05-06,0.785526121969624,0.814718202223533,0.844435415644762,Observed
Germany,2020-05-07,0.784330722734837,0.814090593526775,0.844396846266326,Observed
Germany,2020-05-08,0.789155422764636,0.819630677541065,0.850675206941907,Observed
Germany,2020-05-09,0.799730280288272,0.831059499811009,0.862982227321631,Observed
Germany,2020-05-10,0.814110521758685,0.846379056580306,0.879265960413458,Observed
Germany,2020-05-11,0.829054988559076,0.862261911889917,0.896111756300252,Observed
Germany,2020-05-12,0.840846092447918,0.874894325889349,0.909608848830841,Observed
Germany,2020-05-13,0.846682584680436,0.881404507260462,0.916814396376978,Observed
Germany,2020-05-14,0.845697007844525,0.88090633867848,0.916823694254172,Observed
Germany,2020-05-15,0.838997488466893,0.874543340467365,0.910816317294969,Observed
Germany,2020-05-16,0.82909536114414,0.864901005847371,0.901452955385719,Observed
Germany,2020-05-17,0.818660453295811,0.854729784771436,0.891565779965414,Observed
Germany,2020-05-18,0.809392257323998,0.845785278123773,0.882967373172243,Observed
Germany,2020-05-19,0.801982676339745,0.838785441770857,0.876402236981731,Observed
Germany,2020-05-20,0.796121248767661,0.833415137403199,0.871550689155806,Observed
Germany,2020-05-21,0.790853311047142,0.828694075212718,0.86740671326451,Observed
Germany,2020-05-22,0.785526941394037,0.823949183440401,0.863275926428552,Observed
Germany,2020-05-23,0.78028124198129,0.819319087467708,0.859296416303825,Observed
Germany,2020-05-24,0.776321627856206,0.816039341297099,0.856733969505734,Observed
Germany,2020-05-25,0.775893121876896,0.816415735770313,0.857955296332184,Observed
Germany,2020-05-26,0.78101345950141,0.822521779008545,0.865089652738319,Observed
Germany,2020-05-27,0.792088966573122,0.834770283451705,0.878555825702191,Observed
Germany,2020-05-28,0.807554355820235,0.851536308031323,0.896668031725013,Observed
Germany,2020-05-29,0.824034101650843,0.869323476369705,0.915807326257433,Observed
Germany,2020-05-30,0.837534968686745,0.883997548612129,0.931696716754671,Observed
Germany,2020-05-31,0.845172676827755,0.892572924389302,0.941248169572108,Observed
Germany,2020-06-01,0.845987099927334,0.894060225205866,0.943443071647548,Observed
Germany,2020-06-02,0.841783974099762,0.890333513473324,0.940224980428699,Observed
Germany,2020-06-03,0.838120571536513,0.887140351121182,0.937533619528651,Observed
Germany,2020-06-04,0.843731697048661,0.893503297280391,0.944681082609638,Observed
Germany,2020-06-05,0.867873294864219,0.91896419411171,0.971495681160549,Observed
Germany,2020-06-06,0.917081690527078,0.970209081187252,1.02481127707193,Observed
Germany,2020-06-07,0.991450292945107,1.04720480626156,1.10446298364624,Observed
Germany,2020-06-08,1.08293768417293,1.14147641181919,1.20153429823629,Observed
Germany,2020-06-09,1.17706364067832,1.23793240041308,1.30031403373701,Observed
Germany,2020-06-10,1.25628412366842,1.31844241060952,1.38208047185455,Observed
Germany,2020-06-11,1.30563244856862,1.36769979364312,1.43118816061009,Observed
Germany,2020-06-12,1.31772275794872,1.37833552103079,1.4402920559284,Observed
Germany,2020-06-13,1.29404987251733,1.35215715372859,1.41152267501909,Observed
Germany,2020-06-14,1.24322428763825,1.29823575234136,1.3544214361513,Observed
Germany,2020-06-15,1.1770177819991,1.22879687173647,1.28167489796375,Observed
Germany,2020-06-16,1.10618062047307,1.15493286890216,1.2047216736399,Observed
Germany,2020-06-17,1.03851843340474,1.08465651841702,1.1317832917724,Observed
Germany,2020-06-18,0.978782085264949,1.02281543995817,1.06780403584537,Observed
Germany,2020-06-19,0.929271568488113,0.971731241562689,1.01512609859236,Observed
Germany,2020-06-20,0.890874063539552,0.932273945955837,0.97460087831879,Observed
Germany,2020-06-21,0.863667852532444,0.904485856104837,0.946233062941569,Observed
Germany,2020-06-22,0.84714477590735,0.887810463243143,0.929416080725326,Observed
Germany,2020-06-23,0.840327084571039,0.881210680726506,0.923051712590236,Observed
Germany,2020-06-24,0.841542079064123,0.882936316245012,0.925310382536958,Observed
Germany,2020-06-25,0.848094173283495,0.89018740407367,0.933285789807102,Observed
Germany,2020-06-26,0.856549258857676,0.899407328101402,0.943296923690554,Observed
Germany,2020-06-27,0.863418664394734,0.906988821456859,0.951616366116032,Observed
Germany,2020-06-28,0.866199782521991,0.910346789803944,0.955575618346193,Observed
Germany,2020-06-29,0.864202767619005,0.908770041773764,0.954442056017798,Observed
Germany,2020-06-30,0.858359003797852,0.9032247412273,0.949217304887188,Observed
Germany,2020-07-01,0.850833991397494,0.895952410147359,0.942220038443043,Observed
Germany,2020-07-02,0.844818213732113,0.890248868130173,0.936852564880622,Observed
Germany,2020-07-03,0.844159121792839,0.890080726266602,0.937201436614087,Observed
Germany,2020-07-04,0.852671805935272,0.899370976897716,0.947297605715009,Observed
Germany,2020-07-05,0.873143426049673,0.92096739630585,0.970048481388,Observed
Germany,2020-07-06,0.906137648509375,0.955405727341442,1.00595965718718,Observed
Germany,2020-07-07,0.949424285582929,1.0003231175899,1.05253224465695,Observed
Germany,2020-07-08,0.998343197237902,1.05084592945381,1.10467517819124,Observed
Germany,2020-07-09,1.04679455831591,1.10063314530229,1.15580279552648,Observed
Germany,2020-07-10,1.08896563507072,1.14367600384866,1.19970842695723,Observed
Germany,2020-07-11,1.12112170019089,1.17614912476834,1.23247634307825,Observed
Germany,2020-07-12,1.14228127504575,1.19709656383869,1.25317842687501,Observed
Germany,2020-07-13,1.15371150081852,1.20789297164475,1.26330024776971,Observed
Germany,2020-07-14,1.15774137543155,1.2110033723146,1.26544635116884,Observed
Germany,2020-07-15,1.15678030100801,1.20896129058794,1.26227724815121,Observed
Germany,2020-07-16,1.15308585324616,1.20412432391619,1.25625253489002,Observed
Germany,2020-07-17,1.14863232944851,1.19854044863843,1.2494950290589,Observed
Germany,2020-07-18,1.14472277725648,1.19355546896502,1.24339381971777,Observed
Germany,2020-07-19,1.14164126110676,1.18946268635911,1.23825151787102,Observed
Germany,2020-07-20,1.13877985041004,1.18563808581498,1.23342782165888,Observed
Germany,2020-07-21,1.13548784433546,1.18141253201648,1.22823487674531,Observed
Germany,2020-07-22,1.13179543132526,1.17681357088559,1.2226973758826,Observed
Germany,2020-07-23,1.12841473368882,1.17256659214928,1.2175538810285,Observed
Germany,2020-07-24,1.12613888071605,1.16947962153986,1.21362725991672,Observed
Germany,2020-07-25,1.12525852872203,1.16784612402769,1.21121367137181,Observed
Germany,2020-07-26,1.12555708346461,1.1674398376364,1.21007697610638,Observed
Germany,2020-07-27,1.12671748770852,1.16793089020565,1.20987423172275,Observed
Germany,2020-07-28,1.12856708223505,1.16913714825802,1.21041360218797,Observed
Germany,2020-07-29,1.1310310343156,1.17097763245825,1.2116077939858,Observed
Germany,2020-07-30,1.13397478325973,1.17331192047417,1.21331040608516,Observed
Germany,2020-07-31,1.13710642609074,1.17584046680927,1.21521416365526,Observed
Germany,2020-08-01,1.14010711251172,1.17823729771186,1.21698590752352,Observed
Germany,2020-08-02,1.14273052883792,1.18025146382561,1.21837002366373,Observed
Germany,2020-08-03,1.14477417408678,1.18167793045264,1.21915895090166,Observed
Germany,2020-08-04,1.14610668350649,1.18238508712222,1.21922086828127,Observed
Germany,2020-08-05,1.14668145491112,1.18232817849978,1.2185129192615,Observed
Germany,2020-08-06,1.14638724592091,1.18139721200609,1.21692641930954,Observed
Germany,2020-08-07,1.14497923039362,1.17934680389664,1.21421548339737,Observed
Germany,2020-08-08,1.14200957858882,1.17572590635969,1.20992590054449,Observed
Germany,2020-08-09,1.13687717931619,1.16992875558602,1.20344731682703,Observed
Germany,2020-08-10,1.12910283465644,1.16147453335913,1.19429737685028,Observed
Germany,2020-08-11,1.11845252285731,1.15013246250046,1.18224866059443,Observed
Germany,2020-08-12,1.10494102296555,1.13592496890949,1.16733137721439,Observed
Germany,2020-08-13,1.08877497305342,1.11906906262507,1.14977305233204,Observed
Germany,2020-08-14,1.0703907626573,1.10001392162409,1.13003578661108,Observed
Germany,2020-08-15,1.05041514689742,1.07940040164525,1.10877465056529,Observed
Germany,2020-08-16,1.02960308800052,1.05799769671554,1.08677315650419,Observed
Germany,2020-08-17,1.00881167902368,1.03667675563741,1.06491616194144,Observed
Germany,2020-08-18,0.988872998341737,1.01628140681501,1.04405926093347,Observed
Germany,2020-08-19,0.970570924711981,0.997604940958286,1.02500513150076,Observed
Germany,2020-08-20,0.954647949962685,0.981397193074887,1.00851088621619,Observed
Germany,2020-08-21,0.941759902431388,0.968318814113105,0.995241891968443,Observed
Germany,2020-08-22,0.932440702259311,0.958905574645355,0.985735620088002,Observed
Germany,2020-08-23,0.927178759177866,0.953645783990212,0.980480084335995,Observed
Germany,2020-08-24,0.926472541445449,0.953036575023101,0.979970840243441,Observed
Germany,2020-08-25,0.930737710961556,0.957489497148503,0.984615033326432,Observed
Germany,2020-08-26,0.9400203708957,0.967039250943223,0.994435616502809,Observed
Germany,2020-08-27,0.953667981792105,0.981009695673484,1.00873245149439,Observed
Germany,2020-08-28,0.970296674151807,0.997981487827845,1.02605029757372,Observed
Germany,2020-08-29,0.988124203458215,1.01613196800164,1.04452568504895,Observed
Germany,2020-08-30,1.00539924213997,1.03367343875651,1.06233424995213,Observed
Germany,2020-08-31,1.02082788269837,1.04928788941253,1.07813373497852,Observed
Germany,2020-09-01,1.03378182222022,1.06233859665347,1.09127901904586,Observed
Germany,2020-09-02,1.04427853665732,1.07284871071145,1.10179908279947,Observed
Germany,2020-09-03,1.05275025008476,1.08126465006611,1.11015476833401,Observed
Germany,2020-09-04,1.06034430501823,1.08875793965266,1.11754202299295,Observed
Germany,2020-09-05,1.0682935904545,1.09658502472518,1.12524105193765,Observed
Germany,2020-09-06,1.0771258941863,1.10528461561847,1.13380161627864,Observed
Germany,2020-09-07,1.08645327987874,1.11446424723904,1.14282676291415,Observed
Germany,2020-09-08,1.0945888881736,1.12241423330781,1.15058396624601,Observed
Germany,2020-09-09,1.09939939623134,1.1269744185007,1.15488623680154,Observed
Germany,2020-09-10,1.09936665221486,1.12661214333268,1.15418648751227,Observed
Germany,2020-09-11,1.09412704296626,1.12096909287855,1.14813189723825,Observed
Germany,2020-09-12,1.08464228288649,1.11103219238529,1.13773488404969,Observed
Germany,2020-09-13,1.07289648953312,1.09882347183137,1.1250556892064,Observed
Germany,2020-09-14,1.0613169932516,1.08681046993848,1.11260230111165,Observed
Germany,2020-09-15,1.05228347199072,1.07740716058618,1.10282311965129,Observed
Germany,2020-09-16,1.04761865460221,1.07245762692128,1.09758357856379,Observed
Germany,2020-09-17,1.04821157771119,1.07285507405376,1.09778091885181,Observed
Germany,2020-09-18,1.05402703241297,1.07855265301098,1.10335641787821,Observed
Germany,2020-09-19,1.06433817565785,1.08880095940555,1.11353782191065,Observed
Germany,2020-09-20,1.07809469187227,1.1025229979066,1.12722116691078,Observed
Germany,2020-09-21,1.09430079276037,1.118698684679,1.14336182933619,Observed
Germany,2020-09-22,1.11222134693444,1.13657455080166,1.16118783006368,Observed
Germany,2020-09-23,1.13142287855599,1.15570534954915,1.180242054124,Observed
Germany,2020-09-24,1.1517541048218,1.17593371695221,1.20036102122744,Observed
Germany,2020-09-25,1.17313433094215,1.19717537256109,1.22145687286748,Observed
Germany,2020-09-26,1.1954472923001,1.21931112080369,1.24340751535733,Observed
Germany,2020-09-27,1.2184856231731,1.24213047369662,1.26599938707822,Observed
Germany,2020-09-28,1.24188149575473,1.26526177012516,1.28885705591102,Observed
Germany,2020-09-29,1.26517621466789,1.28824283155322,1.31151493721269,Observed
Germany,2020-09-30,1.28782084176359,1.31052199416295,1.33341873479148,Observed
Germany,2020-10-01,1.30920701794318,1.33148949162887,1.35395738364876,Observed
Germany,2020-10-02,1.32875706770929,1.35056840738097,1.3725548464278,Observed
Germany,2020-10-03,1.34604775333166,1.36733924116585,1.38879548707496,Observed
Germany,2020-10-04,1.36088128741579,1.38161093667005,1.4024951063779,Observed
Germany,2020-10-05,1.37325458448812,1.39338910412774,1.41366812708898,Observed
Germany,2020-10-06,1.38324837631915,1.40276353486746,1.42241349989011,Observed
Germany,2020-10-07,1.39090195477668,1.40978154748406,1.42878664829944,Observed
Germany,2020-10-08,1.39629806126115,1.4145332849914,1.43288517329087,Observed
Germany,2020-10-09,1.3993429676081,1.41693037999267,1.43462610564155,Observed
Germany,2020-10-10,1.39975361661786,1.41669329586267,1.4337334510983,Observed
Germany,2020-10-11,1.39720410059458,1.41349903935504,1.42988714142211,Observed
Germany,2020-10-12,1.39139085486136,1.40704696390111,1.42278945176368,Observed
Germany,2020-10-13,1.38232229577712,1.3973500149271,1.41245785549308,Observed
Germany,2020-10-14,1.37039859651493,1.38481455174836,1.39930489251529,Observed
Germany,2020-10-15,1.35625648281438,1.37008378641791,1.38398024962262,Observed
Germany,2020-10-16,1.34064943394894,1.35391695217637,1.36724889455387,Observed
Germany,2020-10-17,1.3243079803691,1.33704876213552,1.34984969559741,Observed
Germany,2020-10-18,1.30784779242389,1.32009719008581,1.33240289606947,Predicted
Germany,2020-10-19,1.29176955858819,1.30356364562035,1.31541058879354,Predicted
Germany,2020-10-20,1.27641877025402,1.28779291516639,1.29921681591829,Predicted
Germany,2020-10-21,1.26199779048245,1.27298560548343,1.28402038917438,Predicted
Germany,2020-10-22,1.24690557423407,1.25753107719337,1.26820103818728,Predicted
Germany,2020-10-23,1.22743336839633,1.23770292533478,1.24801467369457,Predicted
Germany,2020-10-24,1.20004770495666,1.20995286845338,1.21989818033619,Predicted
Switzerland,2020-03-04,2.54724597959349,2.76582597019319,2.99327488996616,Observed
Switzerland,2020-03-05,2.50183634851536,2.69305789678919,2.89122117081823,Observed
Switzerland,2020-03-06,2.45746190369382,2.62536477831603,2.79873735702169,Observed
Switzerland,2020-03-07,2.4155647079858,2.56357861635209,2.71593154243798,Observed
Switzerland,2020-03-08,2.37125521833671,2.50210630809383,2.63642204841882,Observed
Switzerland,2020-03-09,2.31584035737392,2.43160339812354,2.55015005205599,Observed
Switzerland,2020-03-10,2.24225547569286,2.34456793055118,2.44913084635044,Observed
Switzerland,2020-03-11,2.14814718766706,2.23843568427348,2.33055676545345,Observed
Switzerland,2020-03-12,2.0363266331857,2.11595504163724,2.19708927565488,Observed
Switzerland,2020-03-13,1.91215350436565,1.9824550218568,2.05400792545649,Observed
Switzerland,2020-03-14,1.78145106968719,1.84370221267224,1.90700748659303,Observed
Switzerland,2020-03-15,1.65008060299376,1.70547685151856,1.76177492627221,Observed
Switzerland,2020-03-16,1.52317990168052,1.57281581986289,1.62323646592664,Observed
Switzerland,2020-03-17,1.4050400591256,1.44990286506345,1.49546086035459,Observed
Switzerland,2020-03-18,1.29883101425216,1.33979983036794,1.38139591876639,Observed
Switzerland,2020-03-19,1.20642526652595,1.24427275196556,1.28269662187386,Observed
Switzerland,2020-03-20,1.12847278793647,1.16386905786371,1.19980429659133,Observed
Switzerland,2020-03-21,1.06455496889856,1.09807229861104,1.13210188200452,Observed
Switzerland,2020-03-22,1.01333522339545,1.04545195218794,1.07806274015491,Observed
Switzerland,2020-03-23,0.972820558932145,1.00392549174653,1.03551307789092,Observed
Switzerland,2020-03-24,0.940729681259183,0.971129203463697,1.0020053817548,Observed
Switzerland,2020-03-25,0.9147905042668,0.94471825276509,0.975120983219113,Observed
Switzerland,2020-03-26,0.893032542563775,0.922662342635493,0.952768948571464,Observed
Switzerland,2020-03-27,0.87392595274242,0.903386032664593,0.933327651004169,Observed
Switzerland,2020-03-28,0.856243151475928,0.885627074217872,0.915499795908348,Observed
Switzerland,2020-03-29,0.83902705365048,0.868402886180488,0.898277102289326,Observed
Switzerland,2020-03-30,0.82160700623132,0.85102574106697,0.880954714584818,Observed
Switzerland,2020-03-31,0.803470218200789,0.832971208746888,0.862996642522974,Observed
Switzerland,2020-04-01,0.78417976018629,0.813793915427589,0.843949266727963,Observed
Switzerland,2020-04-02,0.763423300615351,0.793176553401165,0.823490618227897,Observed
Switzerland,2020-04-03,0.741122323766352,0.771041046384424,0.801543500006586,Observed
Switzerland,2020-04-04,0.717796797752836,0.747921104816359,0.778655945032938,Observed
Switzerland,2020-04-05,0.694782400167637,0.725186063684966,0.756231673960364,Observed
Switzerland,2020-04-06,0.673913044669166,0.704719201723746,0.736204176450834,Observed
Switzerland,2020-04-07,0.657034975770447,0.688421589821449,0.720530219741548,Observed
Switzerland,2020-04-08,0.645428100403663,0.677617588797957,0.710579370174628,Observed
Switzerland,2020-04-09,0.639307701949168,0.672539116190741,0.706600658123038,Observed
Switzerland,2020-04-10,0.63790769596758,0.672404673978465,0.707797263221148,Observed
Switzerland,2020-04-11,0.6398584790232,0.67580365500445,0.712717267841277,Observed
Switzerland,2020-04-12,0.643428948765153,0.680945277654324,0.719509620164748,Observed
Switzerland,2020-04-13,0.646898588612643,0.686043827302852,0.726322735362059,Observed
Switzerland,2020-04-14,0.648879729063395,0.689654650036943,0.731654469436691,Observed
Switzerland,2020-04-15,0.64867774042016,0.691050174203343,0.734744200677152,Observed
Switzerland,2020-04-16,0.646706234201367,0.690653457061073,0.736024866246237,Observed
Switzerland,2020-04-17,0.644309394827753,0.689859434623743,0.736943117582717,Observed
Switzerland,2020-04-18,0.642959022068165,0.690204711802404,0.739101619843678,Observed
Switzerland,2020-04-19,0.643444370434434,0.692521978470718,0.743377625874421,Observed
Switzerland,2020-04-20,0.645400022561041,0.696440433976742,0.749395562534574,Observed
Switzerland,2020-04-21,0.647533295908714,0.700614307643332,0.755756546711614,Observed
Switzerland,2020-04-22,0.648291328041749,0.703416014818261,0.760757893783938,Observed
Switzerland,2020-04-23,0.646315204522814,0.703415011641171,0.76289728219322,Observed
Switzerland,2020-04-24,0.640604038461308,0.699555875915826,0.761065439789963,Observed
Switzerland,2020-04-25,0.630703033930938,0.691359227644879,0.754760337174838,Observed
Switzerland,2020-04-26,0.616965891975927,0.67919984132447,0.744381214647564,Observed
Switzerland,2020-04-27,0.600791687438325,0.664560637582848,0.731499717185968,Observed
Switzerland,2020-04-28,0.584401300678608,0.649805819129237,0.718629524226882,Observed
Switzerland,2020-04-29,0.57015704664064,0.637468633311699,0.708481669103877,Observed
Switzerland,2020-04-30,0.559938774336745,0.629587256095573,0.703259256726605,Observed
Switzerland,2020-05-01,0.554932199227617,0.627467603209525,0.704393636881893,Observed
Switzerland,2020-05-02,0.555629184862231,0.63166909647573,0.712514633882156,Observed
Switzerland,2020-05-03,0.561786256030461,0.641947421054839,0.727376756177158,Observed
Switzerland,2020-05-04,0.572335444856128,0.657148303572723,0.747735443273752,Observed
Switzerland,2020-05-05,0.585344971477532,0.675158685549123,0.771288856238075,Observed
Switzerland,2020-05-06,0.598345622596474,0.693258569581292,0.795056291734132,Observed
Switzerland,2020-05-07,0.609025809843659,0.708882097967149,0.816207558107065,Observed
Switzerland,2020-05-08,0.615765961722995,0.720215787355173,0.832728004952371,Observed
Switzerland,2020-05-09,0.617652013609162,0.726232373428665,0.843475118208199,Observed
Switzerland,2020-05-10,0.614381879499644,0.726596456728731,0.848084217929745,Observed
Switzerland,2020-05-11,0.606305665758255,0.721706303776303,0.847011408960398,Observed
Switzerland,2020-05-12,0.594556128605774,0.71283455798585,0.841683544525592,Observed
Switzerland,2020-05-13,0.580993302685248,0.70207141021588,0.834438679726006,Observed
Switzerland,2020-05-14,0.567780657276684,0.691863548879084,0.8280260343014,Observed
Switzerland,2020-05-15,0.55683859693914,0.684407314442647,0.824936268571569,Observed
Switzerland,2020-05-16,0.54976983644544,0.681552337134745,0.827280441048466,Observed
Switzerland,2020-05-17,0.548119942812264,0.685078934855268,0.83708154078257,Observed
Switzerland,2020-05-18,0.553377175321195,0.696688211764409,0.85625223822581,Observed
Switzerland,2020-05-19,0.566382415825973,0.717319890997514,0.885817328981652,Observed
Switzerland,2020-05-20,0.586445952771045,0.746122397786805,0.924733364658601,Observed
Switzerland,2020-05-21,0.610993909460017,0.780025569183702,0.969386299190486,Observed
Switzerland,2020-05-22,0.636513127341499,0.814822879808072,1.0148166209719,Observed
Switzerland,2020-05-23,0.659986572997381,0.846860437757294,1.05667580544841,Observed
Switzerland,2020-05-24,0.679556620170561,0.87386548143318,1.0922359194498,Observed
Switzerland,2020-05-25,0.694585081337697,0.89505553157991,1.12055613910166,Observed
Switzerland,2020-05-26,0.705731229166249,0.911219219943621,1.14256372634786,Observed
Switzerland,2020-05-27,0.715182316988037,0.924942875971835,1.16126730477369,Observed
Switzerland,2020-05-28,0.726482847017433,0.940372399303861,1.18143986825033,Observed
Switzerland,2020-05-29,0.743310988948992,0.961767070850091,1.20793798742802,Observed
Switzerland,2020-05-30,0.76773961276732,0.991459763863976,1.24335024094084,Observed
Switzerland,2020-05-31,0.79942169218403,1.0288990346478,1.28689112319893,Observed
Switzerland,2020-06-01,0.836085558727424,1.07124824277299,1.3351108603853,Observed
Switzerland,2020-06-02,0.874550404461806,1.11463132161892,1.38338897806644,Observed
Switzerland,2020-06-03,0.911004272364776,1.15455242937784,1.42651484006346,Observed
Switzerland,2020-06-04,0.941118415332002,1.18610069780093,1.45899422102588,Observed
Switzerland,2020-06-05,0.96049544766785,1.20448396639193,1.47567039817229,Observed
Switzerland,2020-06-06,0.966702850946922,1.20728725877045,1.4742028590685,Observed
Switzerland,2020-06-07,0.961469817489143,1.19685434688686,1.45762449957927,Observed
Switzerland,2020-06-08,0.950248745215853,1.17968739540183,1.43356478582314,Observed
Switzerland,2020-06-09,0.939606585920759,1.1634290738413,1.41080413549103,Observed
Switzerland,2020-06-10,0.934560593654199,1.15382447512487,1.39584788584439,Observed
Switzerland,2020-06-11,0.937675103117731,1.15370585748439,1.39179601300794,Observed
Switzerland,2020-06-12,0.95051335182693,1.16464457568902,1.40020276866774,Observed
Switzerland,2020-06-13,0.975347663687299,1.18889512740363,1.42326654760245,Observed
Switzerland,2020-06-14,1.01456911435762,1.22876057554354,1.46315969002567,Observed
Switzerland,2020-06-15,1.06881917869019,1.28453216037711,1.51977882119914,Observed
Switzerland,2020-06-16,1.1353929179483,1.35277645216747,1.5889185567182,Observed
Switzerland,2020-06-17,1.20818281327226,1.42639837278267,1.6624621687369,Observed
Switzerland,2020-06-18,1.28004700892726,1.4973831756811,1.73151013053778,Observed
Switzerland,2020-06-19,1.34434030381403,1.55856004012284,1.78838464989999,Observed
Switzerland,2020-06-20,1.3948299730176,1.60351572485652,1.8265369015563,Observed
Switzerland,2020-06-21,1.42580764698572,1.62664291616464,1.84051832134436,Observed
Switzerland,2020-06-22,1.43286787108733,1.62386641032386,1.82664123156482,Observed
Switzerland,2020-06-23,1.41472780112638,1.59446512904488,1.78479493142759,Observed
Switzerland,2020-06-24,1.37399024135007,1.54176506059246,1.71906449232182,Observed
Switzerland,2020-06-25,1.31654184295699,1.47241145012269,1.63687530286507,Observed
Switzerland,2020-06-26,1.24962391229462,1.39429030939825,1.54676581272937,Observed
Switzerland,2020-06-27,1.18011749220168,1.31473386386282,1.45651589891903,Observed
Switzerland,2020-06-28,1.11398761540938,1.23998278465125,1.37263080184032,Observed
Switzerland,2020-06-29,1.05585855028636,1.17479123595105,1.29997953257584,Observed
Switzerland,2020-06-30,1.0089087509407,1.12235596446656,1.24176045841494,Observed
Switzerland,2020-07-01,0.974874438248365,1.08434223131892,1.19955076248669,Observed
Switzerland,2020-07-02,0.953718950833943,1.06054377183906,1.1729574627671,Observed
Switzerland,2020-07-03,0.943745284994499,1.04900441281459,1.15974833544825,Observed
Switzerland,2020-07-04,0.942135598814556,1.04659294478326,1.15646273057436,Observed
Switzerland,2020-07-05,0.945599372764704,1.04969805678856,1.15915433637879,Observed
Switzerland,2020-07-06,0.951252729902108,1.05516797499968,1.16439230735443,Observed
Switzerland,2020-07-07,0.95713556477537,1.06086327252666,1.16985052526906,Observed
Switzerland,2020-07-08,0.962144684781987,1.06558529314753,1.17423122582086,Observed
Switzerland,2020-07-09,0.965868756295678,1.06889301180385,1.17706288547712,Observed
Switzerland,2020-07-10,0.968569368154335,1.07107071918902,1.17865336330325,Observed
Switzerland,2020-07-11,0.971071926029768,1.07300204638241,1.17994604126461,Observed
Switzerland,2020-07-12,0.974656376762208,1.07604582031421,1.1823800098319,Observed
Switzerland,2020-07-13,0.980669595046961,1.08162121723237,1.18744737647002,Observed
Switzerland,2020-07-14,0.989925319431196,1.09057237870529,1.19602214976851,Observed
Switzerland,2020-07-15,1.00273886582492,1.10320415873095,1.20839694860743,Observed
Switzerland,2020-07-16,1.01900846759503,1.11937192594702,1.22438166581513,Observed
Switzerland,2020-07-17,1.03819431420824,1.13846695522185,1.24329583204311,Observed
Switzerland,2020-07-18,1.05919334503192,1.15929339583618,1.26384833057433,Observed
Switzerland,2020-07-19,1.07982005906063,1.17953443937813,1.28358940520348,Observed
Switzerland,2020-07-20,1.09684340047512,1.19580332359241,1.29897624761692,Observed
Switzerland,2020-07-21,1.10689373893931,1.2046031732797,1.30638625450388,Observed
Switzerland,2020-07-22,1.10746435883152,1.20337721730072,1.3032163623423,Observed
Switzerland,2020-07-23,1.09773312836002,1.19135755969381,1.28875866851391,Observed
Switzerland,2020-07-24,1.07870891358585,1.16969858580349,1.26431988231797,Observed
Switzerland,2020-07-25,1.05284818104756,1.14105589030087,1.2327613234965,Observed
Switzerland,2020-07-26,1.02372538740474,1.10922693744111,1.19810879454928,Observed
Switzerland,2020-07-27,0.995630293841979,1.07872461780004,1.16510177486505,Observed
Switzerland,2020-07-28,0.9729804458914,1.05416464451948,1.1385554615071,Observed
Switzerland,2020-07-29,0.959468773947384,1.03937832896148,1.12243857997784,Observed
Switzerland,2020-07-30,0.957373020216309,1.03669239838649,1.11912354029301,Observed
Switzerland,2020-07-31,0.96705254736746,1.04640511611051,1.12884204198787,Observed
Switzerland,2020-08-01,0.986846355177989,1.06668642803065,1.14958791599646,Observed
Switzerland,2020-08-02,1.01343689413188,1.09397265810469,1.1775437582709,Observed
Switzerland,2020-08-03,1.04246395512253,1.12362903691407,1.20779352571115,Observed
Switzerland,2020-08-04,1.06938133414468,1.15086440806192,1.2352966783619,Observed
Switzerland,2020-08-05,1.09039068247659,1.17171622725956,1.25592518568455,Observed
Switzerland,2020-08-06,1.10324086618918,1.18387977155578,1.2673225794051,Observed
Switzerland,2020-08-07,1.10750771490398,1.18698312210074,1.26917333669758,Observed
Switzerland,2020-08-08,1.10444147149865,1.18240600954476,1.26299183351628,Observed
Switzerland,2020-08-09,1.09643908084644,1.17271109880746,1.25151138137716,Observed
Switzerland,2020-08-10,1.08626601759341,1.1608233310505,1.23782021645364,Observed
Switzerland,2020-08-11,1.0764633008948,1.14940969318055,1.22471362543777,Observed
Switzerland,2020-08-12,1.06889589336337,1.14041257309018,1.2142122667012,Observed
Switzerland,2020-08-13,1.06444365695963,1.13473528315534,1.20724252933663,Observed
Switzerland,2020-08-14,1.06302172279221,1.13227047126508,1.20367338309857,Observed
Switzerland,2020-08-15,1.0636771716081,1.13200848340369,1.20243687495627,Observed
Switzerland,2020-08-16,1.06490840795731,1.13237529982296,1.20188505558165,Observed
Switzerland,2020-08-17,1.06522460018446,1.13181621666792,1.20039824907868,Observed
Switzerland,2020-08-18,1.06357750980093,1.12924448642547,1.19685070656133,Observed
Switzerland,2020-08-19,1.05958532112561,1.12427136251518,1.1908468638302,Observed
Switzerland,2020-08-20,1.05347606221896,1.11714388751186,1.18265331593394,Observed
Switzerland,2020-08-21,1.0459638046765,1.10861214482032,1.17305685741952,Observed
Switzerland,2020-08-22,1.03819658824929,1.09987090999846,1.16329962016133,Observed
Switzerland,2020-08-23,1.03156393258282,1.09235808695178,1.15486826333728,Observed
Switzerland,2020-08-24,1.02732191624469,1.08736662552511,1.14909261554232,Observed
Switzerland,2020-08-25,1.02615561988215,1.08559337030367,1.14668087375373,Observed
Switzerland,2020-08-26,1.02791088944054,1.08686421028737,1.14743817716819,Observed
Switzerland,2020-08-27,1.03189134733572,1.09044301388341,1.15058762187724,Observed
Switzerland,2020-08-28,1.03763584667793,1.09583564265778,1.15560107334163,Observed
Switzerland,2020-08-29,1.04516853405262,1.10305017564584,1.16246974797169,Observed
Switzerland,2020-08-30,1.05412215204294,1.11169627698596,1.17077966675231,Observed
Switzerland,2020-08-31,1.0630549286148,1.12028293483688,1.17899014589443,Observed
Switzerland,2020-09-01,1.06960944629838,1.1263839824338,1.18460598161544,Observed
Switzerland,2020-09-02,1.07110646458859,1.1272529769125,1.18481358107254,Observed
Switzerland,2020-09-03,1.06671141243712,1.12204978713147,1.17876786197751,Observed
Switzerland,2020-09-04,1.05710390176556,1.1114996059598,1.1672407956029,Observed
Switzerland,2020-09-05,1.04318094123445,1.09655529159655,1.15124255114993,Observed
Switzerland,2020-09-06,1.02610505541109,1.07843809202557,1.13205441517163,Observed
Switzerland,2020-09-07,1.0068150108926,1.05813223623193,1.11070707436651,Observed
Switzerland,2020-09-08,0.986824307290149,1.03720351686788,1.08881928833767,Observed
Switzerland,2020-09-09,0.968352721503935,1.01793576538226,1.06873935426786,Observed
Switzerland,2020-09-10,0.953070561191452,1.00204365665352,1.05222643872675,Observed
Switzerland,2020-09-11,0.941248364909241,0.989798881404829,1.03955311619834,Observed
Switzerland,2020-09-12,0.932207036011772,0.980491575216149,1.02997810168717,Observed
Switzerland,2020-09-13,0.925235416732388,0.973375235596287,1.02271871330246,Observed
Switzerland,2020-09-14,0.920478926042277,0.968583231480464,1.01789549610914,Observed
Switzerland,2020-09-15,0.919209886590005,0.967408546150591,1.01682147947219,Observed
Switzerland,2020-09-16,0.923334880882917,0.97179616957986,1.02147948717683,Observed
Switzerland,2020-09-17,0.934726858511958,0.983651801912278,1.03380717559757,Observed
Switzerland,2020-09-18,0.954758694638389,1.00435676019665,1.05519305141116,Observed
Switzerland,2020-09-19,0.984069005361886,1.0345240064945,1.0862226327403,Observed
Switzerland,2020-09-20,1.0223019921076,1.07373211259644,1.12640664977116,Observed
Switzerland,2020-09-21,1.06819167083998,1.12061734341516,1.17428126620494,Observed
Switzerland,2020-09-22,1.11981220861029,1.1731400721647,1.22769097601299,Observed
Switzerland,2020-09-23,1.17495209411663,1.22897938382058,1.2842040505248,Observed
Switzerland,2020-09-24,1.2309850825698,1.28541105554891,1.3409978338607,Observed
Switzerland,2020-09-25,1.28515742671123,1.33960818007845,1.39517282480051,Observed
Switzerland,2020-09-26,1.33506166689915,1.38912743032419,1.44425130860763,Observed
Switzerland,2020-09-27,1.37898208861452,1.4322583991355,1.48653033449611,Observed
Switzerland,2020-09-28,1.4164229189027,1.46855335564229,1.5216126864999,Observed
Switzerland,2020-09-29,1.4479733590039,1.49867714911241,1.55024129576641,Observed
Switzerland,2020-09-30,1.47488360723886,1.52396358336095,1.57383566186287,Observed
Switzerland,2020-10-01,1.49860540966051,1.54593995515199,1.59400020854471,Observed
Switzerland,2020-10-02,1.52043697883199,1.56596323117726,1.61215170082227,Observed
Switzerland,2020-10-03,1.54123563593556,1.58492958402289,1.62922575997176,Observed
Switzerland,2020-10-04,1.56117630526978,1.60303341261064,1.64543653514323,Observed
Switzerland,2020-10-05,1.5796269911252,1.61964649941265,1.66015966454985,Observed
Switzerland,2020-10-06,1.59524007686046,1.63341598212646,1.67203702213846,Observed
Switzerland,2020-10-07,1.60656198593697,1.64288542713431,1.67960927439241,Observed
Switzerland,2020-10-08,1.61204352128211,1.64650657790416,1.68132907002703,Observed
Switzerland,2020-10-09,1.61039610228623,1.64299881763197,1.67592372153967,Observed
Switzerland,2020-10-10,1.60101546618609,1.63177476805921,1.66282268320455,Observed
Switzerland,2020-10-11,1.5840215825801,1.6129771798823,1.64219139884888,Observed
Switzerland,2020-10-12,1.56048412194617,1.58770307745962,1.61515410672537,Observed
Switzerland,2020-10-13,1.53217974884192,1.5577560808708,1.58354118476667,Observed
Switzerland,2020-10-14,1.50106490388491,1.52511341657279,1.54935039308441,Observed
Switzerland,2020-10-15,1.46894005193789,1.49158782417617,1.5144064519133,Observed
Switzerland,2020-10-16,1.43722961828628,1.45860737733585,1.48014076819502,Observed
Switzerland,2020-10-17,,,,Observed
Switzerland,2020-10-18,1.40691868253952,1.4271538027892,1.44753140164587,Predicted
Switzerland,2020-10-19,1.37863674609622,1.3978488021736,1.41719195808842,Predicted
Switzerland,2020-10-20,1.35269293096462,1.37099097840998,1.38941025399972,Predicted
Switzerland,2020-10-21,1.32915905572512,1.34664047405377,1.36423452162239,Predicted
Switzerland,2020-10-22,1.30583733326112,1.32257429921804,1.33941636745646,Predicted
Switzerland,2020-10-23,1.27804503561305,1.29407179706323,1.31019703974402,Predicted
Switzerland,2020-10-24,1.24153532886274,1.25685609763363,1.27226951815986,Predicted
