"data_version","target","date","location","type","quantile","value"
"2020-10-18","3 day R","2020-02-03","DE","point","NA",0.291931516407972
"2020-10-18","3 day R","2020-02-03","DE","quantile","0.025",0.0040369084059568
"2020-10-18","3 day R","2020-02-03","DE","quantile","97.5",1.21225622489851
"2020-10-18","3 day R","2020-02-04","DE","point","NA",0.264068795204437
"2020-10-18","3 day R","2020-02-04","DE","quantile","0.025",0.000439930726713665
"2020-10-18","3 day R","2020-02-04","DE","quantile","97.5",1.1746226170104
"2020-10-18","3 day R","2020-02-05","DE","point","NA",0.24184859951562
"2020-10-18","3 day R","2020-02-05","DE","quantile","0.025",0.000122407910766622
"2020-10-18","3 day R","2020-02-05","DE","quantile","97.5",1.34005781860495
"2020-10-18","3 day R","2020-02-06","DE","point","NA",0.219292606416693
"2020-10-18","3 day R","2020-02-06","DE","quantile","0.025",1.09662092696182e-05
"2020-10-18","3 day R","2020-02-06","DE","quantile","97.5",1.37506249165621
"2020-10-18","3 day R","2020-02-07","DE","point","NA",0.197671839109168
"2020-10-18","3 day R","2020-02-07","DE","quantile","0.025",2.17421483751836e-07
"2020-10-18","3 day R","2020-02-07","DE","quantile","97.5",1.38766635577644
"2020-10-18","3 day R","2020-02-08","DE","point","NA",0.190820034672106
"2020-10-18","3 day R","2020-02-08","DE","quantile","0.025",1.03966136064409e-09
"2020-10-18","3 day R","2020-02-08","DE","quantile","97.5",1.52270554619836
"2020-10-18","3 day R","2020-02-09","DE","point","NA",0.212887366693248
"2020-10-18","3 day R","2020-02-09","DE","quantile","0.025",1.09852691315522e-11
"2020-10-18","3 day R","2020-02-09","DE","quantile","97.5",1.65720622126269
"2020-10-18","3 day R","2020-02-10","DE","point","NA",0.278404145087749
"2020-10-18","3 day R","2020-02-10","DE","quantile","0.025",3.64007264255512e-11
"2020-10-18","3 day R","2020-02-10","DE","quantile","97.5",2.24341458623777
"2020-10-18","3 day R","2020-02-11","DE","point","NA",0.466103503872663
"2020-10-18","3 day R","2020-02-11","DE","quantile","0.025",4.78861088239187e-08
"2020-10-18","3 day R","2020-02-11","DE","quantile","97.5",3.51225900557387
"2020-10-18","3 day R","2020-02-12","DE","point","NA",0.990528528690037
"2020-10-18","3 day R","2020-02-12","DE","quantile","0.025",5.00080007773572e-05
"2020-10-18","3 day R","2020-02-12","DE","quantile","97.5",6.07883395879149
"2020-10-18","3 day R","2020-02-13","DE","point","NA",2.44006812801979
"2020-10-18","3 day R","2020-02-13","DE","quantile","0.025",0.0129736329412054
"2020-10-18","3 day R","2020-02-13","DE","quantile","97.5",10.5257967671238
"2020-10-18","3 day R","2020-02-14","DE","point","NA",4.93274135167797
"2020-10-18","3 day R","2020-02-14","DE","quantile","0.025",0.254160881039368
"2020-10-18","3 day R","2020-02-14","DE","quantile","97.5",16.3905631342982
"2020-10-18","3 day R","2020-02-15","DE","point","NA",7.73702204315767
"2020-10-18","3 day R","2020-02-15","DE","quantile","0.025",1.31629375854717
"2020-10-18","3 day R","2020-02-15","DE","quantile","97.5",19.5824572715968
"2020-10-18","3 day R","2020-02-16","DE","point","NA",8.85989769838411
"2020-10-18","3 day R","2020-02-16","DE","quantile","0.025",2.68168060270553
"2020-10-18","3 day R","2020-02-16","DE","quantile","97.5",18.8021891731944
"2020-10-18","3 day R","2020-02-17","DE","point","NA",8.69528909910925
"2020-10-18","3 day R","2020-02-17","DE","quantile","0.025",3.77931867665485
"2020-10-18","3 day R","2020-02-17","DE","quantile","97.5",15.9246479477058
"2020-10-18","3 day R","2020-02-18","DE","point","NA",8.21847713954286
"2020-10-18","3 day R","2020-02-18","DE","quantile","0.025",4.47169184972268
"2020-10-18","3 day R","2020-02-18","DE","quantile","97.5",13.1304843854713
"2020-10-18","3 day R","2020-02-19","DE","point","NA",7.72072103907825
"2020-10-18","3 day R","2020-02-19","DE","quantile","0.025",4.93592046660872
"2020-10-18","3 day R","2020-02-19","DE","quantile","97.5",11.2132128500786
"2020-10-18","3 day R","2020-02-20","DE","point","NA",7.0357174559425
"2020-10-18","3 day R","2020-02-20","DE","quantile","0.025",4.91402920716372
"2020-10-18","3 day R","2020-02-20","DE","quantile","97.5",9.55911381009007
"2020-10-18","3 day R","2020-02-21","DE","point","NA",6.15274811182818
"2020-10-18","3 day R","2020-02-21","DE","quantile","0.025",4.62167213219482
"2020-10-18","3 day R","2020-02-21","DE","quantile","97.5",7.90518897884069
"2020-10-18","3 day R","2020-02-22","DE","point","NA",5.24975206712609
"2020-10-18","3 day R","2020-02-22","DE","quantile","0.025",4.12001536863135
"2020-10-18","3 day R","2020-02-22","DE","quantile","97.5",6.5063747898989
"2020-10-18","3 day R","2020-02-23","DE","point","NA",4.48025360158013
"2020-10-18","3 day R","2020-02-23","DE","quantile","0.025",3.64877212197853
"2020-10-18","3 day R","2020-02-23","DE","quantile","97.5",5.38756796589992
"2020-10-18","3 day R","2020-02-24","DE","point","NA",3.86051811002241
"2020-10-18","3 day R","2020-02-24","DE","quantile","0.025",3.22897238519894
"2020-10-18","3 day R","2020-02-24","DE","quantile","97.5",4.55285831019554
"2020-10-18","3 day R","2020-02-25","DE","point","NA",3.41698452660901
"2020-10-18","3 day R","2020-02-25","DE","quantile","0.025",2.92558667401094
"2020-10-18","3 day R","2020-02-25","DE","quantile","97.5",3.96087242676429
"2020-10-18","3 day R","2020-02-26","DE","point","NA",3.14178997145735
"2020-10-18","3 day R","2020-02-26","DE","quantile","0.025",2.73772611138105
"2020-10-18","3 day R","2020-02-26","DE","quantile","97.5",3.57326022250432
"2020-10-18","3 day R","2020-02-27","DE","point","NA",2.973017076992
"2020-10-18","3 day R","2020-02-27","DE","quantile","0.025",2.63069800656172
"2020-10-18","3 day R","2020-02-27","DE","quantile","97.5",3.33342254489615
"2020-10-18","3 day R","2020-02-28","DE","point","NA",2.84905436101907
"2020-10-18","3 day R","2020-02-28","DE","quantile","0.025",2.55581984468451
"2020-10-18","3 day R","2020-02-28","DE","quantile","97.5",3.15798357744892
"2020-10-18","3 day R","2020-02-29","DE","point","NA",2.76102803145398
"2020-10-18","3 day R","2020-02-29","DE","quantile","0.025",2.50868684303354
"2020-10-18","3 day R","2020-02-29","DE","quantile","97.5",3.0296362323595
"2020-10-18","3 day R","2020-03-01","DE","point","NA",2.7003791207516
"2020-10-18","3 day R","2020-03-01","DE","quantile","0.025",2.47721973664214
"2020-10-18","3 day R","2020-03-01","DE","quantile","97.5",2.93302512364647
"2020-10-18","3 day R","2020-03-02","DE","point","NA",2.65357556770219
"2020-10-18","3 day R","2020-03-02","DE","quantile","0.025",2.45774597578898
"2020-10-18","3 day R","2020-03-02","DE","quantile","97.5",2.86249088432609
"2020-10-18","3 day R","2020-03-03","DE","point","NA",2.69259662758371
"2020-10-18","3 day R","2020-03-03","DE","quantile","0.025",2.51448037596642
"2020-10-18","3 day R","2020-03-03","DE","quantile","97.5",2.87412322984615
"2020-10-18","3 day R","2020-03-04","DE","point","NA",2.80281063885416
"2020-10-18","3 day R","2020-03-04","DE","quantile","0.025",2.64121883049871
"2020-10-18","3 day R","2020-03-04","DE","quantile","97.5",2.96913242472648
"2020-10-18","3 day R","2020-03-05","DE","point","NA",2.95992234283829
"2020-10-18","3 day R","2020-03-05","DE","quantile","0.025",2.81194742781688
"2020-10-18","3 day R","2020-03-05","DE","quantile","97.5",3.11113435109951
"2020-10-18","3 day R","2020-03-06","DE","point","NA",3.08295740888415
"2020-10-18","3 day R","2020-03-06","DE","quantile","0.025",2.95012549103281
"2020-10-18","3 day R","2020-03-06","DE","quantile","97.5",3.21867330416784
"2020-10-18","3 day R","2020-03-07","DE","point","NA",3.14688019203286
"2020-10-18","3 day R","2020-03-07","DE","quantile","0.025",3.027480419421
"2020-10-18","3 day R","2020-03-07","DE","quantile","97.5",3.26855684596425
"2020-10-18","3 day R","2020-03-08","DE","point","NA",3.15145612503949
"2020-10-18","3 day R","2020-03-08","DE","quantile","0.025",3.04716883999764
"2020-10-18","3 day R","2020-03-08","DE","quantile","97.5",3.25739740300186
"2020-10-18","3 day R","2020-03-09","DE","point","NA",3.07569908303991
"2020-10-18","3 day R","2020-03-09","DE","quantile","0.025",2.98540000639981
"2020-10-18","3 day R","2020-03-09","DE","quantile","97.5",3.16732477185686
"2020-10-18","3 day R","2020-03-10","DE","point","NA",2.92605849059495
"2020-10-18","3 day R","2020-03-10","DE","quantile","0.025",2.84924935039209
"2020-10-18","3 day R","2020-03-10","DE","quantile","97.5",3.00353184671417
"2020-10-18","3 day R","2020-03-11","DE","point","NA",2.72405742260186
"2020-10-18","3 day R","2020-03-11","DE","quantile","0.025",2.6592296670681
"2020-10-18","3 day R","2020-03-11","DE","quantile","97.5",2.7896661751693
"2020-10-18","3 day R","2020-03-12","DE","point","NA",2.51353249374482
"2020-10-18","3 day R","2020-03-12","DE","quantile","0.025",2.45891861651118
"2020-10-18","3 day R","2020-03-12","DE","quantile","97.5",2.56873789473067
"2020-10-18","3 day R","2020-03-13","DE","point","NA",2.3157355678916
"2020-10-18","3 day R","2020-03-13","DE","quantile","0.025",2.26896485430606
"2020-10-18","3 day R","2020-03-13","DE","quantile","97.5",2.36297679906938
"2020-10-18","3 day R","2020-03-14","DE","point","NA",2.13445648843838
"2020-10-18","3 day R","2020-03-14","DE","quantile","0.025",2.0941124087998
"2020-10-18","3 day R","2020-03-14","DE","quantile","97.5",2.17521576470441
"2020-10-18","3 day R","2020-03-15","DE","point","NA",1.96553460002943
"2020-10-18","3 day R","2020-03-15","DE","quantile","0.025",1.93032343950524
"2020-10-18","3 day R","2020-03-15","DE","quantile","97.5",2.00105959450912
"2020-10-18","3 day R","2020-03-16","DE","point","NA",1.80528321437581
"2020-10-18","3 day R","2020-03-16","DE","quantile","0.025",1.77441933481825
"2020-10-18","3 day R","2020-03-16","DE","quantile","97.5",1.83645598067763
"2020-10-18","3 day R","2020-03-17","DE","point","NA",1.66034878314195
"2020-10-18","3 day R","2020-03-17","DE","quantile","0.025",1.63292253948449
"2020-10-18","3 day R","2020-03-17","DE","quantile","97.5",1.68794963827523
"2020-10-18","3 day R","2020-03-18","DE","point","NA",1.53418061099963
"2020-10-18","3 day R","2020-03-18","DE","quantile","0.025",1.50957035809063
"2020-10-18","3 day R","2020-03-18","DE","quantile","97.5",1.55900013899926
"2020-10-18","3 day R","2020-03-19","DE","point","NA",1.43157106408055
"2020-10-18","3 day R","2020-03-19","DE","quantile","0.025",1.40912262920753
"2020-10-18","3 day R","2020-03-19","DE","quantile","97.5",1.45419444090016
"2020-10-18","3 day R","2020-03-20","DE","point","NA",1.350438944424
"2020-10-18","3 day R","2020-03-20","DE","quantile","0.025",1.32961343312458
"2020-10-18","3 day R","2020-03-20","DE","quantile","97.5",1.37142404171432
"2020-10-18","3 day R","2020-03-21","DE","point","NA",1.28557670681756
"2020-10-18","3 day R","2020-03-21","DE","quantile","0.025",1.26608896946727
"2020-10-18","3 day R","2020-03-21","DE","quantile","97.5",1.30521121719369
"2020-10-18","3 day R","2020-03-22","DE","point","NA",1.22979978024261
"2020-10-18","3 day R","2020-03-22","DE","quantile","0.025",1.21135939449377
"2020-10-18","3 day R","2020-03-22","DE","quantile","97.5",1.24837753583192
"2020-10-18","3 day R","2020-03-23","DE","point","NA",1.1786043390332
"2020-10-18","3 day R","2020-03-23","DE","quantile","0.025",1.16105367639471
"2020-10-18","3 day R","2020-03-23","DE","quantile","97.5",1.19628483384796
"2020-10-18","3 day R","2020-03-24","DE","point","NA",1.1288324037578
"2020-10-18","3 day R","2020-03-24","DE","quantile","0.025",1.11211073726169
"2020-10-18","3 day R","2020-03-24","DE","quantile","97.5",1.14567711869206
"2020-10-18","3 day R","2020-03-25","DE","point","NA",1.08189636489214
"2020-10-18","3 day R","2020-03-25","DE","quantile","0.025",1.06579444874786
"2020-10-18","3 day R","2020-03-25","DE","quantile","97.5",1.09811733149123
"2020-10-18","3 day R","2020-03-26","DE","point","NA",1.03845146441053
"2020-10-18","3 day R","2020-03-26","DE","quantile","0.025",1.02286144927782
"2020-10-18","3 day R","2020-03-26","DE","quantile","97.5",1.05415775728923
"2020-10-18","3 day R","2020-03-27","DE","point","NA",0.997782739419067
"2020-10-18","3 day R","2020-03-27","DE","quantile","0.025",0.982709654388083
"2020-10-18","3 day R","2020-03-27","DE","quantile","97.5",1.01298026302052
"2020-10-18","3 day R","2020-03-28","DE","point","NA",0.960505651119744
"2020-10-18","3 day R","2020-03-28","DE","quantile","0.025",0.945761571723549
"2020-10-18","3 day R","2020-03-28","DE","quantile","97.5",0.975362190591776
"2020-10-18","3 day R","2020-03-29","DE","point","NA",0.922619393501805
"2020-10-18","3 day R","2020-03-29","DE","quantile","0.025",0.908192132282092
"2020-10-18","3 day R","2020-03-29","DE","quantile","97.5",0.937158771461051
"2020-10-18","3 day R","2020-03-30","DE","point","NA",0.880756166011894
"2020-10-18","3 day R","2020-03-30","DE","quantile","0.025",0.866622203950763
"2020-10-18","3 day R","2020-03-30","DE","quantile","97.5",0.895002870260302
"2020-10-18","3 day R","2020-03-31","DE","point","NA",0.837811369792562
"2020-10-18","3 day R","2020-03-31","DE","quantile","0.025",0.823930519564707
"2020-10-18","3 day R","2020-03-31","DE","quantile","97.5",0.851806563978257
"2020-10-18","3 day R","2020-04-01","DE","point","NA",0.798129948722052
"2020-10-18","3 day R","2020-04-01","DE","quantile","0.025",0.784428041107891
"2020-10-18","3 day R","2020-04-01","DE","quantile","97.5",0.811948845613434
"2020-10-18","3 day R","2020-04-02","DE","point","NA",0.763970458046307
"2020-10-18","3 day R","2020-04-02","DE","quantile","0.025",0.75039646975715
"2020-10-18","3 day R","2020-04-02","DE","quantile","97.5",0.777664431193059
"2020-10-18","3 day R","2020-04-03","DE","point","NA",0.737319452867609
"2020-10-18","3 day R","2020-04-03","DE","quantile","0.025",0.723636958293784
"2020-10-18","3 day R","2020-04-03","DE","quantile","97.5",0.751128314724658
"2020-10-18","3 day R","2020-04-04","DE","point","NA",0.719910207631471
"2020-10-18","3 day R","2020-04-04","DE","quantile","0.025",0.706092828168576
"2020-10-18","3 day R","2020-04-04","DE","quantile","97.5",0.733870138360126
"2020-10-18","3 day R","2020-04-05","DE","point","NA",0.710103779600669
"2020-10-18","3 day R","2020-04-05","DE","quantile","0.025",0.69592599282791
"2020-10-18","3 day R","2020-04-05","DE","quantile","97.5",0.724436915183182
"2020-10-18","3 day R","2020-04-06","DE","point","NA",0.705818430298516
"2020-10-18","3 day R","2020-04-06","DE","quantile","0.025",0.691288952444224
"2020-10-18","3 day R","2020-04-06","DE","quantile","97.5",0.720496915781035
"2020-10-18","3 day R","2020-04-07","DE","point","NA",0.704812158913965
"2020-10-18","3 day R","2020-04-07","DE","quantile","0.025",0.68972332325729
"2020-10-18","3 day R","2020-04-07","DE","quantile","97.5",0.720061992025777
"2020-10-18","3 day R","2020-04-08","DE","point","NA",0.706681447852086
"2020-10-18","3 day R","2020-04-08","DE","quantile","0.025",0.6910915077125
"2020-10-18","3 day R","2020-04-08","DE","quantile","97.5",0.722491397502954
"2020-10-18","3 day R","2020-04-09","DE","point","NA",0.715814400378855
"2020-10-18","3 day R","2020-04-09","DE","quantile","0.025",0.699583752141779
"2020-10-18","3 day R","2020-04-09","DE","quantile","97.5",0.732228587700738
"2020-10-18","3 day R","2020-04-10","DE","point","NA",0.729867974054959
"2020-10-18","3 day R","2020-04-10","DE","quantile","0.025",0.712934326336403
"2020-10-18","3 day R","2020-04-10","DE","quantile","97.5",0.746997609562545
"2020-10-18","3 day R","2020-04-11","DE","point","NA",0.746988847619423
"2020-10-18","3 day R","2020-04-11","DE","quantile","0.025",0.72916138441261
"2020-10-18","3 day R","2020-04-11","DE","quantile","97.5",0.764991417044704
"2020-10-18","3 day R","2020-04-12","DE","point","NA",0.764581671635203
"2020-10-18","3 day R","2020-04-12","DE","quantile","0.025",0.74611290482659
"2020-10-18","3 day R","2020-04-12","DE","quantile","97.5",0.783387798196897
"2020-10-18","3 day R","2020-04-13","DE","point","NA",0.779189053303646
"2020-10-18","3 day R","2020-04-13","DE","quantile","0.025",0.759772118483783
"2020-10-18","3 day R","2020-04-13","DE","quantile","97.5",0.798847571190031
"2020-10-18","3 day R","2020-04-14","DE","point","NA",0.786319858698929
"2020-10-18","3 day R","2020-04-14","DE","quantile","0.025",0.766320821458847
"2020-10-18","3 day R","2020-04-14","DE","quantile","97.5",0.806590567519275
"2020-10-18","3 day R","2020-04-15","DE","point","NA",0.785194672754455
"2020-10-18","3 day R","2020-04-15","DE","quantile","0.025",0.764872655091221
"2020-10-18","3 day R","2020-04-15","DE","quantile","97.5",0.805779423572225
"2020-10-18","3 day R","2020-04-16","DE","point","NA",0.778757003543083
"2020-10-18","3 day R","2020-04-16","DE","quantile","0.025",0.757931460899838
"2020-10-18","3 day R","2020-04-16","DE","quantile","97.5",0.79985313738071
"2020-10-18","3 day R","2020-04-17","DE","point","NA",0.767668214881996
"2020-10-18","3 day R","2020-04-17","DE","quantile","0.025",0.746470528068508
"2020-10-18","3 day R","2020-04-17","DE","quantile","97.5",0.789158546909221
"2020-10-18","3 day R","2020-04-18","DE","point","NA",0.754431245188432
"2020-10-18","3 day R","2020-04-18","DE","quantile","0.025",0.732985795643372
"2020-10-18","3 day R","2020-04-18","DE","quantile","97.5",0.776399192194049
"2020-10-18","3 day R","2020-04-19","DE","point","NA",0.740092382010736
"2020-10-18","3 day R","2020-04-19","DE","quantile","0.025",0.718187881912282
"2020-10-18","3 day R","2020-04-19","DE","quantile","97.5",0.762468916888017
"2020-10-18","3 day R","2020-04-20","DE","point","NA",0.724756643653236
"2020-10-18","3 day R","2020-04-20","DE","quantile","0.025",0.702461773745407
"2020-10-18","3 day R","2020-04-20","DE","quantile","97.5",0.747331841657654
"2020-10-18","3 day R","2020-04-21","DE","point","NA",0.709162501996818
"2020-10-18","3 day R","2020-04-21","DE","quantile","0.025",0.686460497747686
"2020-10-18","3 day R","2020-04-21","DE","quantile","97.5",0.732205200587858
"2020-10-18","3 day R","2020-04-22","DE","point","NA",0.697192952622097
"2020-10-18","3 day R","2020-04-22","DE","quantile","0.025",0.674022718718411
"2020-10-18","3 day R","2020-04-22","DE","quantile","97.5",0.720680348318698
"2020-10-18","3 day R","2020-04-23","DE","point","NA",0.692796069517064
"2020-10-18","3 day R","2020-04-23","DE","quantile","0.025",0.669003916976284
"2020-10-18","3 day R","2020-04-23","DE","quantile","97.5",0.717231507318178
"2020-10-18","3 day R","2020-04-24","DE","point","NA",0.699493621924227
"2020-10-18","3 day R","2020-04-24","DE","quantile","0.025",0.674488399309434
"2020-10-18","3 day R","2020-04-24","DE","quantile","97.5",0.724947596205962
"2020-10-18","3 day R","2020-04-25","DE","point","NA",0.714315959360744
"2020-10-18","3 day R","2020-04-25","DE","quantile","0.025",0.688248722522971
"2020-10-18","3 day R","2020-04-25","DE","quantile","97.5",0.740860937324491
"2020-10-18","3 day R","2020-04-26","DE","point","NA",0.735082742942853
"2020-10-18","3 day R","2020-04-26","DE","quantile","0.025",0.707622387506054
"2020-10-18","3 day R","2020-04-26","DE","quantile","97.5",0.763212024263656
"2020-10-18","3 day R","2020-04-27","DE","point","NA",0.758868838164138
"2020-10-18","3 day R","2020-04-27","DE","quantile","0.025",0.729854393491882
"2020-10-18","3 day R","2020-04-27","DE","quantile","97.5",0.788384776493694
"2020-10-18","3 day R","2020-04-28","DE","point","NA",0.784231438461227
"2020-10-18","3 day R","2020-04-28","DE","quantile","0.025",0.754060348874306
"2020-10-18","3 day R","2020-04-28","DE","quantile","97.5",0.814986065375737
"2020-10-18","3 day R","2020-04-29","DE","point","NA",0.812385385712496
"2020-10-18","3 day R","2020-04-29","DE","quantile","0.025",0.780679510128072
"2020-10-18","3 day R","2020-04-29","DE","quantile","97.5",0.844713520635455
"2020-10-18","3 day R","2020-04-30","DE","point","NA",0.843473986584722
"2020-10-18","3 day R","2020-04-30","DE","quantile","0.025",0.81009483672867
"2020-10-18","3 day R","2020-04-30","DE","quantile","97.5",0.877450132482577
"2020-10-18","3 day R","2020-05-01","DE","point","NA",0.873054689666642
"2020-10-18","3 day R","2020-05-01","DE","quantile","0.025",0.838427595156366
"2020-10-18","3 day R","2020-05-01","DE","quantile","97.5",0.9083491704655
"2020-10-18","3 day R","2020-05-02","DE","point","NA",0.899346523367044
"2020-10-18","3 day R","2020-05-02","DE","quantile","0.025",0.863664849154947
"2020-10-18","3 day R","2020-05-02","DE","quantile","97.5",0.935755102670383
"2020-10-18","3 day R","2020-05-03","DE","point","NA",0.913200719415414
"2020-10-18","3 day R","2020-05-03","DE","quantile","0.025",0.876625758528303
"2020-10-18","3 day R","2020-05-03","DE","quantile","97.5",0.950512705427148
"2020-10-18","3 day R","2020-05-04","DE","point","NA",0.912500409160992
"2020-10-18","3 day R","2020-05-04","DE","quantile","0.025",0.875210613788815
"2020-10-18","3 day R","2020-05-04","DE","quantile","97.5",0.950299169133227
"2020-10-18","3 day R","2020-05-05","DE","point","NA",0.901969057965242
"2020-10-18","3 day R","2020-05-05","DE","quantile","0.025",0.86486802049437
"2020-10-18","3 day R","2020-05-05","DE","quantile","97.5",0.939838343148858
"2020-10-18","3 day R","2020-05-06","DE","point","NA",0.887200799371202
"2020-10-18","3 day R","2020-05-06","DE","quantile","0.025",0.849744496465112
"2020-10-18","3 day R","2020-05-06","DE","quantile","97.5",0.925477774430002
"2020-10-18","3 day R","2020-05-07","DE","point","NA",0.871744557429313
"2020-10-18","3 day R","2020-05-07","DE","quantile","0.025",0.835067602589486
"2020-10-18","3 day R","2020-05-07","DE","quantile","97.5",0.909354924085023
"2020-10-18","3 day R","2020-05-08","DE","point","NA",0.859025200348505
"2020-10-18","3 day R","2020-05-08","DE","quantile","0.025",0.821692747741042
"2020-10-18","3 day R","2020-05-08","DE","quantile","97.5",0.897175372957415
"2020-10-18","3 day R","2020-05-09","DE","point","NA",0.848172731726499
"2020-10-18","3 day R","2020-05-09","DE","quantile","0.025",0.810450677160803
"2020-10-18","3 day R","2020-05-09","DE","quantile","97.5",0.886740785129984
"2020-10-18","3 day R","2020-05-10","DE","point","NA",0.837834105104323
"2020-10-18","3 day R","2020-05-10","DE","quantile","0.025",0.799728107888372
"2020-10-18","3 day R","2020-05-10","DE","quantile","97.5",0.876814514665148
"2020-10-18","3 day R","2020-05-11","DE","point","NA",0.825190277397594
"2020-10-18","3 day R","2020-05-11","DE","quantile","0.025",0.786997736391689
"2020-10-18","3 day R","2020-05-11","DE","quantile","97.5",0.86415679082261
"2020-10-18","3 day R","2020-05-12","DE","point","NA",0.811219417807152
"2020-10-18","3 day R","2020-05-12","DE","quantile","0.025",0.772944492316685
"2020-10-18","3 day R","2020-05-12","DE","quantile","97.5",0.850406264127438
"2020-10-18","3 day R","2020-05-13","DE","point","NA",0.802114642233895
"2020-10-18","3 day R","2020-05-13","DE","quantile","0.025",0.763106681084194
"2020-10-18","3 day R","2020-05-13","DE","quantile","97.5",0.842250089128106
"2020-10-18","3 day R","2020-05-14","DE","point","NA",0.802503715349422
"2020-10-18","3 day R","2020-05-14","DE","quantile","0.025",0.762592199721378
"2020-10-18","3 day R","2020-05-14","DE","quantile","97.5",0.843418889927153
"2020-10-18","3 day R","2020-05-15","DE","point","NA",0.810735817029618
"2020-10-18","3 day R","2020-05-15","DE","quantile","0.025",0.769978364052503
"2020-10-18","3 day R","2020-05-15","DE","quantile","97.5",0.852428390653613
"2020-10-18","3 day R","2020-05-16","DE","point","NA",0.825749753051539
"2020-10-18","3 day R","2020-05-16","DE","quantile","0.025",0.783250493982042
"2020-10-18","3 day R","2020-05-16","DE","quantile","97.5",0.868935784142493
"2020-10-18","3 day R","2020-05-17","DE","point","NA",0.839090851869768
"2020-10-18","3 day R","2020-05-17","DE","quantile","0.025",0.795599132491254
"2020-10-18","3 day R","2020-05-17","DE","quantile","97.5",0.883819333639446
"2020-10-18","3 day R","2020-05-18","DE","point","NA",0.844867156703218
"2020-10-18","3 day R","2020-05-18","DE","quantile","0.025",0.800186342116385
"2020-10-18","3 day R","2020-05-18","DE","quantile","97.5",0.890744701408418
"2020-10-18","3 day R","2020-05-19","DE","point","NA",0.847174802993021
"2020-10-18","3 day R","2020-05-19","DE","quantile","0.025",0.801774681113838
"2020-10-18","3 day R","2020-05-19","DE","quantile","97.5",0.893807580172487
"2020-10-18","3 day R","2020-05-20","DE","point","NA",0.850759265896621
"2020-10-18","3 day R","2020-05-20","DE","quantile","0.025",0.804241449202961
"2020-10-18","3 day R","2020-05-20","DE","quantile","97.5",0.898566450510981
"2020-10-18","3 day R","2020-05-21","DE","point","NA",0.860734310787708
"2020-10-18","3 day R","2020-05-21","DE","quantile","0.025",0.813086726414354
"2020-10-18","3 day R","2020-05-21","DE","quantile","97.5",0.909613812747577
"2020-10-18","3 day R","2020-05-22","DE","point","NA",0.871644858349343
"2020-10-18","3 day R","2020-05-22","DE","quantile","0.025",0.82322489078502
"2020-10-18","3 day R","2020-05-22","DE","quantile","97.5",0.921174962578656
"2020-10-18","3 day R","2020-05-23","DE","point","NA",0.882238274270465
"2020-10-18","3 day R","2020-05-23","DE","quantile","0.025",0.832658162066697
"2020-10-18","3 day R","2020-05-23","DE","quantile","97.5",0.933231951189983
"2020-10-18","3 day R","2020-05-24","DE","point","NA",0.889627066902066
"2020-10-18","3 day R","2020-05-24","DE","quantile","0.025",0.839613885298233
"2020-10-18","3 day R","2020-05-24","DE","quantile","97.5",0.941506918591066
"2020-10-18","3 day R","2020-05-25","DE","point","NA",0.893400474388125
"2020-10-18","3 day R","2020-05-25","DE","quantile","0.025",0.842275462595217
"2020-10-18","3 day R","2020-05-25","DE","quantile","97.5",0.94567839884746
"2020-10-18","3 day R","2020-05-26","DE","point","NA",0.892808955431711
"2020-10-18","3 day R","2020-05-26","DE","quantile","0.025",0.840612036109961
"2020-10-18","3 day R","2020-05-26","DE","quantile","97.5",0.946047878751852
"2020-10-18","3 day R","2020-05-27","DE","point","NA",0.887206927544795
"2020-10-18","3 day R","2020-05-27","DE","quantile","0.025",0.834854115735501
"2020-10-18","3 day R","2020-05-27","DE","quantile","97.5",0.941763722523998
"2020-10-18","3 day R","2020-05-28","DE","point","NA",0.881445183324742
"2020-10-18","3 day R","2020-05-28","DE","quantile","0.025",0.828423348278646
"2020-10-18","3 day R","2020-05-28","DE","quantile","97.5",0.935788146735606
"2020-10-18","3 day R","2020-05-29","DE","point","NA",0.877016499084721
"2020-10-18","3 day R","2020-05-29","DE","quantile","0.025",0.823792355954254
"2020-10-18","3 day R","2020-05-29","DE","quantile","97.5",0.931883152340636
"2020-10-18","3 day R","2020-05-30","DE","point","NA",0.877520516128791
"2020-10-18","3 day R","2020-05-30","DE","quantile","0.025",0.823697744509721
"2020-10-18","3 day R","2020-05-30","DE","quantile","97.5",0.93331418061806
"2020-10-18","3 day R","2020-05-31","DE","point","NA",0.882619580062983
"2020-10-18","3 day R","2020-05-31","DE","quantile","0.025",0.82795513456294
"2020-10-18","3 day R","2020-05-31","DE","quantile","97.5",0.939076317147704
"2020-10-18","3 day R","2020-06-01","DE","point","NA",0.889587368845177
"2020-10-18","3 day R","2020-06-01","DE","quantile","0.025",0.833978630550414
"2020-10-18","3 day R","2020-06-01","DE","quantile","97.5",0.947074730431886
"2020-10-18","3 day R","2020-06-02","DE","point","NA",0.900600810452101
"2020-10-18","3 day R","2020-06-02","DE","quantile","0.025",0.843546021130622
"2020-10-18","3 day R","2020-06-02","DE","quantile","97.5",0.959862165397107
"2020-10-18","3 day R","2020-06-03","DE","point","NA",0.92546743770143
"2020-10-18","3 day R","2020-06-03","DE","quantile","0.025",0.867083556558248
"2020-10-18","3 day R","2020-06-03","DE","quantile","97.5",0.985726595771944
"2020-10-18","3 day R","2020-06-04","DE","point","NA",0.96775828506568
"2020-10-18","3 day R","2020-06-04","DE","quantile","0.025",0.907463877991719
"2020-10-18","3 day R","2020-06-04","DE","quantile","97.5",1.02989361046493
"2020-10-18","3 day R","2020-06-05","DE","point","NA",1.03092852324921
"2020-10-18","3 day R","2020-06-05","DE","quantile","0.025",0.968520685886021
"2020-10-18","3 day R","2020-06-05","DE","quantile","97.5",1.09564936279443
"2020-10-18","3 day R","2020-06-06","DE","point","NA",1.10774864432402
"2020-10-18","3 day R","2020-06-06","DE","quantile","0.025",1.04199460260504
"2020-10-18","3 day R","2020-06-06","DE","quantile","97.5",1.17515913916526
"2020-10-18","3 day R","2020-06-07","DE","point","NA",1.18138748568031
"2020-10-18","3 day R","2020-06-07","DE","quantile","0.025",1.11348830819394
"2020-10-18","3 day R","2020-06-07","DE","quantile","97.5",1.25126778147958
"2020-10-18","3 day R","2020-06-08","DE","point","NA",1.24805223507415
"2020-10-18","3 day R","2020-06-08","DE","quantile","0.025",1.17981133368373
"2020-10-18","3 day R","2020-06-08","DE","quantile","97.5",1.31818461593377
"2020-10-18","3 day R","2020-06-09","DE","point","NA",1.30046197513537
"2020-10-18","3 day R","2020-06-09","DE","quantile","0.025",1.23093771779835
"2020-10-18","3 day R","2020-06-09","DE","quantile","97.5",1.37186921717211
"2020-10-18","3 day R","2020-06-10","DE","point","NA",1.3427662998939
"2020-10-18","3 day R","2020-06-10","DE","quantile","0.025",1.2744146908873
"2020-10-18","3 day R","2020-06-10","DE","quantile","97.5",1.41287824490115
"2020-10-18","3 day R","2020-06-11","DE","point","NA",1.3680144361187
"2020-10-18","3 day R","2020-06-11","DE","quantile","0.025",1.30026282450949
"2020-10-18","3 day R","2020-06-11","DE","quantile","97.5",1.43711897213412
"2020-10-18","3 day R","2020-06-12","DE","point","NA",1.36908637506103
"2020-10-18","3 day R","2020-06-12","DE","quantile","0.025",1.30339878881444
"2020-10-18","3 day R","2020-06-12","DE","quantile","97.5",1.43573571515301
"2020-10-18","3 day R","2020-06-13","DE","point","NA",1.34450894776867
"2020-10-18","3 day R","2020-06-13","DE","quantile","0.025",1.28143158686001
"2020-10-18","3 day R","2020-06-13","DE","quantile","97.5",1.40937084048725
"2020-10-18","3 day R","2020-06-14","DE","point","NA",1.29781249319234
"2020-10-18","3 day R","2020-06-14","DE","quantile","0.025",1.23813189269782
"2020-10-18","3 day R","2020-06-14","DE","quantile","97.5",1.35890812312222
"2020-10-18","3 day R","2020-06-15","DE","point","NA",1.23431507489026
"2020-10-18","3 day R","2020-06-15","DE","quantile","0.025",1.17727205194182
"2020-10-18","3 day R","2020-06-15","DE","quantile","97.5",1.29184370128116
"2020-10-18","3 day R","2020-06-16","DE","point","NA",1.15868388801325
"2020-10-18","3 day R","2020-06-16","DE","quantile","0.025",1.10531438793432
"2020-10-18","3 day R","2020-06-16","DE","quantile","97.5",1.21329400574504
"2020-10-18","3 day R","2020-06-17","DE","point","NA",1.08297583296199
"2020-10-18","3 day R","2020-06-17","DE","quantile","0.025",1.0325048514819
"2020-10-18","3 day R","2020-06-17","DE","quantile","97.5",1.13449805112604
"2020-10-18","3 day R","2020-06-18","DE","point","NA",1.01225814845162
"2020-10-18","3 day R","2020-06-18","DE","quantile","0.025",0.964774985347108
"2020-10-18","3 day R","2020-06-18","DE","quantile","97.5",1.06057608877012
"2020-10-18","3 day R","2020-06-19","DE","point","NA",0.948724794678616
"2020-10-18","3 day R","2020-06-19","DE","quantile","0.025",0.902817269120383
"2020-10-18","3 day R","2020-06-19","DE","quantile","97.5",0.995754761620961
"2020-10-18","3 day R","2020-06-20","DE","point","NA",0.893695607090586
"2020-10-18","3 day R","2020-06-20","DE","quantile","0.025",0.84964222624453
"2020-10-18","3 day R","2020-06-20","DE","quantile","97.5",0.938846747433828
"2020-10-18","3 day R","2020-06-21","DE","point","NA",0.845678631161282
"2020-10-18","3 day R","2020-06-21","DE","quantile","0.025",0.802582684090923
"2020-10-18","3 day R","2020-06-21","DE","quantile","97.5",0.889885743594338
"2020-10-18","3 day R","2020-06-22","DE","point","NA",0.808150404978152
"2020-10-18","3 day R","2020-06-22","DE","quantile","0.025",0.765654621037134
"2020-10-18","3 day R","2020-06-22","DE","quantile","97.5",0.851422228574223
"2020-10-18","3 day R","2020-06-23","DE","point","NA",0.78239094207278
"2020-10-18","3 day R","2020-06-23","DE","quantile","0.025",0.739963580193331
"2020-10-18","3 day R","2020-06-23","DE","quantile","97.5",0.825984340190004
"2020-10-18","3 day R","2020-06-24","DE","point","NA",0.768467525150741
"2020-10-18","3 day R","2020-06-24","DE","quantile","0.025",0.725524917106198
"2020-10-18","3 day R","2020-06-24","DE","quantile","97.5",0.812686160353044
"2020-10-18","3 day R","2020-06-25","DE","point","NA",0.768195853353826
"2020-10-18","3 day R","2020-06-25","DE","quantile","0.025",0.724504209825685
"2020-10-18","3 day R","2020-06-25","DE","quantile","97.5",0.81310326612679
"2020-10-18","3 day R","2020-06-26","DE","point","NA",0.778571303143222
"2020-10-18","3 day R","2020-06-26","DE","quantile","0.025",0.733338376999358
"2020-10-18","3 day R","2020-06-26","DE","quantile","97.5",0.825076550729474
"2020-10-18","3 day R","2020-06-27","DE","point","NA",0.792376492112416
"2020-10-18","3 day R","2020-06-27","DE","quantile","0.025",0.745503787580657
"2020-10-18","3 day R","2020-06-27","DE","quantile","97.5",0.840874033209371
"2020-10-18","3 day R","2020-06-28","DE","point","NA",0.809878476368148
"2020-10-18","3 day R","2020-06-28","DE","quantile","0.025",0.761050416483095
"2020-10-18","3 day R","2020-06-28","DE","quantile","97.5",0.859882822629601
"2020-10-18","3 day R","2020-06-29","DE","point","NA",0.827470922264326
"2020-10-18","3 day R","2020-06-29","DE","quantile","0.025",0.77674841933471
"2020-10-18","3 day R","2020-06-29","DE","quantile","97.5",0.879185803206174
"2020-10-18","3 day R","2020-06-30","DE","point","NA",0.846823057940944
"2020-10-18","3 day R","2020-06-30","DE","quantile","0.025",0.794436710800652
"2020-10-18","3 day R","2020-06-30","DE","quantile","97.5",0.900069485159259
"2020-10-18","3 day R","2020-07-01","DE","point","NA",0.873670673396631
"2020-10-18","3 day R","2020-07-01","DE","quantile","0.025",0.818719106853375
"2020-10-18","3 day R","2020-07-01","DE","quantile","97.5",0.929291509363356
"2020-10-18","3 day R","2020-07-02","DE","point","NA",0.908356908787514
"2020-10-18","3 day R","2020-07-02","DE","quantile","0.025",0.852617242978898
"2020-10-18","3 day R","2020-07-02","DE","quantile","97.5",0.966169007930423
"2020-10-18","3 day R","2020-07-03","DE","point","NA",0.948132379490883
"2020-10-18","3 day R","2020-07-03","DE","quantile","0.025",0.890222825818947
"2020-10-18","3 day R","2020-07-03","DE","quantile","97.5",1.00804257427727
"2020-10-18","3 day R","2020-07-04","DE","point","NA",0.988112986680649
"2020-10-18","3 day R","2020-07-04","DE","quantile","0.025",0.928223211546151
"2020-10-18","3 day R","2020-07-04","DE","quantile","97.5",1.04973903491379
"2020-10-18","3 day R","2020-07-05","DE","point","NA",1.02438019489278
"2020-10-18","3 day R","2020-07-05","DE","quantile","0.025",0.962806738365739
"2020-10-18","3 day R","2020-07-05","DE","quantile","97.5",1.08755998533963
"2020-10-18","3 day R","2020-07-06","DE","point","NA",1.05430106846485
"2020-10-18","3 day R","2020-07-06","DE","quantile","0.025",0.991857479033496
"2020-10-18","3 day R","2020-07-06","DE","quantile","97.5",1.11888238699969
"2020-10-18","3 day R","2020-07-07","DE","point","NA",1.08312228025367
"2020-10-18","3 day R","2020-07-07","DE","quantile","0.025",1.01949506089955
"2020-10-18","3 day R","2020-07-07","DE","quantile","97.5",1.1480499065903
"2020-10-18","3 day R","2020-07-08","DE","point","NA",1.11349114625131
"2020-10-18","3 day R","2020-07-08","DE","quantile","0.025",1.0493951817553
"2020-10-18","3 day R","2020-07-08","DE","quantile","97.5",1.17946557534669
"2020-10-18","3 day R","2020-07-09","DE","point","NA",1.14676425311087
"2020-10-18","3 day R","2020-07-09","DE","quantile","0.025",1.08204664681986
"2020-10-18","3 day R","2020-07-09","DE","quantile","97.5",1.2133350095556
"2020-10-18","3 day R","2020-07-10","DE","point","NA",1.18069388616884
"2020-10-18","3 day R","2020-07-10","DE","quantile","0.025",1.11618986599867
"2020-10-18","3 day R","2020-07-10","DE","quantile","97.5",1.24721648831457
"2020-10-18","3 day R","2020-07-11","DE","point","NA",1.20770296591422
"2020-10-18","3 day R","2020-07-11","DE","quantile","0.025",1.14275754707692
"2020-10-18","3 day R","2020-07-11","DE","quantile","97.5",1.27421856687917
"2020-10-18","3 day R","2020-07-12","DE","point","NA",1.22403815595756
"2020-10-18","3 day R","2020-07-12","DE","quantile","0.025",1.1594713118597
"2020-10-18","3 day R","2020-07-12","DE","quantile","97.5",1.28984544733416
"2020-10-18","3 day R","2020-07-13","DE","point","NA",1.2284764063206
"2020-10-18","3 day R","2020-07-13","DE","quantile","0.025",1.16548029535074
"2020-10-18","3 day R","2020-07-13","DE","quantile","97.5",1.2930407553134
"2020-10-18","3 day R","2020-07-14","DE","point","NA",1.22718257224025
"2020-10-18","3 day R","2020-07-14","DE","quantile","0.025",1.16557615452568
"2020-10-18","3 day R","2020-07-14","DE","quantile","97.5",1.29035316061019
"2020-10-18","3 day R","2020-07-15","DE","point","NA",1.22842233181303
"2020-10-18","3 day R","2020-07-15","DE","quantile","0.025",1.1678047765954
"2020-10-18","3 day R","2020-07-15","DE","quantile","97.5",1.29055205200708
"2020-10-18","3 day R","2020-07-16","DE","point","NA",1.23132829745483
"2020-10-18","3 day R","2020-07-16","DE","quantile","0.025",1.17253051430326
"2020-10-18","3 day R","2020-07-16","DE","quantile","97.5",1.29172438423401
"2020-10-18","3 day R","2020-07-17","DE","point","NA",1.23573322063325
"2020-10-18","3 day R","2020-07-17","DE","quantile","0.025",1.17781322095513
"2020-10-18","3 day R","2020-07-17","DE","quantile","97.5",1.29536456636428
"2020-10-18","3 day R","2020-07-18","DE","point","NA",1.23596407076667
"2020-10-18","3 day R","2020-07-18","DE","quantile","0.025",1.1789658411168
"2020-10-18","3 day R","2020-07-18","DE","quantile","97.5",1.29428891881862
"2020-10-18","3 day R","2020-07-19","DE","point","NA",1.22900266194009
"2020-10-18","3 day R","2020-07-19","DE","quantile","0.025",1.17341247374468
"2020-10-18","3 day R","2020-07-19","DE","quantile","97.5",1.28538102690242
"2020-10-18","3 day R","2020-07-20","DE","point","NA",1.21355459224843
"2020-10-18","3 day R","2020-07-20","DE","quantile","0.025",1.15982774550817
"2020-10-18","3 day R","2020-07-20","DE","quantile","97.5",1.26848077749637
"2020-10-18","3 day R","2020-07-21","DE","point","NA",1.20478997946653
"2020-10-18","3 day R","2020-07-21","DE","quantile","0.025",1.1527008667066
"2020-10-18","3 day R","2020-07-21","DE","quantile","97.5",1.25801402523622
"2020-10-18","3 day R","2020-07-22","DE","point","NA",1.20478510791861
"2020-10-18","3 day R","2020-07-22","DE","quantile","0.025",1.15362270896451
"2020-10-18","3 day R","2020-07-22","DE","quantile","97.5",1.25704198966078
"2020-10-18","3 day R","2020-07-23","DE","point","NA",1.21510582900812
"2020-10-18","3 day R","2020-07-23","DE","quantile","0.025",1.16466440996704
"2020-10-18","3 day R","2020-07-23","DE","quantile","97.5",1.26660155076454
"2020-10-18","3 day R","2020-07-24","DE","point","NA",1.22327399160977
"2020-10-18","3 day R","2020-07-24","DE","quantile","0.025",1.17327964135018
"2020-10-18","3 day R","2020-07-24","DE","quantile","97.5",1.27388766716473
"2020-10-18","3 day R","2020-07-25","DE","point","NA",1.22722146111341
"2020-10-18","3 day R","2020-07-25","DE","quantile","0.025",1.17846349775301
"2020-10-18","3 day R","2020-07-25","DE","quantile","97.5",1.27695391540757
"2020-10-18","3 day R","2020-07-26","DE","point","NA",1.22314971270746
"2020-10-18","3 day R","2020-07-26","DE","quantile","0.025",1.17564948463924
"2020-10-18","3 day R","2020-07-26","DE","quantile","97.5",1.27210044831882
"2020-10-18","3 day R","2020-07-27","DE","point","NA",1.21422076252461
"2020-10-18","3 day R","2020-07-27","DE","quantile","0.025",1.1678498658594
"2020-10-18","3 day R","2020-07-27","DE","quantile","97.5",1.26148180618674
"2020-10-18","3 day R","2020-07-28","DE","point","NA",1.20406003063498
"2020-10-18","3 day R","2020-07-28","DE","quantile","0.025",1.15855778453808
"2020-10-18","3 day R","2020-07-28","DE","quantile","97.5",1.2504264435532
"2020-10-18","3 day R","2020-07-29","DE","point","NA",1.19879646385227
"2020-10-18","3 day R","2020-07-29","DE","quantile","0.025",1.15474161016907
"2020-10-18","3 day R","2020-07-29","DE","quantile","97.5",1.24390364824098
"2020-10-18","3 day R","2020-07-30","DE","point","NA",1.19934347296079
"2020-10-18","3 day R","2020-07-30","DE","quantile","0.025",1.15548486065479
"2020-10-18","3 day R","2020-07-30","DE","quantile","97.5",1.24394948002555
"2020-10-18","3 day R","2020-07-31","DE","point","NA",1.19795802090727
"2020-10-18","3 day R","2020-07-31","DE","quantile","0.025",1.1555490442093
"2020-10-18","3 day R","2020-07-31","DE","quantile","97.5",1.24112057148411
"2020-10-18","3 day R","2020-08-01","DE","point","NA",1.19256471274858
"2020-10-18","3 day R","2020-08-01","DE","quantile","0.025",1.151086341579
"2020-10-18","3 day R","2020-08-01","DE","quantile","97.5",1.23476698022901
"2020-10-18","3 day R","2020-08-02","DE","point","NA",1.17743624423806
"2020-10-18","3 day R","2020-08-02","DE","quantile","0.025",1.13684044414217
"2020-10-18","3 day R","2020-08-02","DE","quantile","97.5",1.21873426393989
"2020-10-18","3 day R","2020-08-03","DE","point","NA",1.15207463970834
"2020-10-18","3 day R","2020-08-03","DE","quantile","0.025",1.11295872676743
"2020-10-18","3 day R","2020-08-03","DE","quantile","97.5",1.19212249883907
"2020-10-18","3 day R","2020-08-04","DE","point","NA",1.1250147299296
"2020-10-18","3 day R","2020-08-04","DE","quantile","0.025",1.08685314207212
"2020-10-18","3 day R","2020-08-04","DE","quantile","97.5",1.16383038650382
"2020-10-18","3 day R","2020-08-05","DE","point","NA",1.10428672821011
"2020-10-18","3 day R","2020-08-05","DE","quantile","0.025",1.06700220332308
"2020-10-18","3 day R","2020-08-05","DE","quantile","97.5",1.1422736442507
"2020-10-18","3 day R","2020-08-06","DE","point","NA",1.09807818309758
"2020-10-18","3 day R","2020-08-06","DE","quantile","0.025",1.06143328422339
"2020-10-18","3 day R","2020-08-06","DE","quantile","97.5",1.1353797830771
"2020-10-18","3 day R","2020-08-07","DE","point","NA",1.10292295074386
"2020-10-18","3 day R","2020-08-07","DE","quantile","0.025",1.06662958114487
"2020-10-18","3 day R","2020-08-07","DE","quantile","97.5",1.13974976129913
"2020-10-18","3 day R","2020-08-08","DE","point","NA",1.10935866797939
"2020-10-18","3 day R","2020-08-08","DE","quantile","0.025",1.07315116085336
"2020-10-18","3 day R","2020-08-08","DE","quantile","97.5",1.14615851065448
"2020-10-18","3 day R","2020-08-09","DE","point","NA",1.1089431759485
"2020-10-18","3 day R","2020-08-09","DE","quantile","0.025",1.07326866802814
"2020-10-18","3 day R","2020-08-09","DE","quantile","97.5",1.14535818648435
"2020-10-18","3 day R","2020-08-10","DE","point","NA",1.1017734079595
"2020-10-18","3 day R","2020-08-10","DE","quantile","0.025",1.06660339000124
"2020-10-18","3 day R","2020-08-10","DE","quantile","97.5",1.13749898057188
"2020-10-18","3 day R","2020-08-11","DE","point","NA",1.0891451323397
"2020-10-18","3 day R","2020-08-11","DE","quantile","0.025",1.05454554120207
"2020-10-18","3 day R","2020-08-11","DE","quantile","97.5",1.12429541325478
"2020-10-18","3 day R","2020-08-12","DE","point","NA",1.07826853274159
"2020-10-18","3 day R","2020-08-12","DE","quantile","0.025",1.04416325826706
"2020-10-18","3 day R","2020-08-12","DE","quantile","97.5",1.11291423370962
"2020-10-18","3 day R","2020-08-13","DE","point","NA",1.0732847207228
"2020-10-18","3 day R","2020-08-13","DE","quantile","0.025",1.03955081608357
"2020-10-18","3 day R","2020-08-13","DE","quantile","97.5",1.10740043197057
"2020-10-18","3 day R","2020-08-14","DE","point","NA",1.07002845228846
"2020-10-18","3 day R","2020-08-14","DE","quantile","0.025",1.03639786959849
"2020-10-18","3 day R","2020-08-14","DE","quantile","97.5",1.10404305638998
"2020-10-18","3 day R","2020-08-15","DE","point","NA",1.06713292409464
"2020-10-18","3 day R","2020-08-15","DE","quantile","0.025",1.0338814475167
"2020-10-18","3 day R","2020-08-15","DE","quantile","97.5",1.10090334455122
"2020-10-18","3 day R","2020-08-16","DE","point","NA",1.0567784007007
"2020-10-18","3 day R","2020-08-16","DE","quantile","0.025",1.02394706348897
"2020-10-18","3 day R","2020-08-16","DE","quantile","97.5",1.09005700116324
"2020-10-18","3 day R","2020-08-17","DE","point","NA",1.03580707377052
"2020-10-18","3 day R","2020-08-17","DE","quantile","0.025",1.00368651897603
"2020-10-18","3 day R","2020-08-17","DE","quantile","97.5",1.06842648016067
"2020-10-18","3 day R","2020-08-18","DE","point","NA",1.00977168453128
"2020-10-18","3 day R","2020-08-18","DE","quantile","0.025",0.97825932131319
"2020-10-18","3 day R","2020-08-18","DE","quantile","97.5",1.04177661588186
"2020-10-18","3 day R","2020-08-19","DE","point","NA",0.984563138342119
"2020-10-18","3 day R","2020-08-19","DE","quantile","0.025",0.953634348441927
"2020-10-18","3 day R","2020-08-19","DE","quantile","97.5",1.01597862138595
"2020-10-18","3 day R","2020-08-20","DE","point","NA",0.966018303692123
"2020-10-18","3 day R","2020-08-20","DE","quantile","0.025",0.935315128401382
"2020-10-18","3 day R","2020-08-20","DE","quantile","97.5",0.997210396379559
"2020-10-18","3 day R","2020-08-21","DE","point","NA",0.95570554040345
"2020-10-18","3 day R","2020-08-21","DE","quantile","0.025",0.925129001037741
"2020-10-18","3 day R","2020-08-21","DE","quantile","97.5",0.986772257015724
"2020-10-18","3 day R","2020-08-22","DE","point","NA",0.950348788938233
"2020-10-18","3 day R","2020-08-22","DE","quantile","0.025",0.919857564127916
"2020-10-18","3 day R","2020-08-22","DE","quantile","97.5",0.981420184553931
"2020-10-18","3 day R","2020-08-23","DE","point","NA",0.946995721219447
"2020-10-18","3 day R","2020-08-23","DE","quantile","0.025",0.916472956894162
"2020-10-18","3 day R","2020-08-23","DE","quantile","97.5",0.978011491976731
"2020-10-18","3 day R","2020-08-24","DE","point","NA",0.94463327131314
"2020-10-18","3 day R","2020-08-24","DE","quantile","0.025",0.913907523074134
"2020-10-18","3 day R","2020-08-24","DE","quantile","97.5",0.975732096180362
"2020-10-18","3 day R","2020-08-25","DE","point","NA",0.945037800716767
"2020-10-18","3 day R","2020-08-25","DE","quantile","0.025",0.914141344447479
"2020-10-18","3 day R","2020-08-25","DE","quantile","97.5",0.976470481852154
"2020-10-18","3 day R","2020-08-26","DE","point","NA",0.953328691614697
"2020-10-18","3 day R","2020-08-26","DE","quantile","0.025",0.922011185263642
"2020-10-18","3 day R","2020-08-26","DE","quantile","97.5",0.985140462582232
"2020-10-18","3 day R","2020-08-27","DE","point","NA",0.970763564450666
"2020-10-18","3 day R","2020-08-27","DE","quantile","0.025",0.939095277170309
"2020-10-18","3 day R","2020-08-27","DE","quantile","97.5",1.0030624039524
"2020-10-18","3 day R","2020-08-28","DE","point","NA",0.993907523232379
"2020-10-18","3 day R","2020-08-28","DE","quantile","0.025",0.961675393227726
"2020-10-18","3 day R","2020-08-28","DE","quantile","97.5",1.02666664581713
"2020-10-18","3 day R","2020-08-29","DE","point","NA",1.01875002740507
"2020-10-18","3 day R","2020-08-29","DE","quantile","0.025",0.985960152799934
"2020-10-18","3 day R","2020-08-29","DE","quantile","97.5",1.05203753490358
"2020-10-18","3 day R","2020-08-30","DE","point","NA",1.03962046865308
"2020-10-18","3 day R","2020-08-30","DE","quantile","0.025",1.00642805845725
"2020-10-18","3 day R","2020-08-30","DE","quantile","97.5",1.07334387180702
"2020-10-18","3 day R","2020-08-31","DE","point","NA",1.05878431124852
"2020-10-18","3 day R","2020-08-31","DE","quantile","0.025",1.02538622643436
"2020-10-18","3 day R","2020-08-31","DE","quantile","97.5",1.09270171362086
"2020-10-18","3 day R","2020-09-01","DE","point","NA",1.07562788277724
"2020-10-18","3 day R","2020-09-01","DE","quantile","0.025",1.04211402285891
"2020-10-18","3 day R","2020-09-01","DE","quantile","97.5",1.10966474477607
"2020-10-18","3 day R","2020-09-02","DE","point","NA",1.09545832890689
"2020-10-18","3 day R","2020-09-02","DE","quantile","0.025",1.06177587959496
"2020-10-18","3 day R","2020-09-02","DE","quantile","97.5",1.12965938456668
"2020-10-18","3 day R","2020-09-03","DE","point","NA",1.11716108919577
"2020-10-18","3 day R","2020-09-03","DE","quantile","0.025",1.083287263167
"2020-10-18","3 day R","2020-09-03","DE","quantile","97.5",1.15154913100138
"2020-10-18","3 day R","2020-09-04","DE","point","NA",1.1389294878114
"2020-10-18","3 day R","2020-09-04","DE","quantile","0.025",1.10508225039126
"2020-10-18","3 day R","2020-09-04","DE","quantile","97.5",1.17319933928105
"2020-10-18","3 day R","2020-09-05","DE","point","NA",1.15428481595003
"2020-10-18","3 day R","2020-09-05","DE","quantile","0.025",1.12056215414991
"2020-10-18","3 day R","2020-09-05","DE","quantile","97.5",1.18850044760028
"2020-10-18","3 day R","2020-09-06","DE","point","NA",1.16132685105783
"2020-10-18","3 day R","2020-09-06","DE","quantile","0.025",1.1279293800982
"2020-10-18","3 day R","2020-09-06","DE","quantile","97.5",1.19528782911175
"2020-10-18","3 day R","2020-09-07","DE","point","NA",1.15922926584198
"2020-10-18","3 day R","2020-09-07","DE","quantile","0.025",1.12619850233712
"2020-10-18","3 day R","2020-09-07","DE","quantile","97.5",1.19273078889603
"2020-10-18","3 day R","2020-09-08","DE","point","NA",1.15090989296957
"2020-10-18","3 day R","2020-09-08","DE","quantile","0.025",1.1185556726056
"2020-10-18","3 day R","2020-09-08","DE","quantile","97.5",1.18371896313326
"2020-10-18","3 day R","2020-09-09","DE","point","NA",1.14403322088513
"2020-10-18","3 day R","2020-09-09","DE","quantile","0.025",1.11242424040695
"2020-10-18","3 day R","2020-09-09","DE","quantile","97.5",1.17607884181387
"2020-10-18","3 day R","2020-09-10","DE","point","NA",1.14081182436591
"2020-10-18","3 day R","2020-09-10","DE","quantile","0.025",1.10971318989826
"2020-10-18","3 day R","2020-09-10","DE","quantile","97.5",1.17233422791265
"2020-10-18","3 day R","2020-09-11","DE","point","NA",1.13819413162772
"2020-10-18","3 day R","2020-09-11","DE","quantile","0.025",1.10758531049635
"2020-10-18","3 day R","2020-09-11","DE","quantile","97.5",1.16936366697712
"2020-10-18","3 day R","2020-09-12","DE","point","NA",1.13190887591095
"2020-10-18","3 day R","2020-09-12","DE","quantile","0.025",1.10176848221757
"2020-10-18","3 day R","2020-09-12","DE","quantile","97.5",1.16251447918095
"2020-10-18","3 day R","2020-09-13","DE","point","NA",1.11645934915506
"2020-10-18","3 day R","2020-09-13","DE","quantile","0.025",1.08704851503623
"2020-10-18","3 day R","2020-09-13","DE","quantile","97.5",1.14625729061928
"2020-10-18","3 day R","2020-09-14","DE","point","NA",1.0960049160647
"2020-10-18","3 day R","2020-09-14","DE","quantile","0.025",1.06729863186859
"2020-10-18","3 day R","2020-09-14","DE","quantile","97.5",1.12508683692932
"2020-10-18","3 day R","2020-09-15","DE","point","NA",1.07427075734156
"2020-10-18","3 day R","2020-09-15","DE","quantile","0.025",1.04592891398572
"2020-10-18","3 day R","2020-09-15","DE","quantile","97.5",1.10298620401061
"2020-10-18","3 day R","2020-09-16","DE","point","NA",1.05753102133943
"2020-10-18","3 day R","2020-09-16","DE","quantile","0.025",1.0297354345683
"2020-10-18","3 day R","2020-09-16","DE","quantile","97.5",1.08562245158279
"2020-10-18","3 day R","2020-09-17","DE","point","NA",1.04790865008492
"2020-10-18","3 day R","2020-09-17","DE","quantile","0.025",1.02064297216749
"2020-10-18","3 day R","2020-09-17","DE","quantile","97.5",1.07552873141201
"2020-10-18","3 day R","2020-09-18","DE","point","NA",1.04677158406642
"2020-10-18","3 day R","2020-09-18","DE","quantile","0.025",1.01964153233518
"2020-10-18","3 day R","2020-09-18","DE","quantile","97.5",1.07425288540764
"2020-10-18","3 day R","2020-09-19","DE","point","NA",1.05211299018175
"2020-10-18","3 day R","2020-09-19","DE","quantile","0.025",1.02499543309349
"2020-10-18","3 day R","2020-09-19","DE","quantile","97.5",1.07957966657319
"2020-10-18","3 day R","2020-09-20","DE","point","NA",1.05896236287599
"2020-10-18","3 day R","2020-09-20","DE","quantile","0.025",1.03174374728928
"2020-10-18","3 day R","2020-09-20","DE","quantile","97.5",1.08653041720335
"2020-10-18","3 day R","2020-09-21","DE","point","NA",1.06567414587479
"2020-10-18","3 day R","2020-09-21","DE","quantile","0.025",1.03862764533176
"2020-10-18","3 day R","2020-09-21","DE","quantile","97.5",1.09306345086737
"2020-10-18","3 day R","2020-09-22","DE","point","NA",1.0774110994972
"2020-10-18","3 day R","2020-09-22","DE","quantile","0.025",1.0504618591806
"2020-10-18","3 day R","2020-09-22","DE","quantile","97.5",1.10469691342616
"2020-10-18","3 day R","2020-09-23","DE","point","NA",1.09949135238079
"2020-10-18","3 day R","2020-09-23","DE","quantile","0.025",1.0723545878224
"2020-10-18","3 day R","2020-09-23","DE","quantile","97.5",1.12696248145883
"2020-10-18","3 day R","2020-09-24","DE","point","NA",1.13611003655536
"2020-10-18","3 day R","2020-09-24","DE","quantile","0.025",1.10880207124683
"2020-10-18","3 day R","2020-09-24","DE","quantile","97.5",1.16376843165286
"2020-10-18","3 day R","2020-09-25","DE","point","NA",1.18127806670435
"2020-10-18","3 day R","2020-09-25","DE","quantile","0.025",1.15357945419143
"2020-10-18","3 day R","2020-09-25","DE","quantile","97.5",1.20930071289014
"2020-10-18","3 day R","2020-09-26","DE","point","NA",1.22914752759022
"2020-10-18","3 day R","2020-09-26","DE","quantile","0.025",1.20129206618482
"2020-10-18","3 day R","2020-09-26","DE","quantile","97.5",1.25731781554697
"2020-10-18","3 day R","2020-09-27","DE","point","NA",1.27237236002383
"2020-10-18","3 day R","2020-09-27","DE","quantile","0.025",1.24439672561898
"2020-10-18","3 day R","2020-09-27","DE","quantile","97.5",1.30065465141427
"2020-10-18","3 day R","2020-09-28","DE","point","NA",1.30949703422131
"2020-10-18","3 day R","2020-09-28","DE","quantile","0.025",1.28176508716091
"2020-10-18","3 day R","2020-09-28","DE","quantile","97.5",1.33761006382688
"2020-10-18","3 day R","2020-09-29","DE","point","NA",1.34274525202705
"2020-10-18","3 day R","2020-09-29","DE","quantile","0.025",1.31544224378791
"2020-10-18","3 day R","2020-09-29","DE","quantile","97.5",1.37032481049815
"2020-10-18","3 day R","2020-09-30","DE","point","NA",1.37211568157855
"2020-10-18","3 day R","2020-09-30","DE","quantile","0.025",1.34511839810062
"2020-10-18","3 day R","2020-09-30","DE","quantile","97.5",1.39930280330102
"2020-10-18","3 day R","2020-10-01","DE","point","NA",1.39745436955915
"2020-10-18","3 day R","2020-10-01","DE","quantile","0.025",1.37105566584708
"2020-10-18","3 day R","2020-10-01","DE","quantile","97.5",1.4241172948871
"2020-10-18","3 day R","2020-10-02","DE","point","NA",1.41449481724809
"2020-10-18","3 day R","2020-10-02","DE","quantile","0.025",1.38894035021692
"2020-10-18","3 day R","2020-10-02","DE","quantile","97.5",1.44027899711645
"2020-10-18","3 day R","2020-10-03","DE","point","NA",1.4195192821579
"2020-10-18","3 day R","2020-10-03","DE","quantile","0.025",1.39478185084305
"2020-10-18","3 day R","2020-10-03","DE","quantile","97.5",1.44457907636376
"2020-10-18","3 day R","2020-10-04","DE","point","NA",1.41694352343208
"2020-10-18","3 day R","2020-10-04","DE","quantile","0.025",1.39299673977557
"2020-10-18","3 day R","2020-10-04","DE","quantile","97.5",1.44102770289745
"2020-10-18","3 day R","2020-10-05","DE","point","NA",1.4103958612705
"2020-10-18","3 day R","2020-10-05","DE","quantile","0.025",1.38747723687269
"2020-10-18","3 day R","2020-10-05","DE","quantile","97.5",1.43349962312449
"2020-10-18","3 day R","2020-10-06","DE","point","NA",1.40274865600034
"2020-10-18","3 day R","2020-10-06","DE","quantile","0.025",1.38078179892761
"2020-10-18","3 day R","2020-10-06","DE","quantile","97.5",1.42491176146197
