date,new.cases,repronum,repronum.se,ci.lower,ci.upper
2020-01-02,1,,,,
2020-01-03,0,,,,
2020-01-04,0,,,,
2020-01-05,0,,,,
2020-01-06,0,,,,
2020-01-07,0,,,,
2020-01-08,0,,,,
2020-01-09,0,,,,
2020-01-10,0,,,,
2020-01-11,0,,,,
2020-01-12,0,,,,
2020-01-13,0,,,,
2020-01-14,0,,,,
2020-01-15,0,,,,
2020-01-16,0,,,,
2020-01-17,0,,,,
2020-01-18,0,,,,
2020-01-19,0,,,,
2020-01-20,0,,,,
2020-01-21,0,,,,
2020-01-22,0,,,,
2020-01-23,1,,,,
2020-01-24,0,,,,
2020-01-25,0,,,,
2020-01-26,0,,,,
2020-01-27,0,,,,
2020-01-28,2,,,,
2020-01-29,2,,,,
2020-01-30,0,,,,
2020-01-31,4,,,,
2020-02-01,1,,,,
2020-02-02,0,,,,
2020-02-03,1,,,,
2020-02-04,4,,,,
2020-02-05,1,,,,
2020-02-06,1,,,,
2020-02-07,1,,,,
2020-02-08,0,,,,
2020-02-09,0,,,,
2020-02-10,0,,,,
2020-02-11,2,,,,
2020-02-12,0,,,,
2020-02-13,0,,,,
2020-02-14,0,,,,
2020-02-15,0,,,,
2020-02-16,0,,,,
2020-02-17,1,,,,
2020-02-18,1,,,,
2020-02-19,0,,,,
2020-02-20,2,,,,
2020-02-21,0,,,,
2020-02-22,0,,,,
2020-02-23,0,4.95283018867925,0.837181101382021,3.31198538143291,6.59367499592558
2020-02-24,1,3.37912087912088,0.527730019568641,2.34478904720572,4.41345271103603
2020-02-25,3,4.71028037383178,0.513933722798786,3.70298878670556,5.71757196095799
2020-02-26,7,6.83599419448476,0.54557173089151,5.76669325095422,7.9052951380153
2020-02-27,23,6.05424954792043,0.443919114910932,5.18418407064611,6.92431502519476
2020-02-28,47,4.25737538148525,0.312165908628873,3.64554144337144,4.86920931959906
2020-02-29,23,2.21952066689823,0.186258036801523,1.85446162293611,2.58457971086035
2020-03-01,35,1.15903975993999,0.114203581002538,0.935204854269508,1.38287466561046
2020-03-02,41,3.08617433654706,0.16615404093933,2.76051840042018,3.41183027267394
2020-03-03,84,4.6538261322228,0.190628146003129,4.28020183161702,5.02745043282858
2020-03-04,157,5.04979191438763,0.183780744614011,4.68958827389222,5.40999555488305
2020-03-05,186,5.19543309838644,0.165038371466505,4.87196383424495,5.51890236252793
2020-03-06,186,5.54781507283091,0.145192956361313,5.26324210755384,5.83238803810798
2020-03-07,142,3.53969212194386,0.0980603144159495,3.34749743737592,3.73188680651179
2020-03-08,103,1.88500789956873,0.0601836704685479,1.76705007299295,2.00296572614451
2020-03-09,345,2.92002806032971,0.0647298824130351,2.79315982207665,3.04689629858277
2020-03-10,596,3.5219719111295,0.0640252711146448,3.39648468564439,3.64745913661462
2020-03-11,755,3.48020365636211,0.0580033942727019,3.36651909260654,3.59388822011769
2020-03-12,991,3.17675616419287,0.0498748241499409,3.07900330512372,3.27450902326202
2020-03-13,1460,2.49934843143441,0.0392783211284886,2.42236433664938,2.57633252621945
2020-03-14,1303,1.64288588487347,0.028355135546506,1.58731084042556,1.69846092932137
2020-03-15,981,0.90214283817633,0.0189557600496751,0.864990231179384,0.939295445173277
2020-03-16,2035,1.27624378724327,0.0208995747400926,1.23528137346048,1.31720620102605
2020-03-17,3026,1.54187155808738,0.0220695660369703,1.49861600350049,1.58512711267427
2020-03-18,3600,1.70948408276361,0.0226904896567628,1.66501154024477,1.75395662528244
2020-03-19,4057,1.70192723602634,0.0221534508386625,1.65850727024928,1.74534720180339
2020-03-20,4049,1.61508129422568,0.0208854479870158,1.57414656837014,1.65601602008122
2020-03-21,3357,1.17612702138614,0.0171173774686202,1.14257757803787,1.20967646473441
2020-03-22,2265,0.6972105533561,0.0125710277952148,0.672571791628827,0.721849315083373
2020-03-23,3729,0.866096812808619,0.013499844230801,0.839637604319348,0.89255602129789
2020-03-24,4881,1.23442006184438,0.0158585141865174,1.20333794519048,1.26550217849827
2020-03-25,5676,1.27521824296018,0.0161213512159409,1.24362097519481,1.30681551072554
2020-03-26,5902,1.33746205938373,0.016530784733901,1.3050623166691,1.36986180209836
2020-03-27,5980,1.25512499240116,0.0159478218994665,1.22386783584635,1.28638214895598
2020-03-28,4721,0.855141506027656,0.012977560935086,0.829705953987713,0.880577058067598
2020-03-29,3076,0.479410460666909,0.0095217883597977,0.460748098413293,0.498072822920525
2020-03-30,4116,0.672351925408535,0.0111136345100067,0.65056960203158,0.694134248785489
2020-03-31,6059,0.966052364295304,0.013410928045829,0.939767428326221,0.992337300264387
2020-04-01,6257,1.02425666621351,0.0141038842946265,0.996613560953925,1.0518997714731
2020-04-02,6546,0.998559400421098,0.0142564085486615,0.970617353116833,1.02650144772536
2020-04-03,6194,0.709797872440486,0.0122561245045695,0.685776309821491,0.733819435059481
2020-04-04,4342,0.627067091540296,0.0116765994234614,0.60418137720841,0.649952805872181
2020-04-05,2535,0.415273222352868,0.0096185802737449,0.396421151433921,0.434125293271816
2020-04-06,3660,0.368897872078468,0.0092282162406254,0.350810900605295,0.386984843551642
2020-04-07,5189,0.607958004903816,0.0122501491158428,0.583948153831519,0.631967855976113
2020-04-08,5274,0.89745128155899,0.0155661200139911,0.866942246952539,0.927960316165441
2020-04-09,4906,1.03071976719626,0.0176352521670557,0.996155308090553,1.06528422630198
2020-04-10,3354,1.02203668677463,0.018524400475608,0.985729529007242,1.05834384454202
2020-04-11,2884,0.760450476836231,0.016570734275679,0.727972434458517,0.792928519213945
2020-04-12,1864,0.508587421554243,0.0137155827864962,0.481705373265733,0.535469469842753
2020-04-13,1598,0.635076526927822,0.0153577645762829,0.604975861475263,0.665177192380382
2020-04-14,2463,0.823880672120905,0.0176334563362136,0.789319732778966,0.858441611462843
2020-04-15,3324,0.981997587983774,0.0196872580147018,0.943411271320611,1.02058390464694
2020-04-16,3416,0.868928224800111,0.0190114256021145,0.831666515325204,0.906189934275018
2020-04-17,3044,0.828431846764052,0.0189905433878964,0.791211065676929,0.865652627851174
2020-04-18,2106,0.579701338356601,0.0162540184120136,0.547844047665004,0.611558629048199
2020-04-19,1375,0.332849341876835,0.0125536506899052,0.308244638650124,0.357454045103545
2020-04-20,1710,0.554027764765532,0.0165769620456664,0.521537516182938,0.586518013348125
2020-04-21,2183,0.774814404236124,0.0202778197372336,0.735070607866151,0.814558200606097
2020-04-22,2488,0.827849713436638,0.0218919014312989,0.784942375078191,0.870757051795085
2020-04-23,2089,0.921322578831994,0.0241369248715546,0.874015075386198,0.96863008227779
2020-04-24,1903,0.630200237725153,0.0207883876628291,0.589455746609351,0.670944728840955
2020-04-25,1272,0.453017682303083,0.0181936279380224,0.417358826796438,0.488676537809729
2020-04-26,703,0.326603274591532,0.0158612571605171,0.29551578180739,0.357690767375674
2020-04-27,1117,0.593395859524089,0.0219776244268181,0.550320507181778,0.636471211866401
2020-04-28,1460,0.970232733104329,0.0294009919122524,0.912607847846561,1.0278576183621
2020-04-29,1430,1.19528802645319,0.0342069802660341,1.12824357711189,1.26233247579448
2020-04-30,1457,1.27379053694843,0.0368018464643844,1.20166024331367,1.3459208305832
2020-05-01,919,1.09194333940588,0.0348986604762509,1.02354322176374,1.16034345704802
2020-05-02,620,0.757325654996091,0.0290849165593,0.70032026604651,0.814331043945671
2020-05-03,424,0.369701131148133,0.0200204387040071,0.330461792333588,0.408940469962679
2020-05-04,729,0.726653386923775,0.0277639987635039,0.672236949280493,0.781069824567057
2020-05-05,1089,0.920611345343043,0.0315026717051126,0.858867243384234,0.982355447301853
2020-05-06,1221,1.02571496633609,0.0340208179353131,0.959035388458279,1.0923945442139
2020-05-07,1198,0.967329998935831,0.0340305506097603,0.900631345366633,1.03402865250503
2020-05-08,979,0.911687660238547,0.0338126236942411,0.845416135575028,0.977959184902065
2020-05-09,678,0.597587084828145,0.0278929764452403,0.54291785557385,0.65225631408244
2020-05-10,341,0.417639543592229,0.0234940598721942,0.371592032392101,0.463687054792357
2020-05-11,685,0.734373118150066,0.0315440264185852,0.672547962442259,0.796198273857873
2020-05-12,854,1.03469513446931,0.038348353068897,0.959533743587844,1.10985652535077
2020-05-13,909,1.2522896465962,0.0435200736482913,1.16699186964102,1.33758742355138
2020-05-14,808,0.665713377820146,0.0325222267087047,0.601970984774038,0.729455770866254
2020-05-15,727,0.856179897439614,0.0373667541763482,0.78294240503481,0.929417389844418
2020-05-16,459,0.563848971017457,0.030714810610729,0.503649048428459,0.624048893606454
2020-05-17,316,0.370230592142507,0.0250751797452732,0.321084142935903,0.41937704134911
2020-05-18,542,0.729303935645025,0.0359302260235745,0.658881986682435,0.799725884607615
2020-05-19,728,1.15863709391366,0.0466449730362293,1.06721462670281,1.25005956112451
2020-05-20,828,1.32116077294248,0.0519000967547383,1.21943845250905,1.42288309337591
2020-05-21,419,1.13684662957568,0.0494281143293775,1.03996930566637,1.23372395348499
2020-05-22,525,0.973552433273373,0.0461508114122128,0.883098505048135,1.06400636149861
2020-05-23,337,0.809192970646922,0.0418423723952024,0.727183427724612,0.891202513569231
2020-05-24,218,0.377053784580817,0.0281823230450632,0.32181744641182,0.432290122749814
2020-05-25,412,0.281938124528388,0.024087599569313,0.234727296898512,0.329148952158264
2020-05-26,617,0.645343900367959,0.0370130111254515,0.572799731602694,0.717888069133225
2020-05-27,648,1.14022988505747,0.0511978332214255,1.03988397585699,1.24057579425795
2020-05-28,529,1.35856824289553,0.0591240937947764,1.2426871484392,1.47444933735186
2020-05-29,445,1.240302743614,0.059331726472186,1.12401469658794,1.35659079064007
2020-05-30,374,0.84068041034381,0.0497976097621209,0.743078888693873,0.938281931993748
2020-05-31,179,0.471701128119907,0.0368336698327926,0.399508461829194,0.54389379441062
2020-06-01,137,0.815693262465821,0.0474914978450518,0.722611637117658,0.908774887813984
2020-06-02,304,1.17108566529912,0.0568059987608826,1.05974795362197,1.28242337697628
2020-06-03,496,1.46089245424919,0.064187929362415,1.33508642445665,1.58669848404172
2020-06-04,528,0.805414012738854,0.0480469718242554,0.711243678397102,0.899584347080605
2020-06-05,437,0.993601806548739,0.052959154232105,0.889803771602112,1.09739984149537
2020-06-06,285,0.844791862874364,0.0488555748703821,0.749036695684415,0.940547030064314
2020-06-07,164,0.485586122525801,0.0370255947292688,0.413017290350258,0.558154954701344
2020-06-08,295,0.742073093085445,0.046110178420629,0.651698804060296,0.832447382110594
2020-06-09,425,1.51812172327331,0.0667024390834409,1.38738734498879,1.64885610155783
2020-06-10,518,2.64796231824698,0.0901899544700176,2.47119325571844,2.82473138077552
2020-06-11,281,2.36842105263158,0.0857425990566312,2.20036864653972,2.53647345872343
2020-06-12,352,2.8417152267545,0.0899980242175212,2.66532234060839,3.0181081129006
2020-06-13,299,1.3966617574865,0.0585511067347892,1.28190369703135,1.51141981794165
2020-06-14,172,0.444889779559118,0.0298590469453935,0.386367122933456,0.50341243618478
2020-06-15,259,0.759920710555407,0.0361049225438651,0.689156362704823,0.830685058405991
2020-06-16,518,0.860156167190757,0.0369810020656881,0.787674735029807,0.932637599351707
2020-06-17,862,0.806788789285335,0.0358661364535372,0.736492453571803,0.877085124998867
2020-06-18,763,0.9303429886401,0.0391052325968269,0.853698141143257,1.00698783613694
2020-06-19,997,0.993327821254831,0.041460702196396,0.912066338176154,1.07458930433351
2020-06-20,569,0.597609561752988,0.0331494141170456,0.532637903974975,0.662581219531001
2020-06-21,222,0.38541844213397,0.0271853208430246,0.332136192373475,0.438700691894464
2020-06-22,443,0.824885708606639,0.0404920468842444,0.745522755053213,0.904248662160065
2020-06-23,541,0.968607964580929,0.0453095694929439,0.879802840219745,1.05741308894211
2020-06-24,506,1.07575945443273,0.048999500458996,0.979722198272648,1.17179671059282
2020-06-25,566,1.09326744904262,0.0503217132081542,0.994638703514283,1.19189619457095
2020-06-26,574,1.01600593597626,0.0492256484431187,0.919525437912113,1.1124864340404
2020-06-27,325,0.705408669977184,0.0412809199881132,0.624499553551803,0.786317786402566
2020-06-28,201,0.33954143308802,0.0284936841016809,0.283694838461864,0.395388027714177
2020-06-29,415,0.78080651207626,0.0433781395597922,0.695786920822715,0.865826103329805
2020-06-30,457,0.984886649874056,0.0498078587740181,0.887265040529923,1.08250825921819
2020-07-01,482,1.19539551357733,0.0563514849233671,1.08494863265218,1.30584239450248
2020-07-02,472,1.19218301957362,0.0578293707619981,1.07883953563149,1.30552650351575
2020-07-03,426,1.22781112573428,0.0595575877613054,1.11108039871604,1.34454185275252
2020-07-04,292,0.798816568047337,0.0480831070017126,0.704575410059195,0.89305772603548
2020-07-05,142,0.366672886732599,0.0320363588605885,0.303882777170045,0.429462996295154
2020-07-06,324,0.894076060458313,0.049518293139752,0.797021989328503,0.991130131588124
2020-07-07,391,1.29763418188583,0.0601763442608386,1.17969071441331,1.41557764935836
2020-07-08,450,1.56174684276487,0.067206883478004,1.4300237716348,1.69346991389494
2020-07-09,425,1.63003962925359,0.069316335863979,1.49418210741991,1.76589715108728
2020-07-10,425,1.50852519025142,0.0660263538703161,1.3791159146351,1.63793446586774
2020-07-11,276,1.1988374909179,0.0571523349087634,1.08682097286435,1.31085400897145
2020-07-12,131,0.447674095481576,0.0334607329078911,0.382092264085795,0.513255926877357
2020-07-13,326,1.05044831495414,0.0493543671761658,0.953715532809087,1.14718109709919
2020-07-14,465,1.18492736077482,0.0518628616470756,1.08327801981137,1.28657670173827
2020-07-15,540,1.58089159169724,0.0597948115784392,1.46369591454114,1.69808726885334
2020-07-16,553,1.58050557959463,0.0599951713610544,1.46291720448065,1.6980939547086
2020-07-17,522,1.78136755919451,0.062784956667896,1.65831130535453,1.9044238130345
2020-07-18,440,1.14276343531837,0.0490858925837068,1.0465568537053,1.23897001693144
2020-07-19,179,0.404266189807127,0.0278308322512466,0.349718760934908,0.458813618679346
2020-07-20,453,0.934802317789428,0.0407206285424104,0.85499135241847,1.01461328316039
2020-07-21,522,1.3022230739747,0.0473927500867408,1.20933499067638,1.39511115727302
2020-07-22,699,1.5841086245914,0.0525126895653799,1.48118564431192,1.68703160487088
2020-07-23,694,1.50218340611354,0.0512240289907954,1.40178615414854,1.60258065807853
2020-07-24,805,1.55307178189782,0.0513710486427062,1.45238637671006,1.65375718708558
2020-07-25,542,0.906370396917839,0.0382329276302006,0.831435235739119,0.981305558096559
2020-07-26,211,0.454680977936792,0.0260349570610808,0.403653399758027,0.505708556115557
2020-07-27,527,1.12720709409087,0.0399026985879086,1.04899924197262,1.20541494620913
2020-07-28,755,1.32964118564743,0.0432075329113454,1.24495597728036,1.41432639401449
2020-07-29,910,1.57100172983173,0.04715363460941,1.47858230425713,1.66342115540634
2020-07-30,860,1.63838191441195,0.047980621601747,1.54434162411668,1.73242220470722
2020-07-31,914,1.36297946649003,0.0429724705679483,1.27875497185015,1.44720396112992
2020-08-01,562,0.907144882336263,0.0340205910501164,0.840465749145269,0.973824015527257
2020-08-02,305,0.377472246615201,0.0211013400762789,0.336114380040163,0.418830113190239
2020-08-03,798,1.23477828223148,0.0371793014860975,1.16190819034837,1.30764837411459
2020-08-04,947,1.34434139146521,0.0388888963168402,1.26812055528569,1.42056222764473
2020-08-05,1110,1.74439664930949,0.0444369174244748,1.65730189157353,1.83149140704544
2020-08-06,1166,1.68542289432038,0.0436485747410813,1.59987325985136,1.7709725287894
2020-08-07,1006,1.477929584866,0.0398567969138806,1.39981169837567,1.55604747135633
2020-08-08,711,0.755605406065721,0.0274811029270953,0.701743434073176,0.809467378058266
2020-08-09,320,0.446627598519311,0.020135527179465,0.407162690437832,0.486092506600789
2020-08-10,1103,1.33445152633345,0.0339279520685627,1.26795396220986,1.40094909045703
2020-08-11,1195,1.32098233520034,0.0337385126246478,1.25485606556409,1.3871086048366
2020-08-12,1541,1.52066274925344,0.0363093197808202,1.44949779017989,1.591827708327
2020-08-13,1491,1.3931436210848,0.0346022534860154,1.32532445046828,1.46096279170131
2020-08-14,1375,1.37016777752241,0.0336700362297186,1.304175719154,1.43615983589082
2020-08-15,756,0.723207955112438,0.0238694193271922,0.676424752899257,0.769991157325619
2020-08-16,492,0.416071093105504,0.017488772497216,0.381793728877146,0.450348457333862
2020-08-17,1547,1.01587527585961,0.0268923282800941,0.963167280970202,1.06858327074903
2020-08-18,1533,1.06908026301054,0.0277425951992544,1.01470577558233,1.12345475043876
2020-08-19,1754,1.19804159145422,0.0298116237937887,1.13961188249773,1.2564713004107
2020-08-20,1621,1.17585177141306,0.0299634776423811,1.11712443438242,1.2345791084437
2020-08-21,1656,1.07760772634152,0.0288932989809671,1.02097790094428,1.13423755173877
2020-08-22,918,0.641163793103448,0.0222150087587158,0.597623176020123,0.684704410186773
2020-08-23,566,0.401621806132558,0.0173474198671438,0.367621487968262,0.435622124296855
2020-08-24,1427,0.884530070034644,0.0257169955216507,0.83412568502163,0.934934455047657
2020-08-25,1485,1.02169584443123,0.0281532631350998,0.966516462639153,1.0768752262233
2020-08-26,1615,1.14836554090663,0.0305498492257382,1.08848893669105,1.2082421451222
2020-08-27,1540,1.28861263334622,0.0330739830126114,1.22378881781622,1.35343644887623
2020-08-28,1391,1.30275549354726,0.0337044787061173,1.23669592916557,1.36881505792895
2020-08-29,833,0.957538994800693,0.0288054941743408,0.901081263662107,1.01399672593928
2020-08-30,536,0.483924611973393,0.0200593205351688,0.444609066170117,0.523240157776668
2020-08-31,1183,1.12844379582829,0.0300624545120152,1.06952246769787,1.18736512395871
2020-09-01,1317,1.10159020808704,0.0296860966280327,1.04340652785452,1.15977388831956
2020-09-02,1413,1.40134659116244,0.0335369406058743,1.33561539542327,1.46707778690161
2020-09-03,1518,1.28914057295137,0.0323195412205579,1.22579543616221,1.35248570974052
2020-09-04,1494,1.31543303322444,0.0323739138776353,1.25198132798568,1.37888473846321
2020-09-05,1105,0.949753422767873,0.0271468947064909,0.896546486851049,1.0029603586847
2020-09-06,582,0.559416601409554,0.0202655252669963,0.519696901758455,0.599136301060653
2020-09-07,1409,1.05570388157791,0.0273954785718541,1.00200973023784,1.10939803291798
2020-09-08,1377,1.42147822386154,0.0317534817500346,1.35924254324772,1.48371390447536
2020-09-09,1746,1.57166746297181,0.0335614987309167,1.50588813419203,1.63744679175159
2020-09-10,1591,1.671875,0.0344588337236029,1.60433692695248,1.73941307304752
2020-09-11,1651,1.48101784413693,0.0318002486039558,1.41869050217375,1.5433451861001
2020-09-12,1224,0.884157522073965,0.023689401458249,0.837727148400487,0.930587895747444
2020-09-13,762,0.402644152951688,0.0153173054570104,0.372622785915749,0.432665519987627
2020-09-14,1485,0.909362701729766,0.0223463692662232,0.865564622782736,0.953160780676796
2020-09-15,2004,0.99626332564018,0.0233978116892447,0.95040445741221,1.04212219386815
2020-09-16,2193,1.2471939703282,0.0265300376131851,1.19519605209786,1.29919188855853
2020-09-17,2354,1.40014556419121,0.0286161442137001,1.34405895215595,1.45623217622647
2020-09-18,2169,1.38325509019939,0.0286504297239054,1.32710127979894,1.43940890059984
2020-09-19,1393,1.04778045759729,0.0247930277663828,0.999187016107477,1.0963738990871
2020-09-20,691,0.485944892847203,0.0164467427806225,0.453709869334189,0.518179916360217
2020-09-21,1656,0.971962396208934,0.0227208156606768,0.927430415814634,1.01649437660323
2020-09-22,1813,1.13843548340001,0.0244612810474449,1.0904922535313,1.18637871326871
2020-09-23,2210,1.44303396306143,0.0276080800296607,1.38892312052099,1.49714480560186
2020-09-24,2394,1.56283393887583,0.0288968097520623,1.50619723249368,1.61947064525798
2020-09-25,2331,1.53904677185261,0.0284715894390318,1.4832434819695,1.59485006173573
2020-09-26,1786,1.10794069008044,0.0236428781847666,1.06160150034743,1.15427987981345
2020-09-27,873,0.540005610447901,0.0158893920156779,0.508862974360934,0.571148246534868
2020-09-28,1830,1.05724358880583,0.0215405436607365,1.01502489902337,1.09946227858828
2020-09-29,2166,1.54111648955976,0.0257317769980048,1.49068313338546,1.59154984573407
2020-09-30,2732,1.92192921086823,0.028691902924395,1.8656941144885,1.97816430724796
2020-10-01,2925,1.9613241621324,0.0287005975098564,1.9050720246783,2.0175762995865
2020-10-02,2922,1.98839220207525,0.0279556575339324,1.93360012014461,2.0431842840059
2020-10-03,2196,1.28646885745684,0.0213553057277167,1.24461322735167,1.32832448756201
2020-10-04,1155,0.706813615473197,0.0148318846657507,0.677743655705474,0.735883575240921
2020-10-05,2409,1.17397396773993,0.0181385800744298,1.13842300406335,1.2095249314165
2020-10-06,3587,1.42486022976575,0.019445788718773,1.38674718422598,1.46297327530552
2020-10-07,4487,1.87410039905651,0.0220132294714739,1.83095526210901,1.91724553600402
2020-10-08,4670,1.98717805588738,0.0223419507647442,1.94338863704411,2.03096747473064
2020-10-09,5059,1.88023663430149,0.0210559283696916,1.83896777303584,1.92150549556714
2020-10-10,3629,1.21962716948789,0.0161657048329634,1.18794297023058,1.25131136874521
2020-10-11,2271,0.696375489905269,0.0114825306818393,0.673870143317488,0.71888083649305
2020-10-12,4189,1.11447979869334,0.0138383314553347,1.08735716743476,1.14160242995192
2020-10-13,5369,1.54818224710218,0.0159318822622411,1.51695633166225,1.5794081625421
2020-10-14,7248,1.99423683604441,0.0179008373350877,1.95915183957453,2.0293218325143
2020-10-15,7911,2.17258047749402,0.0184057514968539,2.13650586745179,2.20865508753625
2020-10-16,7974,2.03498027567344,0.0171760404485368,2.0013158549973,2.06864469634957
2020-10-17,5692,1.43321475701417,0.0136022470900335,1.40655484260889,1.45987467141945
2020-10-18,3678,0.837283982653739,0.0096959576884033,0.818280254788844,0.856287710518633
2020-10-19,6486,1.2001423987987,0.0109448117225579,1.17869096200492,1.22159383559249
2020-10-20,9443,1.48741674906255,0.0117789556795809,1.46433042015508,1.51050307797002
2020-10-21,12411,1.72432087545875,0.0124286878581637,1.69996109488166,1.74868065603584
2020-10-22,13933,1.71185367475125,0.0121484468333735,1.68804315648974,1.73566419301276
2020-10-23,14037,1.57249561463116,0.0112860797739425,1.55037530474758,1.59461592451473
2020-10-24,11102,1.04734897424542,0.0088498182312107,1.03000364924252,1.06469429924832
2020-10-25,7457,0.718052812134755,0.0069988180716476,0.704335380779977,0.731770243489532
2020-10-26,12024,0.973572268470122,0.0078829824500634,0.958121906777236,0.989022630163008
2020-10-27,15946,1.20208333764945,0.0086436090367872,1.1851421752409,1.219024500058
2020-10-28,19248,1.31629939537338,0.0090399549607768,1.29858140922839,1.33401738151837
2020-10-29,19856,1.38112728720597,0.0092534855979513,1.36299078870253,1.39926378570942
2020-10-30,19413,1.32040856971372,0.0089875717019109,1.3027932528695,1.33802388655794
2020-10-31,14006,0.943124232666655,0.0074731192725762,0.928477188040234,0.957771277293077
2020-11-01,10526,0.572015022161071,0.0056794046677031,0.560883593558744,0.583146450763398
2020-11-02,15253,0.867470533592308,0.0068624616922471,0.854020355830218,0.880920711354398
2020-11-03,19341,1.06326611975588,0.0075914664942082,1.04838711883739,1.07814512067437
2020-11-04,21202,1.25412334697965,0.0083220761555338,1.2378123774382,1.27043431652109
2020-11-05,22277,1.32780835929117,0.0086622196092883,1.31083072083079,1.34478599775155
2020-11-06,21584,1.21220207342137,0.0082959459191019,1.19594231820224,1.2284618286405
2020-11-07,15927,0.881126215108722,0.0070109732060602,0.867384960128269,0.894867470089176
2020-11-08,10144,0.474536588622304,0.0050454073593522,0.46464777191064,0.484425405333967
2020-11-09,15979,0.767390725294698,0.0063308395482738,0.75498250778818,0.779798942801217
2020-11-10,19617,1.07514338884943,0.0075369364405552,1.06037126487217,1.08991551282668
2020-11-11,22710,1.29435702016274,0.008410236742137,1.27787325904669,1.31084078127878
2020-11-12,23497,1.34376328158597,0.0087198547275963,1.32667268036946,1.36085388280248
2020-11-13,21351,1.27359299332074,0.0085316707344609,1.25687122595325,1.29031476068824
2020-11-14,15795,0.828867891254048,0.0068180909728433,0.815504678503957,0.842231104004139
2020-11-15,8846,0.473959936161229,0.0050438397564537,0.464074191894788,0.483845680427669
2020-11-16,14693,0.784894166469452,0.0063933084614866,0.772363512142883,0.797424820796021
2020-11-17,20349,1.01852564685792,0.0073118342207397,1.00419471512434,1.0328565785915
2020-11-18,23686,1.19716338921547,0.0080615692383197,1.18136300384949,1.21296377458146
2020-11-19,23748,1.2800523350191,0.0084842406201329,1.26342352896747,1.29668114107073
2020-11-20,22284,1.15510162714341,0.0081403743777635,1.13914678654232,1.1710564677445
2020-11-21,14779,0.853505650999597,0.0069828241002867,0.839819567252657,0.867191734746537
2020-11-22,8830,0.488063208611007,0.0052069147978219,0.477857843136707,0.498268574085306
2020-11-23,15072,0.722681714102742,0.0062685664933907,0.710395549541002,0.734967878664483
2020-11-24,19404,1.05890261343155,0.0076383917040531,1.0439316407918,1.0738735860713
2020-11-25,22053,1.32341283294436,0.0086876947911624,1.306385264045,1.34044040184371
2020-11-26,22763,1.44586064355198,0.0092520042351499,1.42772704846628,1.46399423863769
2020-11-27,20135,1.33475554773582,0.0089476183325102,1.31721853805669,1.35229255741495
2020-11-28,14940,0.920955455333979,0.0073439462417329,0.906561585195784,0.935349325472174
2020-11-29,8786,0.568712481159571,0.0056206325861731,0.557696243720339,0.579728718598802
2020-11-30,13291,0.874822594044359,0.0068206197750117,0.861454424933095,0.888190763155624
2020-12-01,19218,1.20329425652465,0.0079711088254849,1.18767117030985,1.21891734273945
2020-12-02,23205,1.48264544362451,0.0089170490471374,1.46516834864374,1.50012253860527
2020-12-03,24422,1.57549305369259,0.0092455583166064,1.55737209237508,1.5936140150101
2020-12-04,22253,1.45490088389867,0.00881256528716,1.43762857332443,1.47217319447291
2020-12-05,15726,1.048542602608,0.0073039471330806,1.03422712928218,1.06285807593382
2020-12-06,10238,0.591996566214773,0.0052939195799519,0.581620674501015,0.60237245792853
2020-12-07,16451,0.849900463446947,0.0061561134944138,0.837834702713155,0.86196622418074
2020-12-08,22788,1.17783438524742,0.0071772485932973,1.16376723649646,1.19190153399837
2020-12-09,27646,1.3835980430937,0.0078125753047822,1.36828567686982,1.39891040931758
2020-12-10,29038,1.42867285354263,0.0079898954938012,1.41301294613454,1.44433276095071
2020-12-11,27256,1.31903510594203,0.0076445574576435,1.3040520486473,1.33401816323676
2020-12-12,20609,0.929851294054476,0.0063116601949453,0.917480667389728,0.942221920719224
2020-12-13,12505,0.564839786448143,0.0047905639065921,0.555450453725585,0.574229119170701
2020-12-14,19060,0.791799724917824,0.0055578922052937,0.780906456365493,0.802692993470156
2020-12-15,26931,1.12712193174739,0.0066199435074119,1.11414708089317,1.14009678260161
2020-12-16,31364,1.35159667623716,0.0073318953470733,1.33722642541848,1.36596692705584
2020-12-17,31973,0.860518693187029,0.0059153705383683,0.848924779976618,0.872112606397441
2020-12-18,29772,0.535728572506942,0.0046684037665693,0.526578669259175,0.544878475754709
2020-12-19,21704,0.470429224770141,0.004379165810873,0.461846217498501,0.479012232041782
2020-12-20,13902,0.408104489838184,0.004120586216829,0.400028289258007,0.416180690418361
2020-12-21,20296,0.69427978878315,0.0055349659018655,0.683431454959836,0.705128122606464
2020-12-22,28989,1.32879530202959,0.008000872216836,1.31311388063968,1.34447672341949
2020-12-23,33983,1.64741509153779,0.0093471958351804,1.6290949243444,1.66573525873119
2020-12-24,21162,1.09675810101528,0.0078357856748177,1.08140024330206,1.1121159587285
2020-12-25,13169,0.56796994727495,0.00560563384649,0.556983106825311,0.57895678772459
2020-12-26,11540,0.532264157971192,0.0053218433630692,0.521833536648213,0.542694779294171
2020-12-27,9809,0.45974309325724,0.0048947632063526,0.450149533659937,0.469336652854543
2020-12-28,15734,0.751145107723651,0.0062838082611869,0.738829069845969,0.763461145601333
2020-12-29,27583,1.51945547334509,0.0091763525772426,1.50147015278425,1.53744079390593
2020-12-30,31063,1.67581980552436,0.0100194128292883,1.65618211723272,1.69545749381601
2020-12-31,19591,1.62756354488178,0.010072821819842,1.6078211768922,1.64730591287136
2021-01-01,10266,1.4920478057703,0.0095272898135164,1.47337466086553,1.51072095067507
2021-01-02,10003,0.942195187854643,0.0072996726234229,0.927888092413801,0.956502283295485
2021-01-03,8822,0.436591794636718,0.0047450024083697,0.427291760809757,0.445891828463678
2021-01-04,14289,0.640922210299579,0.0055204754780112,0.63010227718514,0.651742143414018
2021-01-05,27418,1.05389181815212,0.0070128669645658,1.0401468514732,1.06763678483104
2021-01-06,27975,1.16846530436764,0.0075270590178592,1.15371253978313,1.18321806895215
2021-01-07,26108,1.03995838942602,0.0072822361004845,1.02568546894215,1.05423130990989
2021-01-08,24526,0.965782942562528,0.0071404436031619,0.951787930266692,0.979777954858365
2021-01-09,16660,0.723288870601969,0.0062394234983176,0.711059825260974,0.735517915942965
2021-01-10,8466,0.354285222979908,0.0043632640988748,0.345733382491077,0.362837063468739
2021-01-11,13479,0.494048868235647,0.0051634590183183,0.483928674524094,0.504169061947199
2021-01-12,22584,1.03676126398832,0.0076312943701026,1.02180420186749,1.05171832610914
2021-01-13,24098,1.1752537527667,0.0084189737237203,1.15875286748142,1.19175463805199
2021-01-14,20394,1.08327884256597,0.0083561856747421,1.06690101959534,1.09965666553659
2021-01-15,18294,1.01276279593682,0.0082622912255071,0.996569002705041,1.02895658916859
2021-01-16,13438,0.793418842164209,0.0073759346986229,0.778962275802589,0.807875408525829
2021-01-17,6593,0.34196175589131,0.0048273880377995,0.332500249197823,0.351423262584797
2021-01-18,9155,0.45497135815277,0.005540197877125,0.444112769846379,0.46582994645916
2021-01-19,18457,1.07841099696289,0.0086594918914193,1.06143870473129,1.09538328919448
2021-01-20,19487,1.17701282080959,0.009358186164701,1.15867111296616,1.19535452865303
2021-01-21,16806,1.05941432773565,0.0091676949969419,1.04144597572039,1.0773826797509
2021-01-22,15025,1.03894480559766,0.0092703825574252,1.02077518966219,1.05711442153312
2021-01-23,11571,0.83802776656152,0.0084059550464112,0.821552397414891,0.854503135708149
2021-01-24,5018,0.352331296982402,0.0054378848307426,0.34167323856207,0.362989355402734
2021-01-25,6744,0.485500627925562,0.006342756615291,0.473069053396889,0.497932202454236
2021-01-26,15509,1.04622873345936,0.0094339102988521,1.02773860904023,1.06471885787849
2021-01-27,15819,1.21418877521763,0.0104850818417301,1.19363839243289,1.23473915800238
2021-01-28,13354,1.10582041657545,0.0103091395650052,1.08561487431645,1.12602595883446
2021-01-29,12560,0.997321370190629,0.009973712399994,0.97777325309448,1.01686948728678
2021-01-30,9939,0.851228887568373,0.0092943097630354,0.833012375171665,0.869445399965082
2021-01-31,4198,0.311235769010454,0.0055980915981338,0.300263711095955,0.322207826924952
2021-02-01,5859,0.415732161018774,0.0064279085662306,0.403133691733046,0.428330630304503
2021-02-02,12299,0.93177926738192,0.0097709224860597,0.91262861121351,0.950929923550329
2021-02-03,13410,1.12854282503578,0.0111322990840934,1.10672391976583,1.15036173030573
2021-02-04,11506,1.10852642762074,0.0114604308412783,1.08606439592453,1.13098845931696
2021-02-05,9999,1.06974270142616,0.0115784954382553,1.04704926737202,1.0924361354803
2021-02-06,8388,0.724679596479338,0.0096873988505264,0.705692643628432,0.743666549330245
2021-02-07,3091,0.485885227217267,0.007922860848015,0.470356705300635,0.501413749133899
2021-02-08,4183,0.56119900083264,0.0084787193971039,0.544581016179295,0.577816985485984
2021-02-09,9094,1.20896791875368,0.0125777307324203,1.18431601951089,1.23361981799647
2021-02-10,10277,1.38141411412149,0.0138155227625757,1.35433618707925,1.40849204116373
2021-02-11,9356,1.31727586874363,0.0137149285244517,1.29039510278517,1.3441566347021
2021-02-12,8536,1.25763184462285,0.0134677573538912,1.2312355252567,1.28402816398901
2021-02-13,5596,1.09846447661592,0.012450437231449,1.07406206805051,1.12286688518134
2021-02-14,3761,0.411084373590014,0.0074594803189107,0.396464060821563,0.425704686358464
2021-02-15,4381,0.56731863366039,0.0085487652822828,0.55056336159483,0.584073905725951
2021-02-16,9239,1.30571755476111,0.0129399529338405,1.28035571304914,1.33107939647308
2021-02-17,9998,1.49641910927644,0.0140833597938509,1.46881623129918,1.52402198725371
2021-02-18,9225,1.35741278273728,0.0136328757740228,1.33069283721449,1.38413272826007
2021-02-19,8720,1.28485004116221,0.0132164117741363,1.25894635008005,1.31075373224437
2021-02-20,7784,1.0075623458622,0.0115136824641835,0.984995942902969,1.03012874882143
2021-02-21,3037,0.430758775640403,0.0073326617912997,0.416387022618643,0.445130528662164
2021-02-22,4404,0.556556331652646,0.0081364058851078,0.540609269154235,0.572503394151057
2021-02-23,10182,1.30211319139718,0.0124417707494534,1.27772776882435,1.32649861397001
2021-02-24,11290,1.40126160106791,0.0131807939115608,1.37542771971361,1.42709548242222
2021-02-25,9914,1.29234134984401,0.0128459293110042,1.26716379104649,1.31751890864152
2021-02-26,9451,1.23532220112989,0.0125687382921749,1.21068792674612,1.25995647551366
2021-02-27,7658,1.03649231649354,0.0113810956032039,1.01418577900665,1.05879885398043
2021-02-28,3451,0.403397565247061,0.0069561644248093,0.389763733503896,0.417031396990226
2021-03-01,4679,0.554177311268972,0.0079698565033268,0.538556679560499,0.569797942977445
2021-03-02,10953,1.32088143028777,0.0123199613922412,1.29673474966805,1.34502811090749
2021-03-03,11302,1.67484079738357,0.0141620710656937,1.64708364814831,1.70259794661883
2021-03-04,10121,1.62394218296374,0.014164141862135,1.59618097504204,1.65170339088544
2021-03-05,9660,1.52440738438252,0.0136167518823242,1.49771904110674,1.55109572765829
2021-03-06,8294,1.20543934124386,0.0117779130916357,1.18235505577121,1.22852362671651
2021-03-07,3363,0.511159614166021,0.007347402857534,0.496758969185348,0.525560259146695
2021-03-08,4835,0.664389920854949,0.0080439095371037,0.648624147867327,0.68015569384257
2021-03-09,11495,1.49522582002788,0.0118991440740341,1.47190392619592,1.51854771385984
2021-03-10,13986,1.76720049701077,0.0130410934770945,1.74164042347665,1.7927605705449
2021-03-11,13145,1.61501493059393,0.0124883902699906,1.59053813543987,1.63949172574799
2021-03-12,12533,1.45914011345152,0.0116422400734082,1.43632174220827,1.48195848469477
2021-03-13,10475,1.14559086246996,0.0099646740196392,1.12606046027379,1.16512126466614
2021-03-14,4840,0.47562828578854,0.0061619394287041,0.463551106433363,0.487705465143718
2021-03-15,6822,0.659300952901064,0.0069964417154369,0.645588179118875,0.673013726683254
2021-03-16,15790,1.41743872386312,0.0101624831278622,1.39752062293902,1.43735682478723
2021-03-17,18363,1.68956095183871,0.0112258849589788,1.66755862162452,1.7115632820529
2021-03-18,16724,1.65473306475729,0.0111847145565412,1.63281142704911,1.67665470246547
2021-03-19,15708,1.47181037965695,0.0103979170827579,1.45143083666051,1.49218992265339
2021-03-20,13217,1.0874448305149,0.0086575502369502,1.07047634385613,1.10441331717367
2021-03-21,5958,0.481110071832407,0.0055245293680762,0.470282193239443,0.49193795042537
2021-03-22,8880,0.648206831598354,0.0061835021646312,0.636087390057352,0.660326273139357
2021-03-23,19454,1.18128487789237,0.0082736907978278,1.1650687419094,1.19750101387533
2021-03-24,22652,1.42651964785217,0.0092075692768511,1.40847314368438,1.44456615201995
2021-03-25,21888,1.31034496807813,0.0089487654837425,1.2928057100239,1.32788422613236
2021-03-26,20036,0.948026703598622,0.0076164537650797,0.933098728529151,0.962954678668093
2021-03-27,15777,0.637931620479868,0.0061856446197159,0.625807979804061,0.650055261155675
2021-03-28,7584,0.417357862374149,0.0049364680151013,0.407682562853717,0.427033161894582
2021-03-29,10989,0.409064787456972,0.0048729276243708,0.399514024813935,0.418615550100009
2021-03-30,20385,0.694065236370117,0.00646937953897,0.681385485471416,0.706744987268819
2021-03-31,24003,1.54716715974188,0.0100433643647435,1.52748252730337,1.56685179218039
2021-04-01,21441,1.84648315656278,0.0115037306671423,1.82393625876733,1.86903005435823
2021-04-02,15493,1.76147084966705,0.0115407698877103,1.73885135633328,1.78409034300083
2021-04-03,10636,1.33314034683446,0.0099192978547214,1.31369888028728,1.35258181338164
2021-04-04,7148,0.591951877234693,0.0062884705862155,0.579626701367871,0.604277053101515
2021-04-05,7047,0.727732996959683,0.0066132954849321,0.714771175990094,0.740694817929271
2021-04-06,11510,1.50981176156004,0.0092354023823139,1.49171070550797,1.52791281761211
2021-04-07,23731,1.59774838192935,0.0094562847726959,1.57921440434731,1.61628235951139
2021-04-08,25764,1.39194604705337,0.0087911407836935,1.37471572773431,1.40917636637243
2021-04-09,23296,1.23371652515472,0.0081204232060685,1.2178007881316,1.24963226217784
2021-04-10,18063,0.895816453158816,0.0067329884042839,0.882620038378094,0.909012867939539
2021-04-11,8861,0.426175984608299,0.0045376402569822,0.417282373129814,0.435069596086783
2021-04-12,12109,0.573618914282661,0.0051748829860205,0.563476330005852,0.583761498559471
2021-04-13,26726,1.31793135859312,0.0078831880304119,1.30248059397015,1.33338212321608
2021-04-14,28548,1.45281739441983,0.0084764635963981,1.43620383105463,1.46943095778504
2021-04-15,25070,1.3013882974193,0.0081550481519891,1.28540469674921,1.31737189808939
2021-04-16,23082,1.17245448511015,0.0077373302841317,1.15728959641676,1.18761937380354
2021-04-17,17702,0.895241856047863,0.0066660760750544,0.882176587022552,0.908307125073174
2021-04-18,8821,0.412731692960296,0.0044302983577714,0.404048467738297,0.421414918182295
2021-04-19,12287,0.558888089488083,0.0050607647151819,0.548969172912095,0.568807006064071
2021-04-20,27950,1.17024134896002,0.0073627757605079,1.15581057364318,1.18467212427686
2021-04-21,29376,1.21713250083695,0.0076970521669878,1.20204655580253,1.23221844587137
2021-04-22,25466,1.09081530032885,0.0074517864759655,1.07621006721548,1.10542053344223
2021-04-23,22962,0.999036007216042,0.0072172550969751,0.984890447158733,1.01318156727335
2021-04-24,18036,0.791859257707095,0.0064496142892676,0.779218245985956,0.804500269428235
2021-04-25,8679,0.346888761292653,0.0042509473112086,0.338557057662507,0.355220464922799
2021-04-26,12196,0.471011542629747,0.0049302339145657,0.46134846172184,0.480674623537654
2021-04-27,25262,1.11934844268198,0.0077275506093647,1.10420272179892,1.13449416356505
2021-04-28,25005,1.19279375219612,0.008259029627868,1.17660635157825,1.20898115281399
2021-04-29,21428,1.04398786159625,0.007967980188658,1.02837090739695,1.05960481579555
2021-04-30,19161,0.977139610412385,0.0078541501134235,0.961745759060904,0.992533461763866
2021-05-01,15074,0.773002199086862,0.0070421492832637,0.759199840117911,0.786804558055814
2021-05-02,6659,0.340282407772285,0.0046631532791699,0.331142795290722,0.349422020253847
2021-05-03,9127,0.469075394070738,0.0054573173425692,0.458379248627097,0.47977153951438
2021-05-04,20982,1.10181967221499,0.0085116231539677,1.08513719738323,1.11850214704674
2021-05-05,20858,1.16412823182602,0.0090668482251834,1.14635753585137,1.18189892780067
2021-05-06,17167,0.726948400092197,0.0073917188730862,0.712460897317102,0.741435902867291
2021-05-07,15478,0.597256118244013,0.0068375157282594,0.583854833672899,0.610657402815128
2021-05-08,12049,0.700789154957881,0.0075559252561154,0.685979813586018,0.715598496329744
2021-05-09,5325,0.363043457772165,0.0055492811741106,0.352167066530822,0.373919849013508
2021-05-10,7388,0.46311162698892,0.0063976435763956,0.450572475993261,0.47565077798458
2021-05-11,16757,1.16823069424296,0.0105207590526496,1.14761038540974,1.18885100307618
2021-05-12,16485,1.17462746510082,0.0110455678879854,1.15297854985158,1.19627638035006
2021-05-13,9672,0.937535929975954,0.010213561143703,0.917517717980398,0.95755414197151
2021-05-14,7630,0.875447743577638,0.0100539874236363,0.855742290326292,0.895153196828984
2021-05-15,8602,0.686612859430892,0.0090032587972961,0.668966796444698,0.704258922417086
2021-05-16,4280,0.237057748485036,0.0053020980923109,0.226665827181608,0.247449669788464
2021-05-17,5240,0.213015094968738,0.0050166351493956,0.203182670752344,0.222847519185131
2021-05-18,12330,0.45564211142335,0.0075233140671864,0.440896686807281,0.470387536039419
2021-05-19,11309,0.993398967748713,0.0117522923876357,0.970364897933163,1.01643303756426
2021-05-20,8426,1.09494604567097,0.0132664706287471,1.06894424103667,1.12094785030528
2021-05-21,7582,0.950061125820898,0.0132323571230974,0.924126182429055,0.975996069212741
2021-05-22,5816,0.754443012863775,0.0124214447831648,0.730097428452819,0.778788597274731
2021-05-23,1999,0.335745182306496,0.0083805451700384,0.31931961560241,0.352170749010583
2021-05-24,1803,0.508758476412002,0.0102995142994082,0.488571799326906,0.528945153497097
2021-05-25,3668,1.09039118875807,0.0152625465149474,1.06047714727641,1.12030523023973
2021-05-26,7145,1.01365334109272,0.0151274694897878,0.984004045715506,1.04330263646993
2021-05-27,6812,0.695857371731633,0.0128357260467975,0.670699810964487,0.721014932498778
2021-05-28,5155,0.558107938517278,0.0117062685279768,0.535164073809088,0.581051803225467
2021-05-29,3689,0.593053173241852,0.012352594048876,0.568842533790412,0.617263812693293
2021-05-30,1605,0.311727141855229,0.009289779854322,0.293519507916452,0.329934775794006
2021-05-31,2440,0.506960411629454,0.0122595912794388,0.482932054256573,0.530988769002336
2021-06-01,5104,1.14168599320425,0.0192212835185815,1.1040129697712,1.1793590166373
2021-06-02,4490,1.02316586985181,0.01912209056609,0.985687261033159,1.06064447867046
2021-06-03,2939,0.873752789391335,0.0183349617422893,0.837816924718529,0.909688654064142
2021-06-04,2273,0.74404213948601,0.0173408602648828,0.710054677905898,0.778029601066122
2021-06-05,2305,0.54712902835102,0.0151455309004403,0.517444333259418,0.576813723442621
2021-06-06,1126,0.220136859837634,0.0097098206392621,0.201105961088336,0.239167758586931
2021-06-07,1710,0.407289201039929,0.0133340498179845,0.381154943628616,0.433423458451241
2021-06-08,3528,0.799302866803728,0.0193745485960934,0.761329449338664,0.837276284268792
2021-06-09,2863,0.760863201526878,0.0200227158296547,0.721619399628075,0.800107003425682
2021-06-10,2271,0.681849569569306,0.0200891855996494,0.642475489315253,0.72122364982336
2021-06-11,1841,0.680568134125599,0.0212366685414001,0.63894502863284,0.722191239618358
2021-06-12,1305,0.54570516659966,0.0200740890508806,0.506360675037484,0.585049658161836
2021-06-13,514,0.217054536492624,0.0131127440952735,0.191354030327398,0.24275504265785
2021-06-14,933,0.500975745748536,0.0204693140516093,0.460856627419143,0.54109486407793
2021-06-15,1702,0.957998483699773,0.0295223303828742,0.900135779409647,1.0158611879899
2021-06-16,1444,0.907146296939221,0.030238209897974,0.84788049458223,0.966412099296213
2021-06-17,1152,0.905663149132042,0.0315886297973908,0.843750572408188,0.967575725855897
2021-06-18,1027,0.876546146527117,0.0322879922942394,0.813262844497301,0.939829448556933
2021-06-19,739,0.611730081984444,0.0277772321364876,0.55728770740672,0.666172456562168
2021-06-20,274,0.286484471337214,0.019227578766276,0.248799109445406,0.324169833229022
2021-06-21,599,0.671827844114946,0.0296908765227261,0.613634795460977,0.730020892768915
2021-06-22,1053,1.24573247030108,0.0416170008879125,1.1641646474162,1.32730029318596
2021-06-23,900,1.28714682453894,0.0438913424201475,1.20112137416233,1.37317227491554
2021-06-24,822,1.1081462878669,0.0417056357105209,1.02640474392193,1.18988783181187
2021-06-25,737,1.06538174848259,0.0412517460445478,0.984529811935883,1.1462336850293
2021-06-26,485,0.806847260213536,0.0357980584227519,0.736684354988481,0.87701016543859
2021-06-27,222,0.322464513474594,0.0223053368053913,0.278746856672991,0.366182170276196
2021-06-28,512,0.833291247916772,0.0355316581977433,0.763650477538208,0.902932018295336
2021-06-29,896,1.64678795852303,0.0506524188076513,1.5475110419302,1.74606487511587
2021-06-30,860,1.57076318031064,0.0506171360685235,1.47155541661577,1.66997094400551
2021-07-01,706,1.5771278055205,0.050954686518824,1.47725845510007,1.67699715594092
2021-07-02,667,1.50275637854265,0.0488846686481216,1.40694418859616,1.59856856848915
2021-07-03,508,1.17523730912092,0.0417866281448872,1.09333702292158,1.25713759532027
2021-07-04,209,0.425100295208538,0.0240665650736358,0.377930694432623,0.472269895984454
2021-07-05,550,0.996718106277495,0.0353944977481904,0.927346165440157,1.06609004711483
2021-07-06,1057,2.18355472609507,0.0519305534017614,2.08177271173038,2.28533674045976
2021-07-07,963,2.01749182657157,0.0500478126489405,1.91939991627464,2.11558373686851
2021-07-08,958,1.80487804878049,0.0463398979039868,1.71405351784141,1.89570257971957
2021-07-09,945,1.75116648227428,0.0435349627808141,1.66583952315559,1.83649344139297
2021-07-10,791,1.23316660253944,0.0344411577336825,1.16566317379556,1.30067003128332
2021-07-11,312,0.424153920555297,0.0190259035707892,0.386863834783219,0.461444006327376
2021-07-12,793,1.10577295621852,0.0292721065750083,1.04840068157989,1.16314523085715
2021-07-13,1768,1.76223565207916,0.0364609150691437,1.69077357170026,1.83369773245806
2021-07-14,1625,1.72367033298177,0.0360351385960566,1.65304275915559,1.79429790680795
2021-07-15,1517,1.62954995477547,0.0345697032274946,1.56179458149334,1.69730532805759
2021-07-16,1618,1.45497011746926,0.0316148478367901,1.39300615433244,1.51693408060608
2021-07-17,1282,1.01224852446532,0.0253458469857408,0.962571577215602,1.06192547171503
2021-07-18,497,0.371388474017613,0.0146689627788213,0.342637835280565,0.400139112754662
2021-07-19,1427,0.901149480685351,0.0221045321343417,0.857825393806933,0.944473567563769
2021-07-20,2336,1.67358279507812,0.0300972946439386,1.61459318154391,1.73257240861233
2021-07-21,2288,1.57507487151678,0.0295557532999589,1.51714665951291,1.63300308352065
2021-07-22,2222,1.454312244159,0.0283421133760904,1.39876272269611,1.50986176562189
2021-07-23,2118,1.33987274655355,0.0266539103447652,1.28763204223065,1.39211345087645
2021-07-24,1595,0.976184158153111,0.0220385112680942,0.932989469794767,1.01937884651146
2021-07-25,641,0.362694033845267,0.0129616273332131,0.337289711091139,0.388098356599395
2021-07-26,1662,0.926351904557683,0.0201571460169372,0.886844624333371,0.965859184781995
2021-07-27,3092,1.65432751630531,0.0270006587026977,1.60140719768916,1.70724783492145
2021-07-28,2840,1.60579430518081,0.0269472578021548,1.55297865040647,1.65860995995515
2021-07-29,2633,1.59117317092716,0.0267812038219442,1.53868297597352,1.64366336588079
2021-07-30,2527,1.52513106332769,0.025658741296181,1.47484085449854,1.57542127215683
2021-07-31,1962,1.12469798657718,0.0212814125021055,1.08298718453291,1.16640878862145
2021-08-01,783,0.41881024003929,0.0124204422371569,0.394466620582403,0.443153859496178
2021-08-02,2112,0.998808638509053,0.0184679782590809,0.962612066253986,1.03500521076412
2021-08-03,3754,1.87022601087993,0.0250861966053939,1.82105796902427,1.91939405273559
2021-08-04,3551,1.91465538691217,0.0254879902802462,1.86469984392458,1.96461092989976
2021-08-05,3530,1.79891535985656,0.0243899707869185,1.75111189553021,1.8467188241829
2021-08-06,3533,1.77604532407944,0.0233427634945691,1.73029434833045,1.82179629982843
2021-08-07,2793,1.28213094783989,0.0188406114296524,1.24520402799106,1.31905786768872
2021-08-08,1137,0.509781194300773,0.0111992498814304,0.487831067879305,0.531731320722241
2021-08-09,2925,1.00676831535887,0.0149880451829647,0.9773922866016,1.03614434411614
2021-08-10,5558,1.92048749677012,0.0203354319640944,1.88063078251043,1.96034421102981
2021-08-11,5643,1.876612071573,0.0200560974182922,1.83730284296272,1.91592130018328
2021-08-12,5440,1.7919983459113,0.0192487798811325,1.75427143059794,1.82972526122466
2021-08-13,5789,1.69069445921514,0.0179901837490565,1.65543434699174,1.72595457143855
2021-08-14,4631,1.18024399237908,0.0142831843725818,1.15224946542427,1.20823851933388
2021-08-15,2072,0.480801490665276,0.0086284940352257,0.463889953115415,0.497713028215138
2021-08-16,4512,0.928578172205438,0.0114674242179203,0.906102433742872,0.951053910668004
2021-08-17,8919,1.78100482522377,0.0156845211126691,1.75026372872818,1.81174592171935
2021-08-18,8755,1.76869403221397,0.0156810454954783,1.73795974780289,1.79942831662504
2021-08-19,8667,1.58100531628574,0.0146678899952247,1.5522567801659,1.60975385240557
2021-08-20,8832,1.32995531689169,0.0130469313614722,1.30438380131444,1.35552683246895
2021-08-21,6828,0.990029357783743,0.010804035350679,0.968853837608714,1.01120487795877
2021-08-22,3105,0.407394665845842,0.0066527270350264,0.394355560458214,0.42043377123347
2021-08-23,6557,0.723587304695059,0.0086098648720902,0.706712279634006,0.740462329756112
2021-08-24,12894,1.49609829557122,0.0123941129337105,1.47180628060083,1.52039031054162
2021-08-25,12722,1.56694301595704,0.0129090080099429,1.54164182518142,1.59224420673267
2021-08-26,11618,1.37469609755629,0.0121907784929412,1.35080261076662,1.39858958434596
2021-08-27,10391,1.27392879532471,0.0116018039896677,1.25118967734927,1.29666791330015
2021-08-28,8397,0.954838522012403,0.0098052135473397,0.935620656598892,0.974056387425913
2021-08-29,3750,0.383670369754864,0.0060265665780298,0.371858516311493,0.395482223198235
2021-08-30,7063,0.631124412912764,0.0075428407885256,0.616340716626134,0.645908109199394
2021-08-31,14571,1.36963805958886,0.0111371092870298,1.34780972649439,1.39146639268332
2021-09-01,14734,1.33984962406015,0.0112608310511889,1.31777880076383,1.36192044735647
2021-09-02,12716,1.2065137576922,0.0108444377289697,1.18525905031083,1.22776846507357
2021-09-03,12057,1.08811765663582,0.0103098597066806,1.06791070292507,1.10832461034658
2021-09-04,9483,0.821269158633646,0.0088724954444147,0.803879387109598,0.838658930157695
2021-09-05,4053,0.305460359561981,0.0053286976498825,0.295016304083708,0.315904415040254
2021-09-06,7001,0.622047743818962,0.0075098283325489,0.607328750757087,0.636766736880836
2021-09-07,15124,1.24872989080171,0.0107946358123446,1.22757279338329,1.26988698822014
2021-09-08,14157,1.21092223793618,0.0109519592940532,1.18945679215968,1.23238768371267
2021-09-09,12378,1.064207226956,0.010503806847791,1.04362014383376,1.08479431007824
2021-09-10,11139,0.939493851153981,0.0099675785566164,0.919957756169939,0.959029946138023
2021-09-11,8568,0.748975559956328,0.0089246008625277,0.731483663689379,0.766467456223278
2021-09-12,3286,0.292767861530865,0.0055526589892453,0.281884849893511,0.303650873168218
2021-09-13,6861,0.567539057315111,0.0077118118745772,0.552424183785391,0.582653930844831
2021-09-14,13382,1.23060485503098,0.0116027695294857,1.20786384463227,1.25334586542969
2021-09-15,12225,1.22781432051828,0.0120114470144433,1.20427231696776,1.2513563240688
2021-09-16,10265,1.12814960901405,0.0118333754896011,1.1049566192389,1.15134259878921
2021-09-17,8884,1.07136633281809,0.0116881736744393,1.04845793337114,1.09427473226504
2021-09-18,7043,0.81164539637423,0.0101838286870842,0.79168545892282,0.831605333825641
2021-09-19,2780,0.329916053166328,0.0064197667265046,0.31733354159323,0.342498564739426
2021-09-20,5416,0.70410736082617,0.0092758188274726,0.685927089997205,0.722287631655135
2021-09-21,11249,1.58517409523172,0.0141022803270581,1.5575341336908,1.61281405677264
2021-09-22,10449,1.50544588655505,0.0141121771114431,1.47778652767318,1.53310524543693
2021-09-23,9089,1.27857774267804,0.0131193119073473,1.25286436383769,1.30429112151839
2021-09-24,8402,1.10347389931265,0.012052807960227,1.07985082979803,1.12709696882727
2021-09-25,6352,0.774829515955459,0.0098786589639075,0.755467700170647,0.794191331740272
2021-09-26,2641,0.317244468619515,0.0061696898581834,0.305152098701693,0.329336838537336
2021-09-27,5762,0.657861736043418,0.0087489659174701,0.640714077943208,0.675009394143628
2021-09-28,12635,1.46138400574453,0.0132247884699532,1.43546389664026,1.4873041148488
2021-09-29,11380,1.40995253969151,0.0133881059779666,1.38371233415349,1.43619274522953
2021-09-30,9498,1.32997545114544,0.0132213203072917,1.30406213951508,1.3558887627758
2021-10-01,8382,1.20613313213879,0.0125741238084123,1.18148830233715,1.23077796194042
2021-10-02,6152,0.890702295886009,0.0106292386783493,0.869869370893364,0.911535220878654
2021-10-03,2644,0.317413170960789,0.0061823308207836,0.305296025211541,0.329530316710037
2021-10-04,5654,0.717227288825359,0.0090846508689746,0.699421700310048,0.73503287734067
2021-10-05,12211,1.47397326342566,0.0131145546550753,1.44826920862843,1.49967731822289
2021-10-06,11091,1.47099262103696,0.013398152003731,1.44473272565025,1.49725251642367
2021-10-07,10119,1.41354448843509,0.0132939790799948,1.38748876822707,1.43960020864311
2021-10-08,9201,1.37303544188252,0.0130141154877481,1.34752824423589,1.39854263952915
2021-10-09,7022,1.00383227392542,0.0108983518416107,0.982471896825016,1.02519265102582
2021-10-10,2636,0.376986885112801,0.0064605231019608,0.364324492511669,0.389649277713933
2021-10-11,6233,0.842289685739646,0.0093784782105717,0.823908206217132,0.86067116526216
2021-10-12,12632,1.98891401064838,0.0143954225779128,1.96069950085344,2.01712852044333
2021-10-13,12054,1.91687939589255,0.0143154381355473,1.88882165272397,1.94493713906114
2021-10-14,11306,1.80334025537931,0.0137371687553287,1.77641589936932,1.83026461138931
2021-10-15,11131,1.61840522751513,0.0125457769574816,1.59381595652039,1.64299449850986
2021-10-16,8484,1.16151866776715,0.0100750535956939,1.14177192557728,1.18126540995702
2021-10-17,3405,0.404312316804815,0.0056257678752221,0.393286014383997,0.415338619225633
2021-10-18,8066,0.843656799739983,0.0077678070496388,0.828432177683834,0.858881421796132
2021-10-19,19089,1.8444775698393,0.0113733197116691,1.82218627281977,1.86676886685883
2021-10-20,17930,1.94575037766771,0.0117719057387323,1.9226778663904,1.96882288894503
2021-10-21,17233,1.70371790854198,0.0109329553986671,1.68228970971601,1.72514610736795
2021-10-22,16641,1.47707326736711,0.0098397234645049,1.45778776375885,1.49635877097538
2021-10-23,13291,1.01849074072234,0.0077913276363925,1.00322001916326,1.03376146228143
2021-10-24,5165,0.402435102751108,0.0046571773835704,0.393307202809695,0.411563002692521
2021-10-25,11796,0.571683432003699,0.0053507868140442,0.561196082559221,0.582170781448178
2021-10-26,26301,1.2081753013364,0.0077445543544987,1.19299625372527,1.22335434894754
2021-10-27,27320,1.86481387354945,0.0098179379570726,1.84557106875114,1.88405667834777
2021-10-28,24284,1.95953491820175,0.0102682151782685,1.93940958626684,1.97966025013667
2021-10-29,22534,1.78896484674578,0.0097459801157856,1.7698630767248,1.80806661676676
2021-10-30,17088,1.17149174646119,0.0075973249853505,1.15660126311105,1.18638222981132
2021-10-31,7467,0.518030964275684,0.0047555806098194,0.508710197554861,0.527351730996507
2021-11-01,11415,0.952945258470756,0.0061296914307288,0.940931284030184,0.964959232911328
2021-11-02,24337,1.77343979704131,0.0081878494177491,1.75739190707168,1.78948768701093
2021-11-03,36077,1.90952144319961,0.0084785595291973,1.89290377188161,1.92613911451762
2021-11-04,36418,1.81992656672169,0.0081626651874476,1.80392803693643,1.83592509650695
2021-11-05,33694,1.54757091457542,0.0072614309697411,1.5333387713985,1.56180305775234
2021-11-06,23777,1.03762242698801,0.0056597680476581,1.02652948545375,1.04871536852227
2021-11-07,11866,0.531291054005131,0.0038540861578162,0.523737183942497,0.538844924067766
2021-11-08,24169,0.842154424059054,0.004671575985786,0.832998303375871,0.851310544742237
2021-11-09,46913,1.46464690668021,0.0061005246370661,1.45269009810476,1.47660371525566
2021-11-10,50723,1.43416815563258,0.0060769837103075,1.42225748642574,1.44607882483942
2021-11-11,49710,1.01601617086666,0.0051181608829764,1.00598475986894,1.02604758186437
2021-11-12,45421,,,,
2021-11-13,33611,,,,
2021-11-14,19003,,,,
2021-11-15,32498,,,,
2021-11-16,57641,,,,
2021-11-17,55696,,,,
2021-11-18,39407,,,,
